Flight Code, Airline Name                           , Departure Time, Arrival Time, Duration, Stops, Price   , Departure City, Arrival City, Travel Class, Date of Travel
VJ-521     , VietJet Air                            , 20:50         , 11:40       , 14h 50m ,     1,  2279678, Hà Nội        , Hải Phòng   , Phổ thông   , 13/11/2025
VJ-501     , VietJet Air                            , 20:35         , 11:40       , 15h 5m  ,     1,  2279678, Hà Nội        , Hải Phòng   , Phổ thông   , 13/11/2025
VJ-517     , VietJet Air                            , 19:05         , 11:40       , 16h 35m ,     1,  2279678, Hà Nội        , Hải Phòng   , Phổ thông   , 13/11/2025
VJ-521     , VietJet Air                            , 20:50         , 18:30       , 21h 40m ,     1,  2279678, Hà Nội        , Hải Phòng   , Phổ thông   , 13/11/2025
VJ-501     , VietJet Air                            , 20:35         , 18:30       , 21h 55m ,     1,  2279678, Hà Nội        , Hải Phòng   , Phổ thông   , 13/11/2025
VJ-517     , VietJet Air                            , 19:05         , 18:30       , 23h 25m ,     1,  2279678, Hà Nội        , Hải Phòng   , Phổ thông   , 13/11/2025
VJ-503     , VietJet Air                            , 05:55         , 11:40       , 5h 45m  ,     1,  2504578, Hà Nội        , Hải Phòng   , Phổ thông   , 13/11/2025
VU-635     , "Vietravel Airlines, VietJet Air"      , 06:25         , 11:40       , 5h 15m  ,     1,  2505480, Hà Nội        , Hải Phòng   , Phổ thông   , 13/11/2025
VU-639     , "Vietravel Airlines, VietJet Air"      , 16:50         , 11:40       , 18h 50m ,     1,  2630615, Hà Nội        , Hải Phòng   , Phổ thông   , 13/11/2025
VJ-503     , "VietJet Air, Vietnam Airlines"        , 05:55         , 10:45       , 4h 50m  ,     1,  3021799, Hà Nội        , Hải Phòng   , Phổ thông   , 13/11/2025
VN-157     , "Vietnam Airlines, VietJet Air"        , 06:00         , 11:40       , 5h 40m  ,     1,  3087201, Hà Nội        , Hải Phòng   , Phổ thông   , 13/11/2025
VN-157     , Vietnam Airlines                       , 06:00         , 10:45       , 4h 45m  ,     1,  3604422, Hà Nội        , Hải Phòng   , Phổ thông   , 13/11/2025
N/A        , VietJet Air                            , 19:05         , 11:40       , 16h 35m ,     1,  2248895, Hà Nội        , Hải Phòng   , Phổ thông   , 14/11/2025
VJ-517     , VietJet Air                            , 19:05         , 18:30       , 23h 25m ,     1,  2248895, Hà Nội        , Hải Phòng   , Phổ thông   , 14/11/2025
VJ-521     , VietJet Air                            , 20:50         , 11:40       , 14h 50m ,     1,  2279678, Hà Nội        , Hải Phòng   , Phổ thông   , 14/11/2025
VJ-501     , VietJet Air                            , 20:35         , 11:40       , 15h 5m  ,     1,  2279678, Hà Nội        , Hải Phòng   , Phổ thông   , 14/11/2025
VJ-521     , VietJet Air                            , 20:50         , 18:30       , 21h 40m ,     1,  2279678, Hà Nội        , Hải Phòng   , Phổ thông   , 14/11/2025
VJ-501     , VietJet Air                            , 20:35         , 18:30       , 21h 55m ,     1,  2279678, Hà Nội        , Hải Phòng   , Phổ thông   , 14/11/2025
VJ-515     , VietJet Air                            , 16:25         , 11:40       , 19h 15m ,     1,  2497295, Hà Nội        , Hải Phòng   , Phổ thông   , 14/11/2025
VJ-503     , VietJet Air                            , 05:55         , 11:40       , 5h 45m  ,     1,  2504578, Hà Nội        , Hải Phòng   , Phổ thông   , 14/11/2025
VU-635     , "Vietravel Airlines, VietJet Air"      , 06:25         , 11:40       , 5h 15m  ,     1,  2505480, Hà Nội        , Hải Phòng   , Phổ thông   , 14/11/2025
VJ-503     , "VietJet Air, Vietnam Airlines"        , 05:55         , 10:45       , 4h 50m  ,     1,  3021799, Hà Nội        , Hải Phòng   , Phổ thông   , 14/11/2025
VN-157     , "Vietnam Airlines, VietJet Air"        , 06:00         , 11:40       , 5h 40m  ,     1,  3087201, Hà Nội        , Hải Phòng   , Phổ thông   , 14/11/2025
VN-157     , Vietnam Airlines                       , 06:00         , 10:45       , 4h 45m  ,     1,  3604422, Hà Nội        , Hải Phòng   , Phổ thông   , 14/11/2025
VJ-517     , VietJet Air                            , 19:05         , 11:40       , 16h 35m ,     1,  2248895, Hà Nội        , Hải Phòng   , Phổ thông   , 15/11/2025
VJ-517     , VietJet Air                            , 19:05         , 18:30       , 23h 25m ,     1,  2248895, Hà Nội        , Hải Phòng   , Phổ thông   , 15/11/2025
VJ-521     , VietJet Air                            , 20:50         , 11:40       , 14h 50m ,     1,  2279678, Hà Nội        , Hải Phòng   , Phổ thông   , 15/11/2025
VJ-501     , VietJet Air                            , 20:35         , 11:40       , 15h 5m  ,     1,  2279678, Hà Nội        , Hải Phòng   , Phổ thông   , 15/11/2025
VJ-521     , VietJet Air                            , 20:50         , 18:30       , 21h 40m ,     1,  2279678, Hà Nội        , Hải Phòng   , Phổ thông   , 15/11/2025
VJ-501     , VietJet Air                            , 20:35         , 18:30       , 21h 55m ,     1,  2279678, Hà Nội        , Hải Phòng   , Phổ thông   , 15/11/2025
VJ-515     , VietJet Air                            , 16:25         , 11:40       , 19h 15m ,     1,  2497295, Hà Nội        , Hải Phòng   , Phổ thông   , 15/11/2025
VJ-503     , VietJet Air                            , 05:55         , 11:40       , 5h 45m  ,     1,  2504578, Hà Nội        , Hải Phòng   , Phổ thông   , 15/11/2025
VU-635     , "Vietravel Airlines, VietJet Air"      , 06:25         , 11:40       , 5h 15m  ,     1,  2505480, Hà Nội        , Hải Phòng   , Phổ thông   , 15/11/2025
VJ-503     , "VietJet Air, Vietnam Airlines"        , 05:55         , 10:45       , 4h 50m  ,     1,  3021799, Hà Nội        , Hải Phòng   , Phổ thông   , 15/11/2025
VN-157     , "Vietnam Airlines, VietJet Air"        , 06:00         , 11:40       , 5h 40m  ,     1,  3087201, Hà Nội        , Hải Phòng   , Phổ thông   , 15/11/2025
VN-157     , Vietnam Airlines                       , 06:00         , 10:45       , 4h 45m  ,     1,  3604422, Hà Nội        , Hải Phòng   , Phổ thông   , 15/11/2025
VJ-517     , VietJet Air                            , 19:05         , 11:40       , 16h 35m ,     1,  2248895, Hà Nội        , Hải Phòng   , Phổ thông   , 16/11/2025
VJ-517     , VietJet Air                            , 19:05         , 18:30       , 23h 25m ,     1,  2248895, Hà Nội        , Hải Phòng   , Phổ thông   , 16/11/2025
VJ-521     , VietJet Air                            , 20:50         , 11:40       , 14h 50m ,     1,  2279678, Hà Nội        , Hải Phòng   , Phổ thông   , 16/11/2025
VJ-501     , VietJet Air                            , 20:35         , 11:40       , 15h 5m  ,     1,  2279678, Hà Nội        , Hải Phòng   , Phổ thông   , 16/11/2025
VJ-521     , VietJet Air                            , 20:50         , 18:30       , 21h 40m ,     1,  2279678, Hà Nội        , Hải Phòng   , Phổ thông   , 16/11/2025
VJ-501     , VietJet Air                            , 20:35         , 18:30       , 21h 55m ,     1,  2279678, Hà Nội        , Hải Phòng   , Phổ thông   , 16/11/2025
VJ-515     , VietJet Air                            , 16:25         , 11:40       , 19h 15m ,     1,  2497295, Hà Nội        , Hải Phòng   , Phổ thông   , 16/11/2025
VJ-503     , VietJet Air                            , 05:55         , 11:40       , 5h 45m  ,     1,  2504578, Hà Nội        , Hải Phòng   , Phổ thông   , 16/11/2025
VU-635     , "Vietravel Airlines, VietJet Air"      , 06:25         , 11:40       , 5h 15m  ,     1,  2505480, Hà Nội        , Hải Phòng   , Phổ thông   , 16/11/2025
VJ-503     , "VietJet Air, Vietnam Airlines"        , 05:55         , 10:45       , 4h 50m  ,     1,  3021799, Hà Nội        , Hải Phòng   , Phổ thông   , 16/11/2025
VN-157     , "Vietnam Airlines, VietJet Air"        , 06:00         , 11:40       , 5h 40m  ,     1,  3087201, Hà Nội        , Hải Phòng   , Phổ thông   , 16/11/2025
VN-157     , Vietnam Airlines                       , 06:00         , 10:45       , 4h 45m  ,     1,  3604422, Hà Nội        , Hải Phòng   , Phổ thông   , 16/11/2025
QH-299     , Bamboo Airways                         , 23:05         , 07:40       , 8h 35m  ,     1,  2548494, Hà Nội        , Đà Nẵng     , Phổ thông   , 13/11/2025
VJ-517     , VietJet Air                            , 19:05         , 20:25       , 1h 20m  ,     0,  1544600, Hà Nội        , Đà Nẵng     , Phổ thông   , 13/11/2025
VJ-501     , VietJet Air                            , 20:35         , 21:55       , 1h 20m  ,     0,  1575383, Hà Nội        , Đà Nẵng     , Phổ thông   , 13/11/2025
VJ-521     , VietJet Air                            , 20:50         , 22:10       , 1h 20m  ,     0,  1575383, Hà Nội        , Đà Nẵng     , Phổ thông   , 13/11/2025
VJ-515     , VietJet Air                            , 16:25         , 17:45       , 1h 20m  ,     0,  1793000, Hà Nội        , Đà Nẵng     , Phổ thông   , 13/11/2025
VJ-503     , VietJet Air                            , 05:55         , 07:10       , 1h 15m  ,     0,  1813978, Hà Nội        , Đà Nẵng     , Phổ thông   , 13/11/2025
VU-635     , Vietravel Airlines                     , 06:25         , 07:45       , 1h 20m  ,     0,  1814880, Hà Nội        , Đà Nẵng     , Phổ thông   , 13/11/2025
VJ-513     , VietJet Air                            , 13:35         , 14:55       , 1h 20m  ,     0,  1832948, Hà Nội        , Đà Nẵng     , Phổ thông   , 13/11/2025
VJ-511     , VietJet Air                            , 14:20         , 15:40       , 1h 20m  ,     0,  1832948, Hà Nội        , Đà Nẵng     , Phổ thông   , 13/11/2025
VU-639     , Vietravel Airlines                     , 16:50         , 18:10       , 1h 20m  ,     0,  1926320, Hà Nội        , Đà Nẵng     , Phổ thông   , 13/11/2025
VJ-519     , VietJet Air                            , 19:45         , 21:05       , 1h 20m  ,     0,  2134275, Hà Nội        , Đà Nẵng     , Phổ thông   , 13/11/2025
VN-7193    , Vietnam Airlines                       , 21:05         , 22:20       , 1h 15m  ,     0,  2158839, Hà Nội        , Đà Nẵng     , Phổ thông   , 13/11/2025
VN-157     , Vietnam Airlines                       , 06:00         , 07:20       , 1h 20m  ,     0,  2396601, Hà Nội        , Đà Nẵng     , Phổ thông   , 13/11/2025
VJ-507     , VietJet Air                            , 10:30         , 11:50       , 1h 20m  ,     0,  2464101, Hà Nội        , Đà Nẵng     , Phổ thông   , 13/11/2025
VN-195     , Vietnam Airlines                       , 19:50         , 21:10       , 1h 20m  ,     0,  2622056, Hà Nội        , Đà Nẵng     , Phổ thông   , 13/11/2025
QH-103     , Bamboo Airways                         , 07:35         , 09:00       , 1h 25m  ,     0,  3788292, Hà Nội        , Đà Nẵng     , Phổ thông   , 13/11/2025
VJ-171     , "VietJet Air, Vietravel Airlines"      , 01:00         , 10:20       , 9h 20m  ,     1,  2425308, Hà Nội        , Đà Nẵng     , Phổ thông   , 13/11/2025
VJ-161     , "VietJet Air, Vietravel Airlines"      , 00:15         , 10:20       , 10h 5m  ,     1,  2425308, Hà Nội        , Đà Nẵng     , Phổ thông   , 13/11/2025
VJ-171     , VietJet Air                            , 01:00         , 11:05       , 10h 5m  ,     1,  2451200, Hà Nội        , Đà Nẵng     , Phổ thông   , 13/11/2025
QH-299     , Bamboo Airways                         , 23:05         , 07:40       , 8h 35m  ,     1,  2548494, Hà Nội        , Đà Nẵng     , Phổ thông   , 13/11/2025
VJ-171     , "VietJet Air, Bamboo Airways"          , 01:00         , 07:40       , 6h 40m  ,     1,  2667284, Hà Nội        , Đà Nẵng     , Phổ thông   , 13/11/2025
VJ-161     , "VietJet Air, Bamboo Airways"          , 00:15         , 07:40       , 7h 25m  ,     1,  2667284, Hà Nội        , Đà Nẵng     , Phổ thông   , 13/11/2025
VJ-171     , VietJet Air                            , 01:00         , 08:40       , 7h 40m  ,     1,  2796800, Hà Nội        , Đà Nẵng     , Phổ thông   , 13/11/2025
VJ-191     , VietJet Air                            , 15:55         , 22:05       , 6h 10m  ,     1,  2912889, Hà Nội        , Đà Nẵng     , Phổ thông   , 13/11/2025
VJ-171     , "VietJet Air, Vietnam Airlines"        , 01:00         , 08:20       , 7h 20m  ,     1,  2969134, Hà Nội        , Đà Nẵng     , Phổ thông   , 13/11/2025
VJ-171     , "VietJet Air, Vietnam Airlines"        , 01:00         , 07:25       , 6h 25m  ,     1,  2980647, Hà Nội        , Đà Nẵng     , Phổ thông   , 13/11/2025
VJ-161     , "VietJet Air, Vietnam Airlines"        , 00:15         , 07:25       , 7h 10m  ,     1,  2980647, Hà Nội        , Đà Nẵng     , Phổ thông   , 13/11/2025
VJ-123     , VietJet Air                            , 22:10         , 13:00       , 14h 50m ,     1,  2988968, Hà Nội        , Đà Nẵng     , Phổ thông   , 13/11/2025
VJ-199     , VietJet Air                            , 15:55         , 22:05       , 6h 10m  ,     1,  3097102, Hà Nội        , Đà Nẵng     , Phổ thông   , 13/11/2025
VJ-191     , VietJet Air                            , 15:55         , 22:45       , 6h 50m  ,     1,  3144671, Hà Nội        , Đà Nẵng     , Phổ thông   , 13/11/2025
VU-779     , "Vietravel Airlines, VietJet Air"      , 16:10         , 22:05       , 5h 55m  ,     1,  3156802, Hà Nội        , Đà Nẵng     , Phổ thông   , 13/11/2025
QH-283     , Bamboo Airways                         , 22:35         , 10:15       , 11h 40m ,     1,  3185482, Hà Nội        , Đà Nẵng     , Phổ thông   , 13/11/2025
VJ-187     , VietJet Air                            , 22:50         , 07:50       , 9h 0m   ,     1,  3193914, Hà Nội        , Đà Nẵng     , Phổ thông   , 13/11/2025
VJ-123     , VietJet Air                            , 22:10         , 07:50       , 9h 40m  ,     1,  3193914, Hà Nội        , Đà Nẵng     , Phổ thông   , 13/11/2025
VJ-187     , VietJet Air                            , 22:50         , 08:40       , 9h 50m  ,     1,  3193914, Hà Nội        , Đà Nẵng     , Phổ thông   , 13/11/2025
VJ-123     , VietJet Air                            , 22:10         , 08:40       , 10h 30m ,     1,  3193914, Hà Nội        , Đà Nẵng     , Phổ thông   , 13/11/2025
VJ-187     , VietJet Air                            , 22:50         , 09:40       , 10h 50m ,     1,  3193914, Hà Nội        , Đà Nẵng     , Phổ thông   , 13/11/2025
VJ-123     , VietJet Air                            , 22:10         , 09:40       , 11h 30m ,     1,  3193914, Hà Nội        , Đà Nẵng     , Phổ thông   , 13/11/2025
VJ-773     , VietJet Air                            , 08:55         , 20:00       , 11h 5m  ,     1,  3241201, Hà Nội        , Đà Nẵng     , Phổ thông   , 13/11/2025
9G-853     , "SUN PhuQuoc AIRWAYS, VietJet Air"     , 15:15         , 22:05       , 6h 50m  ,     1,  3298291, Hà Nội        , Đà Nẵng     , Phổ thông   , 13/11/2025
VJ-171     , VietJet Air                            , 23:25         , 07:50       , 8h 25m  ,     1,  3332534, Hà Nội        , Đà Nẵng     , Phổ thông   , 13/11/2025
VJ-171     , VietJet Air                            , 23:25         , 08:40       , 9h 15m  ,     1,  3332534, Hà Nội        , Đà Nẵng     , Phổ thông   , 13/11/2025
VJ-161     , VietJet Air                            , 21:50         , 07:50       , 10h 0m  ,     1,  3332534, Hà Nội        , Đà Nẵng     , Phổ thông   , 13/11/2025
VJ-171     , VietJet Air                            , 23:25         , 09:40       , 10h 15m ,     1,  3332534, Hà Nội        , Đà Nẵng     , Phổ thông   , 13/11/2025
VJ-161     , VietJet Air                            , 21:50         , 08:40       , 10h 50m ,     1,  3332534, Hà Nội        , Đà Nẵng     , Phổ thông   , 13/11/2025
VJ-161     , VietJet Air                            , 21:50         , 09:40       , 11h 50m ,     1,  3332534, Hà Nội        , Đà Nẵng     , Phổ thông   , 13/11/2025
VJ-187     , VietJet Air                            , 22:50         , 10:45       , 11h 55m ,     1,  3332534, Hà Nội        , Đà Nẵng     , Phổ thông   , 13/11/2025
VJ-187     , VietJet Air                            , 22:50         , 11:05       , 12h 15m ,     1,  3332534, Hà Nội        , Đà Nẵng     , Phổ thông   , 13/11/2025
VJ-123     , VietJet Air                            , 22:10         , 10:45       , 12h 35m ,     1,  3332534, Hà Nội        , Đà Nẵng     , Phổ thông   , 13/11/2025
VJ-123     , VietJet Air                            , 22:10         , 11:05       , 12h 55m ,     1,  3332534, Hà Nội        , Đà Nẵng     , Phổ thông   , 13/11/2025
VJ-147     , VietJet Air                            , 17:10         , 22:45       , 5h 35m  ,     1,  3357933, Hà Nội        , Đà Nẵng     , Phổ thông   , 13/11/2025
VJ-193     , VietJet Air                            , 18:10         , 00:20       , 6h 10m  ,     1,  3357933, Hà Nội        , Đà Nẵng     , Phổ thông   , 13/11/2025
VJ-163     , VietJet Air                            , 17:20         , 00:20       , 7h 0m   ,     1,  3357933, Hà Nội        , Đà Nẵng     , Phổ thông   , 13/11/2025
VJ-147     , VietJet Air                            , 17:10         , 00:20       , 7h 10m  ,     1,  3357933, Hà Nội        , Đà Nẵng     , Phổ thông   , 13/11/2025
VJ-781     , VietJet Air                            , 13:00         , 20:00       , 7h 0m   ,     1,  3448996, Hà Nội        , Đà Nẵng     , Phổ thông   , 13/11/2025
VJ-155     , VietJet Air                            , 20:05         , 07:50       , 11h 45m ,     1,  3448996, Hà Nội        , Đà Nẵng     , Phổ thông   , 13/11/2025
VJ-155     , VietJet Air                            , 20:05         , 08:40       , 12h 35m ,     1,  3448996, Hà Nội        , Đà Nẵng     , Phổ thông   , 13/11/2025
VJ-173     , VietJet Air                            , 19:05         , 07:50       , 12h 45m ,     1,  3448996, Hà Nội        , Đà Nẵng     , Phổ thông   , 13/11/2025
VJ-173     , VietJet Air                            , 19:05         , 08:40       , 13h 35m ,     1,  3448996, Hà Nội        , Đà Nẵng     , Phổ thông   , 13/11/2025
VJ-171     , VietJet Air                            , 23:25         , 10:45       , 11h 20m ,     1,  3478177, Hà Nội        , Đà Nẵng     , Phổ thông   , 13/11/2025
VJ-171     , VietJet Air                            , 23:25         , 11:05       , 11h 40m ,     1,  3478177, Hà Nội        , Đà Nẵng     , Phổ thông   , 13/11/2025
VJ-161     , VietJet Air                            , 21:50         , 10:45       , 12h 55m ,     1,  3478177, Hà Nội        , Đà Nẵng     , Phổ thông   , 13/11/2025
VJ-161     , VietJet Air                            , 21:50         , 11:05       , 13h 15m ,     1,  3478177, Hà Nội        , Đà Nẵng     , Phổ thông   , 13/11/2025
VJ-171     , VietJet Air                            , 23:25         , 13:00       , 13h 35m ,     1,  3624094, Hà Nội        , Đà Nẵng     , Phổ thông   , 13/11/2025
VJ-771     , VietJet Air                            , 07:35         , 20:00       , 12h 25m ,     1,  3751633, Hà Nội        , Đà Nẵng     , Phổ thông   , 13/11/2025
VN-611     , Vietnam Airlines                       , 09:15         , 19:35       , 10h 20m ,     1,  5128169, Hà Nội        , Đà Nẵng     , Phổ thông   , 13/11/2025
VN-247     , Vietnam Airlines                       , 10:00         , 22:15       , 12h 15m ,     1,  5257407, Hà Nội        , Đà Nẵng     , Phổ thông   , 13/11/2025
VN-249     , Vietnam Airlines                       , 15:30         , 22:15       , 6h 45m  ,     1,  5313201, Hà Nội        , Đà Nẵng     , Phổ thông   , 13/11/2025
VN-243     , Vietnam Airlines                       , 06:00         , 22:15       , 16h 15m ,     1,  5418231, Hà Nội        , Đà Nẵng     , Phổ thông   , 13/11/2025
VN-209     , Vietnam Airlines                       , 09:00         , 22:15       , 13h 15m ,     1,  5469370, Hà Nội        , Đà Nẵng     , Phổ thông   , 13/11/2025
VN-205     , Vietnam Airlines                       , 05:00         , 22:15       , 17h 15m ,     1,  5469370, Hà Nội        , Đà Nẵng     , Phổ thông   , 13/11/2025
VN-207     , Vietnam Airlines                       , 07:00         , 22:15       , 15h 15m ,     1,  5526987, Hà Nội        , Đà Nẵng     , Phổ thông   , 13/11/2025
VN-245     , Vietnam Airlines                       , 08:00         , 22:15       , 14h 15m ,     1,  5648246, Hà Nội        , Đà Nẵng     , Phổ thông   , 13/11/2025
VN-215     , Vietnam Airlines                       , 15:00         , 22:15       , 7h 15m  ,     1,  5723725, Hà Nội        , Đà Nẵng     , Phổ thông   , 13/11/2025
VN-253     , Vietnam Airlines                       , 14:00         , 22:15       , 8h 15m  ,     1,  5723725, Hà Nội        , Đà Nẵng     , Phổ thông   , 13/11/2025
VN-251     , Vietnam Airlines                       , 12:00         , 22:15       , 10h 15m ,     1,  5723725, Hà Nội        , Đà Nẵng     , Phổ thông   , 13/11/2025
VN-211     , Vietnam Airlines                       , 11:00         , 22:15       , 11h 15m ,     1,  5723725, Hà Nội        , Đà Nẵng     , Phổ thông   , 13/11/2025
VN-1575    , Vietnam Airlines                       , 12:00         , 08:55       , 20h 55m ,     1,  5740726, Hà Nội        , Đà Nẵng     , Phổ thông   , 13/11/2025
VN-213     , Vietnam Airlines                       , 13:00         , 22:15       , 9h 15m  ,     1,  5779734, Hà Nội        , Đà Nẵng     , Phổ thông   , 13/11/2025
VN-615     , Vietnam Airlines                       , 12:40         , 19:35       , 6h 55m  ,     1,  5978360, Hà Nội        , Đà Nẵng     , Phổ thông   , 13/11/2025
VJ-443     , VietJet Air                            , 06:00         , 12:30       , 6h 30m  ,     1,  6026010, Hà Nội        , Đà Nẵng     , Phổ thông   , 13/11/2025
VN-217     , Vietnam Airlines                       , 17:00         , 22:15       , 29h 15m ,     1,  6032971, Hà Nội        , Đà Nẵng     , Phổ thông   , 13/11/2025
VN-265     , Vietnam Airlines                       , 20:30         , 07:25       , 10h 55m ,     1,  6156160, Hà Nội        , Đà Nẵng     , Phổ thông   , 13/11/2025
VN-7569    , Vietnam Airlines                       , 12:05         , 20:25       , 8h 20m  ,     1,  6456952, Hà Nội        , Đà Nẵng     , Phổ thông   , 13/11/2025
VN-1573    , Vietnam Airlines                       , 07:00         , 08:55       , 25h 55m ,     1,  6628367, Hà Nội        , Đà Nẵng     , Phổ thông   , 13/11/2025
VN-265     , Vietnam Airlines                       , 20:30         , 08:20       , 11h 50m ,     1,  7223403, Hà Nội        , Đà Nẵng     , Phổ thông   , 13/11/2025
VN-265     , Vietnam Airlines                       , 20:30         , 09:20       , 12h 50m ,     1,  7223403, Hà Nội        , Đà Nẵng     , Phổ thông   , 13/11/2025
VN-1553    , Vietnam Airlines                       , 09:55         , 20:25       , 10h 30m ,     1,  7341591, Hà Nội        , Đà Nẵng     , Phổ thông   , 13/11/2025
VN-265     , Vietnam Airlines                       , 20:30         , 22:15       , 25h 45m ,     1,  7520374, Hà Nội        , Đà Nẵng     , Phổ thông   , 13/11/2025
VN-6025    , Vietnam Airlines                       , 23:00         , 07:25       , 8h 25m  ,     1,  7798511, Hà Nội        , Đà Nẵng     , Phổ thông   , 13/11/2025
VN-267     , Vietnam Airlines                       , 22:00         , 07:25       , 9h 25m  ,     1,  7798511, Hà Nội        , Đà Nẵng     , Phổ thông   , 13/11/2025
VN-267     , Vietnam Airlines                       , 22:00         , 09:20       , 11h 20m ,     1,  7798511, Hà Nội        , Đà Nẵng     , Phổ thông   , 13/11/2025
VN-265     , Vietnam Airlines                       , 20:30         , 12:20       , 15h 50m ,     1,  7813797, Hà Nội        , Đà Nẵng     , Phổ thông   , 13/11/2025
VN-265     , Vietnam Airlines                       , 20:30         , 13:20       , 16h 50m ,     1,  7837914, Hà Nội        , Đà Nẵng     , Phổ thông   , 13/11/2025
VN-265     , Vietnam Airlines                       , 20:30         , 10:45       , 14h 15m ,     1,  8111315, Hà Nội        , Đà Nẵng     , Phổ thông   , 13/11/2025
VN-265     , Vietnam Airlines                       , 20:30         , 11:25       , 14h 55m ,     1,  8111315, Hà Nội        , Đà Nẵng     , Phổ thông   , 13/11/2025
VN-265     , Vietnam Airlines                       , 20:30         , 19:35       , 23h 5m  ,     1,  8111315, Hà Nội        , Đà Nẵng     , Phổ thông   , 13/11/2025
VN-265     , Vietnam Airlines                       , 20:30         , 21:00       , 24h 30m ,     1,  8111315, Hà Nội        , Đà Nẵng     , Phổ thông   , 13/11/2025
VN-227     , Vietnam Airlines                       , 05:45         , 21:05       , 15h 20m ,     1,  8374168, Hà Nội        , Đà Nẵng     , Phổ thông   , 13/11/2025
VN-267     , Vietnam Airlines                       , 22:00         , 08:20       , 10h 20m ,     1,  8408833, Hà Nội        , Đà Nẵng     , Phổ thông   , 13/11/2025
VN-231     , Vietnam Airlines                       , 18:30         , 07:25       , 12h 55m ,     1,  8667864, Hà Nội        , Đà Nẵng     , Phổ thông   , 13/11/2025
VN-257     , Vietnam Airlines                       , 17:30         , 22:15       , 4h 45m  ,     1,  8961014, Hà Nội        , Đà Nẵng     , Phổ thông   , 13/11/2025
VN-227     , Vietnam Airlines                       , 05:45         , 18:05       , 12h 20m ,     1,  8961014, Hà Nội        , Đà Nẵng     , Phổ thông   , 13/11/2025
VN-227     , Vietnam Airlines                       , 05:45         , 22:15       , 16h 30m ,     1,  8961014, Hà Nội        , Đà Nẵng     , Phổ thông   , 13/11/2025
VN-6025    , Vietnam Airlines                       , 23:00         , 08:20       , 9h 20m  ,     1,  8998954, Hà Nội        , Đà Nẵng     , Phổ thông   , 13/11/2025
VN-6025    , Vietnam Airlines                       , 23:00         , 09:20       , 10h 20m ,     1,  8998954, Hà Nội        , Đà Nẵng     , Phổ thông   , 13/11/2025
VN-247     , Vietnam Airlines                       , 10:00         , 21:05       , 11h 5m  ,     1,  8998954, Hà Nội        , Đà Nẵng     , Phổ thông   , 13/11/2025
VN-7215    , Vietnam Airlines                       , 09:25         , 21:05       , 11h 40m ,     1,  8998954, Hà Nội        , Đà Nẵng     , Phổ thông   , 13/11/2025
VN-273     , Vietnam Airlines                       , 16:00         , 21:05       , 5h 5m   ,     1,  9254984, Hà Nội        , Đà Nẵng     , Phổ thông   , 13/11/2025
VN-259     , Vietnam Airlines                       , 18:00         , 07:25       , 13h 25m ,     1,  9254984, Hà Nội        , Đà Nẵng     , Phổ thông   , 13/11/2025
VN-231     , Vietnam Airlines                       , 18:30         , 08:20       , 13h 50m ,     1,  9254984, Hà Nội        , Đà Nẵng     , Phổ thông   , 13/11/2025
VN-257     , Vietnam Airlines                       , 17:30         , 07:25       , 13h 55m ,     1,  9254984, Hà Nội        , Đà Nẵng     , Phổ thông   , 13/11/2025
VN-247     , Vietnam Airlines                       , 10:00         , 18:05       , 8h 5m   ,     1,  9552228, Hà Nội        , Đà Nẵng     , Phổ thông   , 13/11/2025
VN-7215    , Vietnam Airlines                       , 09:25         , 18:05       , 8h 40m  ,     1,  9552228, Hà Nội        , Đà Nẵng     , Phổ thông   , 13/11/2025
VN-243     , Vietnam Airlines                       , 06:00         , 18:05       , 12h 5m  ,     1,  9552228, Hà Nội        , Đà Nẵng     , Phổ thông   , 13/11/2025
VN-205     , Vietnam Airlines                       , 05:00         , 18:05       , 13h 5m  ,     1,  9552228, Hà Nội        , Đà Nẵng     , Phổ thông   , 13/11/2025
VN-273     , Vietnam Airlines                       , 16:00         , 22:15       , 6h 15m  ,     1,  9845651, Hà Nội        , Đà Nẵng     , Phổ thông   , 13/11/2025
VN-257     , Vietnam Airlines                       , 17:30         , 08:20       , 14h 50m ,     1,  9845651, Hà Nội        , Đà Nẵng     , Phổ thông   , 13/11/2025
VN-263     , Vietnam Airlines                       , 20:00         , 07:25       , 11h 25m ,     1, 10139077, Hà Nội        , Đà Nẵng     , Phổ thông   , 13/11/2025
VN-227     , Vietnam Airlines                       , 05:45         , 10:25       , 4h 40m  ,     1, 10206074, Hà Nội        , Đà Nẵng     , Phổ thông   , 13/11/2025
VN-209     , Vietnam Airlines                       , 09:00         , 13:40       , 4h 40m  ,     1, 10206074, Hà Nội        , Đà Nẵng     , Phổ thông   , 13/11/2025
VN-251     , Vietnam Airlines                       , 12:00         , 16:35       , 4h 35m  ,     1, 11100823, Hà Nội        , Đà Nẵng     , Phổ thông   , 13/11/2025
VN-213     , Vietnam Airlines                       , 13:00         , 17:30       , 4h 30m  ,     1, 12284903, Hà Nội        , Đà Nẵng     , Phổ thông   , 13/11/2025
QH-103     , Bamboo Airways                         , 07:35         , 09:00       , 1h 25m  ,     0,  4261950, Hà Nội        , Đà Nẵng     , Thương gia  , 13/11/2025
VN-7193    , Vietnam Airlines                       , 21:05         , 22:20       , 1h 15m  ,     0,  3181598, Hà Nội        , Đà Nẵng     , Thương gia  , 13/11/2025
VN-6071    , Vietnam Airlines                       , 18:20         , 19:45       , 1h 25m  ,     0,  3260519, Hà Nội        , Đà Nẵng     , Thương gia  , 13/11/2025
VN-6081    , Vietnam Airlines                       , 08:15         , 09:40       , 1h 25m  ,     0,  3346185, Hà Nội        , Đà Nẵng     , Thương gia  , 13/11/2025
VN-157     , Vietnam Airlines                       , 06:00         , 07:20       , 1h 20m  ,     0,  3635902, Hà Nội        , Đà Nẵng     , Thương gia  , 13/11/2025
VN-163     , Vietnam Airlines                       , 07:45         , 09:05       , 1h 20m  ,     0,  4066304, Hà Nội        , Đà Nẵng     , Thương gia  , 13/11/2025
VN-169     , Vietnam Airlines                       , 13:00         , 14:20       , 1h 20m  ,     0,  4407708, Hà Nội        , Đà Nẵng     , Thương gia  , 13/11/2025
VN-171     , Vietnam Airlines                       , 13:40         , 15:00       , 1h 20m  ,     0,  4407708, Hà Nội        , Đà Nẵng     , Thương gia  , 13/11/2025
VN-195     , Vietnam Airlines                       , 19:50         , 21:10       , 1h 20m  ,     0,  4407708, Hà Nội        , Đà Nẵng     , Thương gia  , 13/11/2025
VN-165     , Vietnam Airlines                       , 10:10         , 11:35       , 1h 25m  ,     0,  4514885, Hà Nội        , Đà Nẵng     , Thương gia  , 13/11/2025
VN-167     , Vietnam Airlines                       , 11:55         , 13:15       , 1h 20m  ,     0,  4848741, Hà Nội        , Đà Nẵng     , Thương gia  , 13/11/2025
VN-173     , Vietnam Airlines                       , 16:05         , 17:25       , 1h 20m  ,     0,  4848741, Hà Nội        , Đà Nẵng     , Thương gia  , 13/11/2025
QH-299     , Bamboo Airways                         , 23:05         , 07:40       , 8h 35m  ,     1,  2548494, Hà Nội        , Đà Nẵng     , Phổ thông   , 14/11/2025
VJ-501     , VietJet Air                            , 20:35         , 21:55       , 1h 20m  ,     0,  1575383, Hà Nội        , Đà Nẵng     , Phổ thông   , 14/11/2025
VJ-521     , VietJet Air                            , 20:50         , 22:10       , 1h 20m  ,     0,  1575383, Hà Nội        , Đà Nẵng     , Phổ thông   , 14/11/2025
VJ-517     , VietJet Air                            , 19:05         , 20:25       , 1h 20m  ,     0,  1691143, Hà Nội        , Đà Nẵng     , Phổ thông   , 14/11/2025
VJ-519     , VietJet Air                            , 19:45         , 21:05       , 1h 20m  ,     0,  1697726, Hà Nội        , Đà Nẵng     , Phổ thông   , 14/11/2025
VJ-503     , VietJet Air                            , 05:55         , 07:10       , 1h 15m  ,     0,  1813978, Hà Nội        , Đà Nẵng     , Phổ thông   , 14/11/2025
VU-635     , Vietravel Airlines                     , 06:25         , 07:45       , 1h 20m  ,     0,  1814880, Hà Nội        , Đà Nẵng     , Phổ thông   , 14/11/2025
VJ-513     , VietJet Air                            , 13:35         , 14:55       , 1h 20m  ,     0,  1832948, Hà Nội        , Đà Nẵng     , Phổ thông   , 14/11/2025
VJ-511     , VietJet Air                            , 14:20         , 15:40       , 1h 20m  ,     0,  1832948, Hà Nội        , Đà Nẵng     , Phổ thông   , 14/11/2025
VU-639     , Vietravel Airlines                     , 16:50         , 18:10       , 1h 20m  ,     0,  1926320, Hà Nội        , Đà Nẵng     , Phổ thông   , 14/11/2025
VJ-515     , VietJet Air                            , 16:25         , 17:45       , 1h 20m  ,     0,  1978700, Hà Nội        , Đà Nẵng     , Phổ thông   , 14/11/2025
VN-7193    , Vietnam Airlines                       , 21:05         , 22:20       , 1h 15m  ,     0,  2158839, Hà Nội        , Đà Nẵng     , Phổ thông   , 14/11/2025
VN-157     , Vietnam Airlines                       , 06:00         , 07:20       , 1h 20m  ,     0,  2396601, Hà Nội        , Đà Nẵng     , Phổ thông   , 14/11/2025
VJ-507     , VietJet Air                            , 10:30         , 11:50       , 1h 20m  ,     0,  2464101, Hà Nội        , Đà Nẵng     , Phổ thông   , 14/11/2025
VN-195     , Vietnam Airlines                       , 19:50         , 21:10       , 1h 20m  ,     0,  2622056, Hà Nội        , Đà Nẵng     , Phổ thông   , 14/11/2025
QH-103     , Bamboo Airways                         , 07:35         , 09:00       , 1h 25m  ,     0,  3788292, Hà Nội        , Đà Nẵng     , Phổ thông   , 14/11/2025
VJ-161     , "VietJet Air, Vietravel Airlines"      , 00:15         , 10:20       , 10h 5m  ,     1,  2071723, Hà Nội        , Đà Nẵng     , Phổ thông   , 14/11/2025
VJ-161     , VietJet Air                            , 00:15         , 10:45       , 10h 30m ,     1,  2151033, Hà Nội        , Đà Nẵng     , Phổ thông   , 14/11/2025
VJ-161     , VietJet Air                            , 00:15         , 11:05       , 10h 50m ,     1,  2151033, Hà Nội        , Đà Nẵng     , Phổ thông   , 14/11/2025
VJ-161     , "VietJet Air, Bamboo Airways"          , 00:15         , 07:40       , 7h 25m  ,     1,  2313699, Hà Nội        , Đà Nẵng     , Phổ thông   , 14/11/2025
QH-299     , Bamboo Airways                         , 23:05         , 07:40       , 8h 35m  ,     1,  2548494, Hà Nội        , Đà Nẵng     , Phổ thông   , 14/11/2025
VJ-161     , "VietJet Air, Vietnam Airlines"        , 00:15         , 07:25       , 7h 10m  ,     1,  2627062, Hà Nội        , Đà Nẵng     , Phổ thông   , 14/11/2025
VJ-171     , "VietJet Air, Bamboo Airways"          , 01:00         , 07:40       , 6h 40m  ,     1,  2667284, Hà Nội        , Đà Nẵng     , Phổ thông   , 14/11/2025
VJ-171     , VietJet Air                            , 01:00         , 08:40       , 7h 40m  ,     1,  2796800, Hà Nội        , Đà Nẵng     , Phổ thông   , 14/11/2025
VJ-171     , "VietJet Air, Vietnam Airlines"        , 01:00         , 08:20       , 7h 20m  ,     1,  2969134, Hà Nội        , Đà Nẵng     , Phổ thông   , 14/11/2025
VJ-171     , "VietJet Air, Vietnam Airlines"        , 01:00         , 07:25       , 6h 25m  ,     1,  2980647, Hà Nội        , Đà Nẵng     , Phổ thông   , 14/11/2025
VJ-123     , VietJet Air                            , 22:10         , 13:00       , 14h 50m ,     1,  2988968, Hà Nội        , Đà Nẵng     , Phổ thông   , 14/11/2025
VJ-191     , VietJet Air                            , 15:55         , 22:05       , 6h 10m  ,     1,  3067689, Hà Nội        , Đà Nẵng     , Phổ thông   , 14/11/2025
VU-779     , "Vietravel Airlines, VietJet Air"      , 16:10         , 22:05       , 5h 55m  ,     1,  3156802, Hà Nội        , Đà Nẵng     , Phổ thông   , 14/11/2025
QH-283     , Bamboo Airways                         , 22:35         , 10:15       , 11h 40m ,     1,  3185482, Hà Nội        , Đà Nẵng     , Phổ thông   , 14/11/2025
VJ-187     , VietJet Air                            , 22:50         , 07:50       , 9h 0m   ,     1,  3193914, Hà Nội        , Đà Nẵng     , Phổ thông   , 14/11/2025
VJ-123     , VietJet Air                            , 22:10         , 07:50       , 9h 40m  ,     1,  3193914, Hà Nội        , Đà Nẵng     , Phổ thông   , 14/11/2025
VJ-187     , VietJet Air                            , 22:50         , 08:40       , 9h 50m  ,     1,  3193914, Hà Nội        , Đà Nẵng     , Phổ thông   , 14/11/2025
VJ-123     , VietJet Air                            , 22:10         , 08:40       , 10h 30m ,     1,  3193914, Hà Nội        , Đà Nẵng     , Phổ thông   , 14/11/2025
VJ-187     , VietJet Air                            , 22:50         , 09:40       , 10h 50m ,     1,  3193914, Hà Nội        , Đà Nẵng     , Phổ thông   , 14/11/2025
VJ-123     , VietJet Air                            , 22:10         , 09:40       , 11h 30m ,     1,  3193914, Hà Nội        , Đà Nẵng     , Phổ thông   , 14/11/2025
VJ-137     , VietJet Air                            , 11:45         , 19:35       , 7h 50m  ,     1,  3227364, Hà Nội        , Đà Nẵng     , Phổ thông   , 14/11/2025
VJ-773     , VietJet Air                            , 08:55         , 20:00       , 11h 5m  ,     1,  3241201, Hà Nội        , Đà Nẵng     , Phổ thông   , 14/11/2025
VJ-171     , VietJet Air                            , 23:25         , 07:50       , 8h 25m  ,     1,  3332534, Hà Nội        , Đà Nẵng     , Phổ thông   , 14/11/2025
VJ-171     , VietJet Air                            , 23:25         , 08:40       , 9h 15m  ,     1,  3332534, Hà Nội        , Đà Nẵng     , Phổ thông   , 14/11/2025
VJ-161     , VietJet Air                            , 21:50         , 07:50       , 10h 0m  ,     1,  3332534, Hà Nội        , Đà Nẵng     , Phổ thông   , 14/11/2025
VJ-171     , VietJet Air                            , 23:25         , 09:40       , 10h 15m ,     1,  3332534, Hà Nội        , Đà Nẵng     , Phổ thông   , 14/11/2025
VJ-161     , VietJet Air                            , 21:50         , 08:40       , 10h 50m ,     1,  3332534, Hà Nội        , Đà Nẵng     , Phổ thông   , 14/11/2025
VJ-161     , VietJet Air                            , 21:50         , 09:40       , 11h 50m ,     1,  3332534, Hà Nội        , Đà Nẵng     , Phổ thông   , 14/11/2025
VJ-187     , VietJet Air                            , 22:50         , 10:45       , 11h 55m ,     1,  3332534, Hà Nội        , Đà Nẵng     , Phổ thông   , 14/11/2025
VJ-187     , VietJet Air                            , 22:50         , 11:05       , 12h 15m ,     1,  3332534, Hà Nội        , Đà Nẵng     , Phổ thông   , 14/11/2025
VJ-123     , VietJet Air                            , 22:10         , 10:45       , 12h 35m ,     1,  3332534, Hà Nội        , Đà Nẵng     , Phổ thông   , 14/11/2025
VJ-123     , VietJet Air                            , 22:10         , 11:05       , 12h 55m ,     1,  3332534, Hà Nội        , Đà Nẵng     , Phổ thông   , 14/11/2025
VJ-147     , VietJet Air                            , 17:10         , 22:45       , 5h 35m  ,     1,  3357933, Hà Nội        , Đà Nẵng     , Phổ thông   , 14/11/2025
VJ-193     , VietJet Air                            , 18:10         , 00:20       , 6h 10m  ,     1,  3357933, Hà Nội        , Đà Nẵng     , Phổ thông   , 14/11/2025
VJ-163     , VietJet Air                            , 17:20         , 00:20       , 7h 0m   ,     1,  3357933, Hà Nội        , Đà Nẵng     , Phổ thông   , 14/11/2025
VJ-147     , VietJet Air                            , 17:10         , 00:20       , 7h 10m  ,     1,  3357933, Hà Nội        , Đà Nẵng     , Phổ thông   , 14/11/2025
VJ-781     , VietJet Air                            , 13:00         , 20:00       , 7h 0m   ,     1,  3448996, Hà Nội        , Đà Nẵng     , Phổ thông   , 14/11/2025
VJ-155     , VietJet Air                            , 20:05         , 07:50       , 11h 45m ,     1,  3448996, Hà Nội        , Đà Nẵng     , Phổ thông   , 14/11/2025
VJ-155     , VietJet Air                            , 20:05         , 08:40       , 12h 35m ,     1,  3448996, Hà Nội        , Đà Nẵng     , Phổ thông   , 14/11/2025
VJ-173     , VietJet Air                            , 19:05         , 07:50       , 12h 45m ,     1,  3448996, Hà Nội        , Đà Nẵng     , Phổ thông   , 14/11/2025
VJ-173     , VietJet Air                            , 19:05         , 08:40       , 13h 35m ,     1,  3448996, Hà Nội        , Đà Nẵng     , Phổ thông   , 14/11/2025
VJ-171     , VietJet Air                            , 23:25         , 10:45       , 11h 20m ,     1,  3478177, Hà Nội        , Đà Nẵng     , Phổ thông   , 14/11/2025
VJ-171     , VietJet Air                            , 23:25         , 11:05       , 11h 40m ,     1,  3478177, Hà Nội        , Đà Nẵng     , Phổ thông   , 14/11/2025
VJ-161     , VietJet Air                            , 21:50         , 10:45       , 12h 55m ,     1,  3478177, Hà Nội        , Đà Nẵng     , Phổ thông   , 14/11/2025
VJ-161     , VietJet Air                            , 21:50         , 11:05       , 13h 15m ,     1,  3478177, Hà Nội        , Đà Nẵng     , Phổ thông   , 14/11/2025
VJ-171     , VietJet Air                            , 23:25         , 13:00       , 13h 35m ,     1,  3624094, Hà Nội        , Đà Nẵng     , Phổ thông   , 14/11/2025
VJ-771     , VietJet Air                            , 07:35         , 20:00       , 12h 25m ,     1,  3751633, Hà Nội        , Đà Nẵng     , Phổ thông   , 14/11/2025
VN-611     , Vietnam Airlines                       , 09:15         , 19:35       , 10h 20m ,     1,  5128169, Hà Nội        , Đà Nẵng     , Phổ thông   , 14/11/2025
VN-247     , Vietnam Airlines                       , 10:00         , 22:15       , 12h 15m ,     1,  5257407, Hà Nội        , Đà Nẵng     , Phổ thông   , 14/11/2025
VN-249     , Vietnam Airlines                       , 15:30         , 22:15       , 6h 45m  ,     1,  5313201, Hà Nội        , Đà Nẵng     , Phổ thông   , 14/11/2025
VN-243     , Vietnam Airlines                       , 06:00         , 22:15       , 16h 15m ,     1,  5418231, Hà Nội        , Đà Nẵng     , Phổ thông   , 14/11/2025
VN-205     , Vietnam Airlines                       , 05:00         , 22:15       , 17h 15m ,     1,  5469370, Hà Nội        , Đà Nẵng     , Phổ thông   , 14/11/2025
VN-209     , Vietnam Airlines                       , 09:00         , 22:15       , 13h 15m ,     1,  5483031, Hà Nội        , Đà Nẵng     , Phổ thông   , 14/11/2025
VN-207     , Vietnam Airlines                       , 07:00         , 22:15       , 15h 15m ,     1,  5526987, Hà Nội        , Đà Nẵng     , Phổ thông   , 14/11/2025
VN-245     , Vietnam Airlines                       , 08:00         , 22:15       , 14h 15m ,     1,  5648246, Hà Nội        , Đà Nẵng     , Phổ thông   , 14/11/2025
VN-253     , Vietnam Airlines                       , 14:00         , 22:15       , 8h 15m  ,     1,  5723725, Hà Nội        , Đà Nẵng     , Phổ thông   , 14/11/2025
VN-251     , Vietnam Airlines                       , 12:00         , 22:15       , 10h 15m ,     1,  5723725, Hà Nội        , Đà Nẵng     , Phổ thông   , 14/11/2025
VN-211     , Vietnam Airlines                       , 11:00         , 22:15       , 11h 15m ,     1,  5723725, Hà Nội        , Đà Nẵng     , Phổ thông   , 14/11/2025
VN-1575    , Vietnam Airlines                       , 12:00         , 08:55       , 20h 55m ,     1,  5740726, Hà Nội        , Đà Nẵng     , Phổ thông   , 14/11/2025
VN-213     , Vietnam Airlines                       , 13:00         , 22:15       , 9h 15m  ,     1,  5779734, Hà Nội        , Đà Nẵng     , Phổ thông   , 14/11/2025
VN-615     , Vietnam Airlines                       , 12:40         , 19:35       , 6h 55m  ,     1,  5978360, Hà Nội        , Đà Nẵng     , Phổ thông   , 14/11/2025
VJ-443     , VietJet Air                            , 06:00         , 12:30       , 6h 30m  ,     1,  6026010, Hà Nội        , Đà Nẵng     , Phổ thông   , 14/11/2025
VN-217     , Vietnam Airlines                       , 17:00         , 22:15       , 29h 15m ,     1,  6032971, Hà Nội        , Đà Nẵng     , Phổ thông   , 14/11/2025
VN-265     , Vietnam Airlines                       , 20:30         , 07:25       , 10h 55m ,     1,  6156160, Hà Nội        , Đà Nẵng     , Phổ thông   , 14/11/2025
VN-7569    , Vietnam Airlines                       , 12:05         , 20:25       , 8h 20m  ,     1,  6456952, Hà Nội        , Đà Nẵng     , Phổ thông   , 14/11/2025
VN-1573    , Vietnam Airlines                       , 07:00         , 08:55       , 25h 55m ,     1,  6628367, Hà Nội        , Đà Nẵng     , Phổ thông   , 14/11/2025
VN-265     , Vietnam Airlines                       , 20:30         , 08:20       , 11h 50m ,     1,  7223403, Hà Nội        , Đà Nẵng     , Phổ thông   , 14/11/2025
VN-265     , Vietnam Airlines                       , 20:30         , 09:20       , 12h 50m ,     1,  7223403, Hà Nội        , Đà Nẵng     , Phổ thông   , 14/11/2025
VN-1553    , Vietnam Airlines                       , 09:55         , 20:25       , 10h 30m ,     1,  7341591, Hà Nội        , Đà Nẵng     , Phổ thông   , 14/11/2025
VN-265     , Vietnam Airlines                       , 20:30         , 22:15       , 25h 45m ,     1,  7520374, Hà Nội        , Đà Nẵng     , Phổ thông   , 14/11/2025
VN-6025    , Vietnam Airlines                       , 23:00         , 07:25       , 8h 25m  ,     1,  7798511, Hà Nội        , Đà Nẵng     , Phổ thông   , 14/11/2025
VN-267     , Vietnam Airlines                       , 22:00         , 07:25       , 9h 25m  ,     1,  7798511, Hà Nội        , Đà Nẵng     , Phổ thông   , 14/11/2025
VN-267     , Vietnam Airlines                       , 22:00         , 09:20       , 11h 20m ,     1,  7798511, Hà Nội        , Đà Nẵng     , Phổ thông   , 14/11/2025
VN-265     , Vietnam Airlines                       , 20:30         , 12:20       , 15h 50m ,     1,  7813797, Hà Nội        , Đà Nẵng     , Phổ thông   , 14/11/2025
VN-265     , Vietnam Airlines                       , 20:30         , 13:20       , 16h 50m ,     1,  7837914, Hà Nội        , Đà Nẵng     , Phổ thông   , 14/11/2025
VN-265     , Vietnam Airlines                       , 20:30         , 10:45       , 14h 15m ,     1,  8111315, Hà Nội        , Đà Nẵng     , Phổ thông   , 14/11/2025
VN-265     , Vietnam Airlines                       , 20:30         , 11:25       , 14h 55m ,     1,  8111315, Hà Nội        , Đà Nẵng     , Phổ thông   , 14/11/2025
VN-265     , Vietnam Airlines                       , 20:30         , 19:35       , 23h 5m  ,     1,  8111315, Hà Nội        , Đà Nẵng     , Phổ thông   , 14/11/2025
VN-265     , Vietnam Airlines                       , 20:30         , 21:00       , 24h 30m ,     1,  8111315, Hà Nội        , Đà Nẵng     , Phổ thông   , 14/11/2025
VN-227     , Vietnam Airlines                       , 05:45         , 21:05       , 15h 20m ,     1,  8374168, Hà Nội        , Đà Nẵng     , Phổ thông   , 14/11/2025
VN-267     , Vietnam Airlines                       , 22:00         , 08:20       , 10h 20m ,     1,  8408833, Hà Nội        , Đà Nẵng     , Phổ thông   , 14/11/2025
VN-231     , Vietnam Airlines                       , 18:30         , 07:25       , 12h 55m ,     1,  8667864, Hà Nội        , Đà Nẵng     , Phổ thông   , 14/11/2025
VN-257     , Vietnam Airlines                       , 17:30         , 22:15       , 4h 45m  ,     1,  8961014, Hà Nội        , Đà Nẵng     , Phổ thông   , 14/11/2025
VN-227     , Vietnam Airlines                       , 05:45         , 18:05       , 12h 20m ,     1,  8961014, Hà Nội        , Đà Nẵng     , Phổ thông   , 14/11/2025
VN-227     , Vietnam Airlines                       , 05:45         , 22:15       , 16h 30m ,     1,  8961014, Hà Nội        , Đà Nẵng     , Phổ thông   , 14/11/2025
VN-6025    , Vietnam Airlines                       , 23:00         , 08:20       , 9h 20m  ,     1,  8998954, Hà Nội        , Đà Nẵng     , Phổ thông   , 14/11/2025
VN-6025    , Vietnam Airlines                       , 23:00         , 09:20       , 10h 20m ,     1,  8998954, Hà Nội        , Đà Nẵng     , Phổ thông   , 14/11/2025
VN-247     , Vietnam Airlines                       , 10:00         , 21:05       , 11h 5m  ,     1,  8998954, Hà Nội        , Đà Nẵng     , Phổ thông   , 14/11/2025
VN-7215    , Vietnam Airlines                       , 09:25         , 21:05       , 11h 40m ,     1,  8998954, Hà Nội        , Đà Nẵng     , Phổ thông   , 14/11/2025
VN-273     , Vietnam Airlines                       , 16:00         , 21:05       , 5h 5m   ,     1,  9254984, Hà Nội        , Đà Nẵng     , Phổ thông   , 14/11/2025
VN-259     , Vietnam Airlines                       , 18:00         , 07:25       , 13h 25m ,     1,  9254984, Hà Nội        , Đà Nẵng     , Phổ thông   , 14/11/2025
VN-231     , Vietnam Airlines                       , 18:30         , 08:20       , 13h 50m ,     1,  9254984, Hà Nội        , Đà Nẵng     , Phổ thông   , 14/11/2025
VN-257     , Vietnam Airlines                       , 17:30         , 07:25       , 13h 55m ,     1,  9254984, Hà Nội        , Đà Nẵng     , Phổ thông   , 14/11/2025
VN-215     , Vietnam Airlines                       , 15:00         , 22:15       , 7h 15m  ,     1,  9379209, Hà Nội        , Đà Nẵng     , Phổ thông   , 14/11/2025
VN-247     , Vietnam Airlines                       , 10:00         , 18:05       , 8h 5m   ,     1,  9552228, Hà Nội        , Đà Nẵng     , Phổ thông   , 14/11/2025
VN-7215    , Vietnam Airlines                       , 09:25         , 18:05       , 8h 40m  ,     1,  9552228, Hà Nội        , Đà Nẵng     , Phổ thông   , 14/11/2025
VN-243     , Vietnam Airlines                       , 06:00         , 18:05       , 12h 5m  ,     1,  9552228, Hà Nội        , Đà Nẵng     , Phổ thông   , 14/11/2025
VN-205     , Vietnam Airlines                       , 05:00         , 18:05       , 13h 5m  ,     1,  9552228, Hà Nội        , Đà Nẵng     , Phổ thông   , 14/11/2025
VN-273     , Vietnam Airlines                       , 16:00         , 22:15       , 6h 15m  ,     1,  9845651, Hà Nội        , Đà Nẵng     , Phổ thông   , 14/11/2025
VN-257     , Vietnam Airlines                       , 17:30         , 08:20       , 14h 50m ,     1,  9845651, Hà Nội        , Đà Nẵng     , Phổ thông   , 14/11/2025
VN-263     , Vietnam Airlines                       , 20:00         , 07:25       , 11h 25m ,     1, 10139077, Hà Nội        , Đà Nẵng     , Phổ thông   , 14/11/2025
VN-227     , Vietnam Airlines                       , 05:45         , 10:25       , 4h 40m  ,     1, 10206074, Hà Nội        , Đà Nẵng     , Phổ thông   , 14/11/2025
VN-209     , Vietnam Airlines                       , 09:00         , 13:40       , 4h 40m  ,     1, 10206074, Hà Nội        , Đà Nẵng     , Phổ thông   , 14/11/2025
VN-251     , Vietnam Airlines                       , 12:00         , 16:35       , 4h 35m  ,     1, 11100823, Hà Nội        , Đà Nẵng     , Phổ thông   , 14/11/2025
VN-213     , Vietnam Airlines                       , 13:00         , 17:30       , 4h 30m  ,     1, 12284903, Hà Nội        , Đà Nẵng     , Phổ thông   , 14/11/2025
QH-103     , Bamboo Airways                         , 07:35         , 09:00       , 1h 25m  ,     0,  4261950, Hà Nội        , Đà Nẵng     , Thương gia  , 14/11/2025
VN-7193    , Vietnam Airlines                       , 21:05         , 22:20       , 1h 15m  ,     0,  3181598, Hà Nội        , Đà Nẵng     , Thương gia  , 14/11/2025
VN-6071    , Vietnam Airlines                       , 18:20         , 19:45       , 1h 25m  ,     0,  3260519, Hà Nội        , Đà Nẵng     , Thương gia  , 14/11/2025
VN-6081    , Vietnam Airlines                       , 08:15         , 09:40       , 1h 25m  ,     0,  3346185, Hà Nội        , Đà Nẵng     , Thương gia  , 14/11/2025
VN-157     , Vietnam Airlines                       , 06:00         , 07:20       , 1h 20m  ,     0,  3635902, Hà Nội        , Đà Nẵng     , Thương gia  , 14/11/2025
VN-163     , Vietnam Airlines                       , 07:45         , 09:05       , 1h 20m  ,     0,  4066304, Hà Nội        , Đà Nẵng     , Thương gia  , 14/11/2025
VN-169     , Vietnam Airlines                       , 13:00         , 14:20       , 1h 20m  ,     0,  4407708, Hà Nội        , Đà Nẵng     , Thương gia  , 14/11/2025
VN-171     , Vietnam Airlines                       , 13:40         , 15:00       , 1h 20m  ,     0,  4407708, Hà Nội        , Đà Nẵng     , Thương gia  , 14/11/2025
VN-195     , Vietnam Airlines                       , 19:50         , 21:10       , 1h 20m  ,     0,  4407708, Hà Nội        , Đà Nẵng     , Thương gia  , 14/11/2025
VN-165     , Vietnam Airlines                       , 10:10         , 11:35       , 1h 25m  ,     0,  4514885, Hà Nội        , Đà Nẵng     , Thương gia  , 14/11/2025
VN-167     , Vietnam Airlines                       , 11:55         , 13:15       , 1h 20m  ,     0,  4848741, Hà Nội        , Đà Nẵng     , Thương gia  , 14/11/2025
VN-173     , Vietnam Airlines                       , 16:05         , 17:25       , 1h 20m  ,     0,  4848741, Hà Nội        , Đà Nẵng     , Thương gia  , 14/11/2025
QH-299     , Bamboo Airways                         , 23:05         , 07:40       , 8h 35m  ,     1,  2548494, Hà Nội        , Đà Nẵng     , Phổ thông   , 15/11/2025
VJ-501     , VietJet Air                            , 20:35         , 21:55       , 1h 20m  ,     0,  1575383, Hà Nội        , Đà Nẵng     , Phổ thông   , 15/11/2025
VJ-521     , VietJet Air                            , 20:50         , 22:10       , 1h 20m  ,     0,  1575383, Hà Nội        , Đà Nẵng     , Phổ thông   , 15/11/2025
VJ-517     , VietJet Air                            , 19:05         , 20:25       , 1h 20m  ,     0,  1691143, Hà Nội        , Đà Nẵng     , Phổ thông   , 15/11/2025
VJ-519     , VietJet Air                            , 19:45         , 21:05       , 1h 20m  ,     0,  1697726, Hà Nội        , Đà Nẵng     , Phổ thông   , 15/11/2025
VJ-503     , VietJet Air                            , 05:55         , 07:10       , 1h 15m  ,     0,  1813978, Hà Nội        , Đà Nẵng     , Phổ thông   , 15/11/2025
VU-635     , Vietravel Airlines                     , 06:25         , 07:45       , 1h 20m  ,     0,  1814880, Hà Nội        , Đà Nẵng     , Phổ thông   , 15/11/2025
VJ-513     , VietJet Air                            , 13:35         , 14:55       , 1h 20m  ,     0,  1832948, Hà Nội        , Đà Nẵng     , Phổ thông   , 15/11/2025
VJ-511     , VietJet Air                            , 14:20         , 15:40       , 1h 20m  ,     0,  1832948, Hà Nội        , Đà Nẵng     , Phổ thông   , 15/11/2025
VU-639     , Vietravel Airlines                     , 16:50         , 18:10       , 1h 20m  ,     0,  1926320, Hà Nội        , Đà Nẵng     , Phổ thông   , 15/11/2025
VJ-515     , VietJet Air                            , 16:25         , 17:45       , 1h 20m  ,     0,  1978700, Hà Nội        , Đà Nẵng     , Phổ thông   , 15/11/2025
VN-7193    , Vietnam Airlines                       , 21:05         , 22:20       , 1h 15m  ,     0,  2158839, Hà Nội        , Đà Nẵng     , Phổ thông   , 15/11/2025
VN-157     , Vietnam Airlines                       , 06:00         , 07:20       , 1h 20m  ,     0,  2396601, Hà Nội        , Đà Nẵng     , Phổ thông   , 15/11/2025
VJ-507     , VietJet Air                            , 10:30         , 11:50       , 1h 20m  ,     0,  2464101, Hà Nội        , Đà Nẵng     , Phổ thông   , 15/11/2025
VN-195     , Vietnam Airlines                       , 19:50         , 21:10       , 1h 20m  ,     0,  2622056, Hà Nội        , Đà Nẵng     , Phổ thông   , 15/11/2025
QH-103     , Bamboo Airways                         , 07:35         , 09:00       , 1h 25m  ,     0,  3788292, Hà Nội        , Đà Nẵng     , Phổ thông   , 15/11/2025
VJ-161     , "VietJet Air, Vietravel Airlines"      , 00:15         , 10:20       , 10h 5m  ,     1,  2071723, Hà Nội        , Đà Nẵng     , Phổ thông   , 15/11/2025
VJ-161     , VietJet Air                            , 00:15         , 10:45       , 10h 30m ,     1,  2151033, Hà Nội        , Đà Nẵng     , Phổ thông   , 15/11/2025
VJ-161     , VietJet Air                            , 00:15         , 11:05       , 10h 50m ,     1,  2151033, Hà Nội        , Đà Nẵng     , Phổ thông   , 15/11/2025
VJ-161     , "VietJet Air, Bamboo Airways"          , 00:15         , 07:40       , 7h 25m  ,     1,  2313699, Hà Nội        , Đà Nẵng     , Phổ thông   , 15/11/2025
QH-299     , Bamboo Airways                         , 23:05         , 07:40       , 8h 35m  ,     1,  2548494, Hà Nội        , Đà Nẵng     , Phổ thông   , 15/11/2025
VJ-161     , "VietJet Air, Vietnam Airlines"        , 00:15         , 07:25       , 7h 10m  ,     1,  2627062, Hà Nội        , Đà Nẵng     , Phổ thông   , 15/11/2025
VJ-171     , "VietJet Air, Bamboo Airways"          , 01:00         , 07:40       , 6h 40m  ,     1,  2667284, Hà Nội        , Đà Nẵng     , Phổ thông   , 15/11/2025
VJ-171     , VietJet Air                            , 01:00         , 08:40       , 7h 40m  ,     1,  2796800, Hà Nội        , Đà Nẵng     , Phổ thông   , 15/11/2025
VJ-171     , "VietJet Air, Vietnam Airlines"        , 01:00         , 08:20       , 7h 20m  ,     1,  2969134, Hà Nội        , Đà Nẵng     , Phổ thông   , 15/11/2025
VJ-171     , "VietJet Air, Vietnam Airlines"        , 01:00         , 07:25       , 6h 25m  ,     1,  2980647, Hà Nội        , Đà Nẵng     , Phổ thông   , 15/11/2025
VJ-123     , VietJet Air                            , 22:10         , 13:00       , 14h 50m ,     1,  2988968, Hà Nội        , Đà Nẵng     , Phổ thông   , 15/11/2025
VJ-191     , VietJet Air                            , 15:55         , 22:05       , 6h 10m  ,     1,  3067689, Hà Nội        , Đà Nẵng     , Phổ thông   , 15/11/2025
VU-779     , "Vietravel Airlines, VietJet Air"      , 16:10         , 22:05       , 5h 55m  ,     1,  3156802, Hà Nội        , Đà Nẵng     , Phổ thông   , 15/11/2025
QH-283     , Bamboo Airways                         , 22:35         , 10:15       , 11h 40m ,     1,  3185482, Hà Nội        , Đà Nẵng     , Phổ thông   , 15/11/2025
VJ-187     , VietJet Air                            , 22:50         , 07:50       , 9h 0m   ,     1,  3193914, Hà Nội        , Đà Nẵng     , Phổ thông   , 15/11/2025
VJ-123     , VietJet Air                            , 22:10         , 07:50       , 9h 40m  ,     1,  3193914, Hà Nội        , Đà Nẵng     , Phổ thông   , 15/11/2025
VJ-187     , VietJet Air                            , 22:50         , 08:40       , 9h 50m  ,     1,  3193914, Hà Nội        , Đà Nẵng     , Phổ thông   , 15/11/2025
VJ-123     , VietJet Air                            , 22:10         , 08:40       , 10h 30m ,     1,  3193914, Hà Nội        , Đà Nẵng     , Phổ thông   , 15/11/2025
VJ-187     , VietJet Air                            , 22:50         , 09:40       , 10h 50m ,     1,  3193914, Hà Nội        , Đà Nẵng     , Phổ thông   , 15/11/2025
VJ-123     , VietJet Air                            , 22:10         , 09:40       , 11h 30m ,     1,  3193914, Hà Nội        , Đà Nẵng     , Phổ thông   , 15/11/2025
VJ-137     , VietJet Air                            , 11:45         , 19:35       , 7h 50m  ,     1,  3227364, Hà Nội        , Đà Nẵng     , Phổ thông   , 15/11/2025
VJ-773     , VietJet Air                            , 08:55         , 20:00       , 11h 5m  ,     1,  3241201, Hà Nội        , Đà Nẵng     , Phổ thông   , 15/11/2025
VJ-171     , VietJet Air                            , 23:25         , 07:50       , 8h 25m  ,     1,  3332534, Hà Nội        , Đà Nẵng     , Phổ thông   , 15/11/2025
VJ-171     , VietJet Air                            , 23:25         , 08:40       , 9h 15m  ,     1,  3332534, Hà Nội        , Đà Nẵng     , Phổ thông   , 15/11/2025
VJ-161     , VietJet Air                            , 21:50         , 07:50       , 10h 0m  ,     1,  3332534, Hà Nội        , Đà Nẵng     , Phổ thông   , 15/11/2025
VJ-171     , VietJet Air                            , 23:25         , 09:40       , 10h 15m ,     1,  3332534, Hà Nội        , Đà Nẵng     , Phổ thông   , 15/11/2025
VJ-161     , VietJet Air                            , 21:50         , 08:40       , 10h 50m ,     1,  3332534, Hà Nội        , Đà Nẵng     , Phổ thông   , 15/11/2025
VJ-161     , VietJet Air                            , 21:50         , 09:40       , 11h 50m ,     1,  3332534, Hà Nội        , Đà Nẵng     , Phổ thông   , 15/11/2025
VJ-187     , VietJet Air                            , 22:50         , 10:45       , 11h 55m ,     1,  3332534, Hà Nội        , Đà Nẵng     , Phổ thông   , 15/11/2025
VJ-187     , VietJet Air                            , 22:50         , 11:05       , 12h 15m ,     1,  3332534, Hà Nội        , Đà Nẵng     , Phổ thông   , 15/11/2025
VJ-123     , VietJet Air                            , 22:10         , 10:45       , 12h 35m ,     1,  3332534, Hà Nội        , Đà Nẵng     , Phổ thông   , 15/11/2025
VJ-123     , VietJet Air                            , 22:10         , 11:05       , 12h 55m ,     1,  3332534, Hà Nội        , Đà Nẵng     , Phổ thông   , 15/11/2025
VJ-147     , VietJet Air                            , 17:10         , 22:45       , 5h 35m  ,     1,  3357933, Hà Nội        , Đà Nẵng     , Phổ thông   , 15/11/2025
VJ-193     , VietJet Air                            , 18:10         , 00:20       , 6h 10m  ,     1,  3357933, Hà Nội        , Đà Nẵng     , Phổ thông   , 15/11/2025
VJ-163     , VietJet Air                            , 17:20         , 00:20       , 7h 0m   ,     1,  3357933, Hà Nội        , Đà Nẵng     , Phổ thông   , 15/11/2025
VJ-147     , VietJet Air                            , 17:10         , 00:20       , 7h 10m  ,     1,  3357933, Hà Nội        , Đà Nẵng     , Phổ thông   , 15/11/2025
VJ-781     , VietJet Air                            , 13:00         , 20:00       , 7h 0m   ,     1,  3448996, Hà Nội        , Đà Nẵng     , Phổ thông   , 15/11/2025
VJ-155     , VietJet Air                            , 20:05         , 07:50       , 11h 45m ,     1,  3448996, Hà Nội        , Đà Nẵng     , Phổ thông   , 15/11/2025
VJ-155     , VietJet Air                            , 20:05         , 08:40       , 12h 35m ,     1,  3448996, Hà Nội        , Đà Nẵng     , Phổ thông   , 15/11/2025
VJ-173     , VietJet Air                            , 19:05         , 07:50       , 12h 45m ,     1,  3448996, Hà Nội        , Đà Nẵng     , Phổ thông   , 15/11/2025
VJ-173     , VietJet Air                            , 19:05         , 08:40       , 13h 35m ,     1,  3448996, Hà Nội        , Đà Nẵng     , Phổ thông   , 15/11/2025
VJ-171     , VietJet Air                            , 23:25         , 10:45       , 11h 20m ,     1,  3478177, Hà Nội        , Đà Nẵng     , Phổ thông   , 15/11/2025
VJ-171     , VietJet Air                            , 23:25         , 11:05       , 11h 40m ,     1,  3478177, Hà Nội        , Đà Nẵng     , Phổ thông   , 15/11/2025
VJ-161     , VietJet Air                            , 21:50         , 10:45       , 12h 55m ,     1,  3478177, Hà Nội        , Đà Nẵng     , Phổ thông   , 15/11/2025
VJ-161     , VietJet Air                            , 21:50         , 11:05       , 13h 15m ,     1,  3478177, Hà Nội        , Đà Nẵng     , Phổ thông   , 15/11/2025
VJ-171     , VietJet Air                            , 23:25         , 13:00       , 13h 35m ,     1,  3624094, Hà Nội        , Đà Nẵng     , Phổ thông   , 15/11/2025
VJ-771     , VietJet Air                            , 07:35         , 20:00       , 12h 25m ,     1,  3751633, Hà Nội        , Đà Nẵng     , Phổ thông   , 15/11/2025
VN-611     , Vietnam Airlines                       , 09:15         , 19:35       , 10h 20m ,     1,  5128169, Hà Nội        , Đà Nẵng     , Phổ thông   , 15/11/2025
VN-247     , Vietnam Airlines                       , 10:00         , 22:15       , 12h 15m ,     1,  5257407, Hà Nội        , Đà Nẵng     , Phổ thông   , 15/11/2025
VN-249     , Vietnam Airlines                       , 15:30         , 22:15       , 6h 45m  ,     1,  5418231, Hà Nội        , Đà Nẵng     , Phổ thông   , 15/11/2025
VN-243     , Vietnam Airlines                       , 06:00         , 22:15       , 16h 15m ,     1,  5418231, Hà Nội        , Đà Nẵng     , Phổ thông   , 15/11/2025
VN-205     , Vietnam Airlines                       , 05:00         , 22:15       , 17h 15m ,     1,  5469370, Hà Nội        , Đà Nẵng     , Phổ thông   , 15/11/2025
VN-209     , Vietnam Airlines                       , 09:00         , 22:15       , 13h 15m ,     1,  5483031, Hà Nội        , Đà Nẵng     , Phổ thông   , 15/11/2025
VN-207     , Vietnam Airlines                       , 07:00         , 22:15       , 15h 15m ,     1,  5526987, Hà Nội        , Đà Nẵng     , Phổ thông   , 15/11/2025
VN-245     , Vietnam Airlines                       , 08:00         , 22:15       , 14h 15m ,     1,  5648246, Hà Nội        , Đà Nẵng     , Phổ thông   , 15/11/2025
VN-253     , Vietnam Airlines                       , 14:00         , 22:15       , 8h 15m  ,     1,  5723725, Hà Nội        , Đà Nẵng     , Phổ thông   , 15/11/2025
VN-251     , Vietnam Airlines                       , 12:00         , 22:15       , 10h 15m ,     1,  5723725, Hà Nội        , Đà Nẵng     , Phổ thông   , 15/11/2025
VN-211     , Vietnam Airlines                       , 11:00         , 22:15       , 11h 15m ,     1,  5723725, Hà Nội        , Đà Nẵng     , Phổ thông   , 15/11/2025
VN-1575    , Vietnam Airlines                       , 12:00         , 08:55       , 20h 55m ,     1,  5740726, Hà Nội        , Đà Nẵng     , Phổ thông   , 15/11/2025
VN-213     , Vietnam Airlines                       , 13:00         , 22:15       , 9h 15m  ,     1,  5779734, Hà Nội        , Đà Nẵng     , Phổ thông   , 15/11/2025
VN-215     , Vietnam Airlines                       , 15:00         , 22:15       , 7h 15m  ,     1,  5900514, Hà Nội        , Đà Nẵng     , Phổ thông   , 15/11/2025
VN-615     , Vietnam Airlines                       , 12:40         , 19:35       , 6h 55m  ,     1,  5978360, Hà Nội        , Đà Nẵng     , Phổ thông   , 15/11/2025
VJ-443     , VietJet Air                            , 06:00         , 12:30       , 6h 30m  ,     1,  6026010, Hà Nội        , Đà Nẵng     , Phổ thông   , 15/11/2025
VN-217     , Vietnam Airlines                       , 17:00         , 22:15       , 29h 15m ,     1,  6032971, Hà Nội        , Đà Nẵng     , Phổ thông   , 15/11/2025
VN-265     , Vietnam Airlines                       , 20:30         , 07:25       , 10h 55m ,     1,  6156160, Hà Nội        , Đà Nẵng     , Phổ thông   , 15/11/2025
VN-7569    , Vietnam Airlines                       , 12:05         , 20:25       , 8h 20m  ,     1,  6456952, Hà Nội        , Đà Nẵng     , Phổ thông   , 15/11/2025
VN-1573    , Vietnam Airlines                       , 07:00         , 08:55       , 25h 55m ,     1,  6628367, Hà Nội        , Đà Nẵng     , Phổ thông   , 15/11/2025
VN-265     , Vietnam Airlines                       , 20:30         , 08:20       , 11h 50m ,     1,  7223403, Hà Nội        , Đà Nẵng     , Phổ thông   , 15/11/2025
VN-265     , Vietnam Airlines                       , 20:30         , 09:20       , 12h 50m ,     1,  7223403, Hà Nội        , Đà Nẵng     , Phổ thông   , 15/11/2025
VN-1553    , Vietnam Airlines                       , 09:55         , 20:25       , 10h 30m ,     1,  7341591, Hà Nội        , Đà Nẵng     , Phổ thông   , 15/11/2025
VN-265     , Vietnam Airlines                       , 20:30         , 22:15       , 25h 45m ,     1,  7520374, Hà Nội        , Đà Nẵng     , Phổ thông   , 15/11/2025
VN-6025    , Vietnam Airlines                       , 23:00         , 07:25       , 8h 25m  ,     1,  7798511, Hà Nội        , Đà Nẵng     , Phổ thông   , 15/11/2025
VN-267     , Vietnam Airlines                       , 22:00         , 07:25       , 9h 25m  ,     1,  7798511, Hà Nội        , Đà Nẵng     , Phổ thông   , 15/11/2025
VN-267     , Vietnam Airlines                       , 22:00         , 09:20       , 11h 20m ,     1,  7798511, Hà Nội        , Đà Nẵng     , Phổ thông   , 15/11/2025
VN-265     , Vietnam Airlines                       , 20:30         , 12:20       , 15h 50m ,     1,  7813797, Hà Nội        , Đà Nẵng     , Phổ thông   , 15/11/2025
VN-265     , Vietnam Airlines                       , 20:30         , 13:20       , 16h 50m ,     1,  7837914, Hà Nội        , Đà Nẵng     , Phổ thông   , 15/11/2025
VN-265     , Vietnam Airlines                       , 20:30         , 10:45       , 14h 15m ,     1,  8111315, Hà Nội        , Đà Nẵng     , Phổ thông   , 15/11/2025
VN-265     , Vietnam Airlines                       , 20:30         , 11:25       , 14h 55m ,     1,  8111315, Hà Nội        , Đà Nẵng     , Phổ thông   , 15/11/2025
VN-265     , Vietnam Airlines                       , 20:30         , 19:35       , 23h 5m  ,     1,  8111315, Hà Nội        , Đà Nẵng     , Phổ thông   , 15/11/2025
VN-265     , Vietnam Airlines                       , 20:30         , 21:00       , 24h 30m ,     1,  8111315, Hà Nội        , Đà Nẵng     , Phổ thông   , 15/11/2025
VN-227     , Vietnam Airlines                       , 05:45         , 21:05       , 15h 20m ,     1,  8374168, Hà Nội        , Đà Nẵng     , Phổ thông   , 15/11/2025
VN-267     , Vietnam Airlines                       , 22:00         , 08:20       , 10h 20m ,     1,  8408833, Hà Nội        , Đà Nẵng     , Phổ thông   , 15/11/2025
VN-231     , Vietnam Airlines                       , 18:30         , 07:25       , 12h 55m ,     1,  8667864, Hà Nội        , Đà Nẵng     , Phổ thông   , 15/11/2025
VN-257     , Vietnam Airlines                       , 17:30         , 22:15       , 4h 45m  ,     1,  8961014, Hà Nội        , Đà Nẵng     , Phổ thông   , 15/11/2025
VN-227     , Vietnam Airlines                       , 05:45         , 18:05       , 12h 20m ,     1,  8961014, Hà Nội        , Đà Nẵng     , Phổ thông   , 15/11/2025
VN-227     , Vietnam Airlines                       , 05:45         , 22:15       , 16h 30m ,     1,  8961014, Hà Nội        , Đà Nẵng     , Phổ thông   , 15/11/2025
VN-6025    , Vietnam Airlines                       , 23:00         , 08:20       , 9h 20m  ,     1,  8998954, Hà Nội        , Đà Nẵng     , Phổ thông   , 15/11/2025
VN-6025    , Vietnam Airlines                       , 23:00         , 09:20       , 10h 20m ,     1,  8998954, Hà Nội        , Đà Nẵng     , Phổ thông   , 15/11/2025
VN-247     , Vietnam Airlines                       , 10:00         , 21:05       , 11h 5m  ,     1,  8998954, Hà Nội        , Đà Nẵng     , Phổ thông   , 15/11/2025
VN-7215    , Vietnam Airlines                       , 09:25         , 21:05       , 11h 40m ,     1,  8998954, Hà Nội        , Đà Nẵng     , Phổ thông   , 15/11/2025
VN-273     , Vietnam Airlines                       , 16:00         , 21:05       , 5h 5m   ,     1,  9254984, Hà Nội        , Đà Nẵng     , Phổ thông   , 15/11/2025
VN-259     , Vietnam Airlines                       , 18:00         , 07:25       , 13h 25m ,     1,  9254984, Hà Nội        , Đà Nẵng     , Phổ thông   , 15/11/2025
VN-231     , Vietnam Airlines                       , 18:30         , 08:20       , 13h 50m ,     1,  9254984, Hà Nội        , Đà Nẵng     , Phổ thông   , 15/11/2025
VN-257     , Vietnam Airlines                       , 17:30         , 07:25       , 13h 55m ,     1,  9254984, Hà Nội        , Đà Nẵng     , Phổ thông   , 15/11/2025
VN-247     , Vietnam Airlines                       , 10:00         , 18:05       , 8h 5m   ,     1,  9552228, Hà Nội        , Đà Nẵng     , Phổ thông   , 15/11/2025
VN-7215    , Vietnam Airlines                       , 09:25         , 18:05       , 8h 40m  ,     1,  9552228, Hà Nội        , Đà Nẵng     , Phổ thông   , 15/11/2025
VN-243     , Vietnam Airlines                       , 06:00         , 18:05       , 12h 5m  ,     1,  9552228, Hà Nội        , Đà Nẵng     , Phổ thông   , 15/11/2025
VN-205     , Vietnam Airlines                       , 05:00         , 18:05       , 13h 5m  ,     1,  9552228, Hà Nội        , Đà Nẵng     , Phổ thông   , 15/11/2025
VN-273     , Vietnam Airlines                       , 16:00         , 22:15       , 6h 15m  ,     1,  9845651, Hà Nội        , Đà Nẵng     , Phổ thông   , 15/11/2025
VN-257     , Vietnam Airlines                       , 17:30         , 08:20       , 14h 50m ,     1,  9845651, Hà Nội        , Đà Nẵng     , Phổ thông   , 15/11/2025
VN-263     , Vietnam Airlines                       , 20:00         , 07:25       , 11h 25m ,     1, 10139077, Hà Nội        , Đà Nẵng     , Phổ thông   , 15/11/2025
VN-227     , Vietnam Airlines                       , 05:45         , 10:25       , 4h 40m  ,     1, 10206074, Hà Nội        , Đà Nẵng     , Phổ thông   , 15/11/2025
VN-209     , Vietnam Airlines                       , 09:00         , 13:40       , 4h 40m  ,     1, 10206074, Hà Nội        , Đà Nẵng     , Phổ thông   , 15/11/2025
VN-251     , Vietnam Airlines                       , 12:00         , 16:35       , 4h 35m  ,     1, 11100823, Hà Nội        , Đà Nẵng     , Phổ thông   , 15/11/2025
VN-213     , Vietnam Airlines                       , 13:00         , 17:30       , 4h 30m  ,     1, 12284903, Hà Nội        , Đà Nẵng     , Phổ thông   , 15/11/2025
QH-103     , Bamboo Airways                         , 07:35         , 09:00       , 1h 25m  ,     0,  4261950, Hà Nội        , Đà Nẵng     , Thương gia  , 15/11/2025
VN-7193    , Vietnam Airlines                       , 21:05         , 22:20       , 1h 15m  ,     0,  3181598, Hà Nội        , Đà Nẵng     , Thương gia  , 15/11/2025
VN-6071    , Vietnam Airlines                       , 18:20         , 19:45       , 1h 25m  ,     0,  3260519, Hà Nội        , Đà Nẵng     , Thương gia  , 15/11/2025
VN-6081    , Vietnam Airlines                       , 08:15         , 09:40       , 1h 25m  ,     0,  3346185, Hà Nội        , Đà Nẵng     , Thương gia  , 15/11/2025
VN-157     , Vietnam Airlines                       , 06:00         , 07:20       , 1h 20m  ,     0,  3635902, Hà Nội        , Đà Nẵng     , Thương gia  , 15/11/2025
VN-163     , Vietnam Airlines                       , 07:45         , 09:05       , 1h 20m  ,     0,  4066304, Hà Nội        , Đà Nẵng     , Thương gia  , 15/11/2025
VN-169     , Vietnam Airlines                       , 13:00         , 14:20       , 1h 20m  ,     0,  4407708, Hà Nội        , Đà Nẵng     , Thương gia  , 15/11/2025
VN-171     , Vietnam Airlines                       , 13:40         , 15:00       , 1h 20m  ,     0,  4407708, Hà Nội        , Đà Nẵng     , Thương gia  , 15/11/2025
VN-195     , Vietnam Airlines                       , 19:50         , 21:10       , 1h 20m  ,     0,  4407708, Hà Nội        , Đà Nẵng     , Thương gia  , 15/11/2025
VN-165     , Vietnam Airlines                       , 10:10         , 11:35       , 1h 25m  ,     0,  4514885, Hà Nội        , Đà Nẵng     , Thương gia  , 15/11/2025
VN-167     , Vietnam Airlines                       , 11:55         , 13:15       , 1h 20m  ,     0,  4848741, Hà Nội        , Đà Nẵng     , Thương gia  , 15/11/2025
VN-173     , Vietnam Airlines                       , 16:05         , 17:25       , 1h 20m  ,     0,  4848741, Hà Nội        , Đà Nẵng     , Thương gia  , 15/11/2025
QH-299     , Bamboo Airways                         , 23:05         , 07:40       , 8h 35m  ,     1,  2548494, Hà Nội        , Đà Nẵng     , Phổ thông   , 16/11/2025
VJ-501     , VietJet Air                            , 20:35         , 21:55       , 1h 20m  ,     0,  1575383, Hà Nội        , Đà Nẵng     , Phổ thông   , 16/11/2025
VJ-521     , VietJet Air                            , 20:50         , 22:10       , 1h 20m  ,     0,  1575383, Hà Nội        , Đà Nẵng     , Phổ thông   , 16/11/2025
VJ-519     , VietJet Air                            , 19:45         , 21:05       , 1h 20m  ,     0,  1671847, Hà Nội        , Đà Nẵng     , Phổ thông   , 16/11/2025
VJ-517     , VietJet Air                            , 19:05         , 20:25       , 1h 20m  ,     0,  1691143, Hà Nội        , Đà Nẵng     , Phổ thông   , 16/11/2025
VJ-503     , VietJet Air                            , 05:55         , 07:10       , 1h 15m  ,     0,  1813978, Hà Nội        , Đà Nẵng     , Phổ thông   , 16/11/2025
VU-635     , Vietravel Airlines                     , 06:25         , 07:45       , 1h 20m  ,     0,  1814880, Hà Nội        , Đà Nẵng     , Phổ thông   , 16/11/2025
VJ-513     , VietJet Air                            , 13:35         , 14:55       , 1h 20m  ,     0,  1832948, Hà Nội        , Đà Nẵng     , Phổ thông   , 16/11/2025
VJ-511     , VietJet Air                            , 14:20         , 15:40       , 1h 20m  ,     0,  1832948, Hà Nội        , Đà Nẵng     , Phổ thông   , 16/11/2025
VU-639     , Vietravel Airlines                     , 16:50         , 18:10       , 1h 20m  ,     0,  1926320, Hà Nội        , Đà Nẵng     , Phổ thông   , 16/11/2025
VJ-515     , VietJet Air                            , 16:25         , 17:45       , 1h 20m  ,     0,  1978700, Hà Nội        , Đà Nẵng     , Phổ thông   , 16/11/2025
VN-7193    , Vietnam Airlines                       , 21:05         , 22:20       , 1h 15m  ,     0,  2158839, Hà Nội        , Đà Nẵng     , Phổ thông   , 16/11/2025
VN-157     , Vietnam Airlines                       , 06:00         , 07:20       , 1h 20m  ,     0,  2396601, Hà Nội        , Đà Nẵng     , Phổ thông   , 16/11/2025
VJ-507     , VietJet Air                            , 10:30         , 11:50       , 1h 20m  ,     0,  2464101, Hà Nội        , Đà Nẵng     , Phổ thông   , 16/11/2025
QH-103     , Bamboo Airways                         , 07:35         , 09:00       , 1h 25m  ,     0,  3788292, Hà Nội        , Đà Nẵng     , Phổ thông   , 16/11/2025
VN-195     , Vietnam Airlines                       , 19:05         , 20:25       , 1h 20m  ,     0,  5134772, Hà Nội        , Đà Nẵng     , Phổ thông   , 16/11/2025
VJ-161     , "VietJet Air, Vietravel Airlines"      , 00:15         , 10:20       , 10h 5m  ,     1,  2071723, Hà Nội        , Đà Nẵng     , Phổ thông   , 16/11/2025
VJ-161     , VietJet Air                            , 00:15         , 10:45       , 10h 30m ,     1,  2151033, Hà Nội        , Đà Nẵng     , Phổ thông   , 16/11/2025
VJ-161     , VietJet Air                            , 00:15         , 11:05       , 10h 50m ,     1,  2151033, Hà Nội        , Đà Nẵng     , Phổ thông   , 16/11/2025
VJ-161     , "VietJet Air, Bamboo Airways"          , 00:15         , 07:40       , 7h 25m  ,     1,  2313699, Hà Nội        , Đà Nẵng     , Phổ thông   , 16/11/2025
QH-299     , Bamboo Airways                         , 23:05         , 07:40       , 8h 35m  ,     1,  2548494, Hà Nội        , Đà Nẵng     , Phổ thông   , 16/11/2025
VJ-161     , "VietJet Air, Vietnam Airlines"        , 00:15         , 07:25       , 7h 10m  ,     1,  2627062, Hà Nội        , Đà Nẵng     , Phổ thông   , 16/11/2025
VJ-171     , "VietJet Air, Bamboo Airways"          , 01:00         , 07:40       , 6h 40m  ,     1,  2667284, Hà Nội        , Đà Nẵng     , Phổ thông   , 16/11/2025
VJ-171     , VietJet Air                            , 01:00         , 08:40       , 7h 40m  ,     1,  2796800, Hà Nội        , Đà Nẵng     , Phổ thông   , 16/11/2025
VJ-171     , "VietJet Air, Vietnam Airlines"        , 01:00         , 08:20       , 7h 20m  ,     1,  2969134, Hà Nội        , Đà Nẵng     , Phổ thông   , 16/11/2025
VJ-171     , "VietJet Air, Vietnam Airlines"        , 01:00         , 07:25       , 6h 25m  ,     1,  2980647, Hà Nội        , Đà Nẵng     , Phổ thông   , 16/11/2025
VJ-123     , VietJet Air                            , 22:10         , 13:00       , 14h 50m ,     1,  2988968, Hà Nội        , Đà Nẵng     , Phổ thông   , 16/11/2025
VJ-191     , VietJet Air                            , 15:55         , 22:05       , 6h 10m  ,     1,  3067689, Hà Nội        , Đà Nẵng     , Phổ thông   , 16/11/2025
VU-779     , "Vietravel Airlines, VietJet Air"      , 16:10         , 22:05       , 5h 55m  ,     1,  3156802, Hà Nội        , Đà Nẵng     , Phổ thông   , 16/11/2025
QH-283     , Bamboo Airways                         , 22:35         , 10:15       , 11h 40m ,     1,  3185482, Hà Nội        , Đà Nẵng     , Phổ thông   , 16/11/2025
VJ-187     , VietJet Air                            , 22:50         , 07:50       , 9h 0m   ,     1,  3193914, Hà Nội        , Đà Nẵng     , Phổ thông   , 16/11/2025
VJ-123     , VietJet Air                            , 22:10         , 07:50       , 9h 40m  ,     1,  3193914, Hà Nội        , Đà Nẵng     , Phổ thông   , 16/11/2025
VJ-187     , VietJet Air                            , 22:50         , 08:40       , 9h 50m  ,     1,  3193914, Hà Nội        , Đà Nẵng     , Phổ thông   , 16/11/2025
VJ-123     , VietJet Air                            , 22:10         , 08:40       , 10h 30m ,     1,  3193914, Hà Nội        , Đà Nẵng     , Phổ thông   , 16/11/2025
VJ-187     , VietJet Air                            , 22:50         , 09:40       , 10h 50m ,     1,  3193914, Hà Nội        , Đà Nẵng     , Phổ thông   , 16/11/2025
VJ-123     , VietJet Air                            , 22:10         , 09:40       , 11h 30m ,     1,  3193914, Hà Nội        , Đà Nẵng     , Phổ thông   , 16/11/2025
VJ-137     , VietJet Air                            , 11:45         , 19:35       , 7h 50m  ,     1,  3227364, Hà Nội        , Đà Nẵng     , Phổ thông   , 16/11/2025
VJ-171     , VietJet Air                            , 23:25         , 07:50       , 8h 25m  ,     1,  3332534, Hà Nội        , Đà Nẵng     , Phổ thông   , 16/11/2025
VJ-171     , VietJet Air                            , 23:25         , 08:40       , 9h 15m  ,     1,  3332534, Hà Nội        , Đà Nẵng     , Phổ thông   , 16/11/2025
VJ-161     , VietJet Air                            , 21:50         , 07:50       , 10h 0m  ,     1,  3332534, Hà Nội        , Đà Nẵng     , Phổ thông   , 16/11/2025
VJ-171     , VietJet Air                            , 23:25         , 09:40       , 10h 15m ,     1,  3332534, Hà Nội        , Đà Nẵng     , Phổ thông   , 16/11/2025
VJ-161     , VietJet Air                            , 21:50         , 08:40       , 10h 50m ,     1,  3332534, Hà Nội        , Đà Nẵng     , Phổ thông   , 16/11/2025
VJ-161     , VietJet Air                            , 21:50         , 09:40       , 11h 50m ,     1,  3332534, Hà Nội        , Đà Nẵng     , Phổ thông   , 16/11/2025
VJ-187     , VietJet Air                            , 22:50         , 10:45       , 11h 55m ,     1,  3332534, Hà Nội        , Đà Nẵng     , Phổ thông   , 16/11/2025
VJ-187     , VietJet Air                            , 22:50         , 11:05       , 12h 15m ,     1,  3332534, Hà Nội        , Đà Nẵng     , Phổ thông   , 16/11/2025
VJ-123     , VietJet Air                            , 22:10         , 10:45       , 12h 35m ,     1,  3332534, Hà Nội        , Đà Nẵng     , Phổ thông   , 16/11/2025
VJ-123     , VietJet Air                            , 22:10         , 11:05       , 12h 55m ,     1,  3332534, Hà Nội        , Đà Nẵng     , Phổ thông   , 16/11/2025
VJ-147     , VietJet Air                            , 17:10         , 22:45       , 5h 35m  ,     1,  3357933, Hà Nội        , Đà Nẵng     , Phổ thông   , 16/11/2025
VJ-193     , VietJet Air                            , 18:10         , 00:20       , 6h 10m  ,     1,  3357933, Hà Nội        , Đà Nẵng     , Phổ thông   , 16/11/2025
VJ-163     , VietJet Air                            , 17:20         , 00:20       , 7h 0m   ,     1,  3357933, Hà Nội        , Đà Nẵng     , Phổ thông   , 16/11/2025
VJ-147     , VietJet Air                            , 17:10         , 00:20       , 7h 10m  ,     1,  3357933, Hà Nội        , Đà Nẵng     , Phổ thông   , 16/11/2025
VJ-155     , VietJet Air                            , 20:05         , 07:50       , 11h 45m ,     1,  3448996, Hà Nội        , Đà Nẵng     , Phổ thông   , 16/11/2025
VJ-155     , VietJet Air                            , 20:05         , 08:40       , 12h 35m ,     1,  3448996, Hà Nội        , Đà Nẵng     , Phổ thông   , 16/11/2025
VJ-173     , VietJet Air                            , 19:05         , 07:50       , 12h 45m ,     1,  3448996, Hà Nội        , Đà Nẵng     , Phổ thông   , 16/11/2025
VJ-173     , VietJet Air                            , 19:05         , 08:40       , 13h 35m ,     1,  3448996, Hà Nội        , Đà Nẵng     , Phổ thông   , 16/11/2025
VJ-171     , VietJet Air                            , 23:25         , 10:45       , 11h 20m ,     1,  3478177, Hà Nội        , Đà Nẵng     , Phổ thông   , 16/11/2025
VJ-171     , VietJet Air                            , 23:25         , 11:05       , 11h 40m ,     1,  3478177, Hà Nội        , Đà Nẵng     , Phổ thông   , 16/11/2025
VJ-161     , VietJet Air                            , 21:50         , 10:45       , 12h 55m ,     1,  3478177, Hà Nội        , Đà Nẵng     , Phổ thông   , 16/11/2025
VJ-161     , VietJet Air                            , 21:50         , 11:05       , 13h 15m ,     1,  3478177, Hà Nội        , Đà Nẵng     , Phổ thông   , 16/11/2025
VJ-171     , VietJet Air                            , 23:25         , 13:00       , 13h 35m ,     1,  3624094, Hà Nội        , Đà Nẵng     , Phổ thông   , 16/11/2025
VJ-781     , VietJet Air                            , 13:00         , 20:00       , 7h 0m   ,     1,  3751633, Hà Nội        , Đà Nẵng     , Phổ thông   , 16/11/2025
VJ-773     , VietJet Air                            , 08:55         , 20:00       , 11h 5m  ,     1,  3806217, Hà Nội        , Đà Nẵng     , Phổ thông   , 16/11/2025
VN-611     , Vietnam Airlines                       , 09:15         , 19:35       , 10h 20m ,     1,  5128169, Hà Nội        , Đà Nẵng     , Phổ thông   , 16/11/2025
VN-247     , Vietnam Airlines                       , 10:00         , 22:15       , 12h 15m ,     1,  5257407, Hà Nội        , Đà Nẵng     , Phổ thông   , 16/11/2025
VN-249     , Vietnam Airlines                       , 15:30         , 22:15       , 6h 45m  ,     1,  5418231, Hà Nội        , Đà Nẵng     , Phổ thông   , 16/11/2025
VN-243     , Vietnam Airlines                       , 06:00         , 22:15       , 16h 15m ,     1,  5418231, Hà Nội        , Đà Nẵng     , Phổ thông   , 16/11/2025
VN-205     , Vietnam Airlines                       , 05:00         , 22:15       , 17h 15m ,     1,  5469370, Hà Nội        , Đà Nẵng     , Phổ thông   , 16/11/2025
VN-209     , Vietnam Airlines                       , 09:00         , 22:15       , 13h 15m ,     1,  5483031, Hà Nội        , Đà Nẵng     , Phổ thông   , 16/11/2025
VN-207     , Vietnam Airlines                       , 07:00         , 22:15       , 15h 15m ,     1,  5526987, Hà Nội        , Đà Nẵng     , Phổ thông   , 16/11/2025
VN-245     , Vietnam Airlines                       , 08:00         , 22:15       , 14h 15m ,     1,  5648246, Hà Nội        , Đà Nẵng     , Phổ thông   , 16/11/2025
VN-253     , Vietnam Airlines                       , 14:00         , 22:15       , 8h 15m  ,     1,  5723725, Hà Nội        , Đà Nẵng     , Phổ thông   , 16/11/2025
VN-251     , Vietnam Airlines                       , 12:00         , 22:15       , 10h 15m ,     1,  5723725, Hà Nội        , Đà Nẵng     , Phổ thông   , 16/11/2025
VN-211     , Vietnam Airlines                       , 11:00         , 22:15       , 11h 15m ,     1,  5723725, Hà Nội        , Đà Nẵng     , Phổ thông   , 16/11/2025
VN-1575    , Vietnam Airlines                       , 12:00         , 08:55       , 20h 55m ,     1,  5740726, Hà Nội        , Đà Nẵng     , Phổ thông   , 16/11/2025
VN-215     , Vietnam Airlines                       , 15:00         , 22:15       , 7h 15m  ,     1,  5900514, Hà Nội        , Đà Nẵng     , Phổ thông   , 16/11/2025
VN-213     , Vietnam Airlines                       , 13:00         , 22:15       , 9h 15m  ,     1,  5969237, Hà Nội        , Đà Nẵng     , Phổ thông   , 16/11/2025
VN-615     , Vietnam Airlines                       , 12:40         , 19:35       , 6h 55m  ,     1,  5978360, Hà Nội        , Đà Nẵng     , Phổ thông   , 16/11/2025
VJ-443     , VietJet Air                            , 06:00         , 12:30       , 6h 30m  ,     1,  6026010, Hà Nội        , Đà Nẵng     , Phổ thông   , 16/11/2025
VN-217     , Vietnam Airlines                       , 17:00         , 22:15       , 29h 15m ,     1,  6032971, Hà Nội        , Đà Nẵng     , Phổ thông   , 16/11/2025
VN-265     , Vietnam Airlines                       , 20:30         , 07:25       , 10h 55m ,     1,  6172887, Hà Nội        , Đà Nẵng     , Phổ thông   , 16/11/2025
VN-7569    , Vietnam Airlines                       , 12:05         , 20:25       , 8h 20m  ,     1,  6456952, Hà Nội        , Đà Nẵng     , Phổ thông   , 16/11/2025
VN-1573    , Vietnam Airlines                       , 07:00         , 08:55       , 25h 55m ,     1,  6628367, Hà Nội        , Đà Nẵng     , Phổ thông   , 16/11/2025
VN-265     , Vietnam Airlines                       , 20:30         , 08:20       , 11h 50m ,     1,  7223403, Hà Nội        , Đà Nẵng     , Phổ thông   , 16/11/2025
VN-265     , Vietnam Airlines                       , 20:30         , 09:20       , 12h 50m ,     1,  7223403, Hà Nội        , Đà Nẵng     , Phổ thông   , 16/11/2025
VN-1553    , Vietnam Airlines                       , 09:55         , 20:25       , 10h 30m ,     1,  7341591, Hà Nội        , Đà Nẵng     , Phổ thông   , 16/11/2025
VN-265     , Vietnam Airlines                       , 20:30         , 22:15       , 25h 45m ,     1,  7520374, Hà Nội        , Đà Nẵng     , Phổ thông   , 16/11/2025
VN-267     , Vietnam Airlines                       , 22:00         , 07:25       , 9h 25m  ,     1,  7813797, Hà Nội        , Đà Nẵng     , Phổ thông   , 16/11/2025
VN-265     , Vietnam Airlines                       , 20:30         , 12:20       , 15h 50m ,     1,  7813797, Hà Nội        , Đà Nẵng     , Phổ thông   , 16/11/2025
VN-6025    , Vietnam Airlines                       , 23:00         , 07:25       , 8h 25m  ,     1,  7819353, Hà Nội        , Đà Nẵng     , Phổ thông   , 16/11/2025
VN-267     , Vietnam Airlines                       , 22:00         , 09:20       , 11h 20m ,     1,  7819353, Hà Nội        , Đà Nẵng     , Phổ thông   , 16/11/2025
VN-265     , Vietnam Airlines                       , 20:30         , 13:20       , 16h 50m ,     1,  7837914, Hà Nội        , Đà Nẵng     , Phổ thông   , 16/11/2025
VN-265     , Vietnam Airlines                       , 20:30         , 10:45       , 14h 15m ,     1,  8111315, Hà Nội        , Đà Nẵng     , Phổ thông   , 16/11/2025
VN-265     , Vietnam Airlines                       , 20:30         , 11:25       , 14h 55m ,     1,  8111315, Hà Nội        , Đà Nẵng     , Phổ thông   , 16/11/2025
VN-265     , Vietnam Airlines                       , 20:30         , 19:35       , 23h 5m  ,     1,  8111315, Hà Nội        , Đà Nẵng     , Phổ thông   , 16/11/2025
VN-265     , Vietnam Airlines                       , 20:30         , 21:00       , 24h 30m ,     1,  8111315, Hà Nội        , Đà Nẵng     , Phổ thông   , 16/11/2025
VN-227     , Vietnam Airlines                       , 05:45         , 21:05       , 15h 20m ,     1,  8374168, Hà Nội        , Đà Nẵng     , Phổ thông   , 16/11/2025
VN-267     , Vietnam Airlines                       , 22:00         , 08:20       , 10h 20m ,     1,  8408833, Hà Nội        , Đà Nẵng     , Phổ thông   , 16/11/2025
VN-231     , Vietnam Airlines                       , 18:30         , 07:25       , 12h 55m ,     1,  8667864, Hà Nội        , Đà Nẵng     , Phổ thông   , 16/11/2025
VN-257     , Vietnam Airlines                       , 17:30         , 22:15       , 4h 45m  ,     1,  8961014, Hà Nội        , Đà Nẵng     , Phổ thông   , 16/11/2025
VN-227     , Vietnam Airlines                       , 05:45         , 18:05       , 12h 20m ,     1,  8961014, Hà Nội        , Đà Nẵng     , Phổ thông   , 16/11/2025
VN-227     , Vietnam Airlines                       , 05:45         , 22:15       , 16h 30m ,     1,  8961014, Hà Nội        , Đà Nẵng     , Phổ thông   , 16/11/2025
VN-6025    , Vietnam Airlines                       , 23:00         , 08:20       , 9h 20m  ,     1,  8998954, Hà Nội        , Đà Nẵng     , Phổ thông   , 16/11/2025
VN-6025    , Vietnam Airlines                       , 23:00         , 09:20       , 10h 20m ,     1,  8998954, Hà Nội        , Đà Nẵng     , Phổ thông   , 16/11/2025
VN-247     , Vietnam Airlines                       , 10:00         , 21:05       , 11h 5m  ,     1,  8998954, Hà Nội        , Đà Nẵng     , Phổ thông   , 16/11/2025
VN-7215    , Vietnam Airlines                       , 09:25         , 21:05       , 11h 40m ,     1,  8998954, Hà Nội        , Đà Nẵng     , Phổ thông   , 16/11/2025
VN-273     , Vietnam Airlines                       , 16:00         , 21:05       , 5h 5m   ,     1,  9254984, Hà Nội        , Đà Nẵng     , Phổ thông   , 16/11/2025
VN-259     , Vietnam Airlines                       , 18:00         , 07:25       , 13h 25m ,     1,  9254984, Hà Nội        , Đà Nẵng     , Phổ thông   , 16/11/2025
VN-231     , Vietnam Airlines                       , 18:30         , 08:20       , 13h 50m ,     1,  9254984, Hà Nội        , Đà Nẵng     , Phổ thông   , 16/11/2025
VN-257     , Vietnam Airlines                       , 17:30         , 07:25       , 13h 55m ,     1,  9254984, Hà Nội        , Đà Nẵng     , Phổ thông   , 16/11/2025
VN-247     , Vietnam Airlines                       , 10:00         , 18:05       , 8h 5m   ,     1,  9552228, Hà Nội        , Đà Nẵng     , Phổ thông   , 16/11/2025
VN-7215    , Vietnam Airlines                       , 09:25         , 18:05       , 8h 40m  ,     1,  9552228, Hà Nội        , Đà Nẵng     , Phổ thông   , 16/11/2025
VN-243     , Vietnam Airlines                       , 06:00         , 18:05       , 12h 5m  ,     1,  9552228, Hà Nội        , Đà Nẵng     , Phổ thông   , 16/11/2025
VN-205     , Vietnam Airlines                       , 05:00         , 18:05       , 13h 5m  ,     1,  9552228, Hà Nội        , Đà Nẵng     , Phổ thông   , 16/11/2025
VN-273     , Vietnam Airlines                       , 16:00         , 22:15       , 6h 15m  ,     1,  9845651, Hà Nội        , Đà Nẵng     , Phổ thông   , 16/11/2025
VN-257     , Vietnam Airlines                       , 17:30         , 08:20       , 14h 50m ,     1,  9845651, Hà Nội        , Đà Nẵng     , Phổ thông   , 16/11/2025
VN-263     , Vietnam Airlines                       , 20:00         , 07:25       , 11h 25m ,     1, 10139077, Hà Nội        , Đà Nẵng     , Phổ thông   , 16/11/2025
VN-227     , Vietnam Airlines                       , 05:45         , 10:25       , 4h 40m  ,     1, 10206074, Hà Nội        , Đà Nẵng     , Phổ thông   , 16/11/2025
VN-209     , Vietnam Airlines                       , 09:00         , 13:40       , 4h 40m  ,     1, 10206074, Hà Nội        , Đà Nẵng     , Phổ thông   , 16/11/2025
VN-251     , Vietnam Airlines                       , 12:00         , 16:35       , 4h 35m  ,     1, 11100823, Hà Nội        , Đà Nẵng     , Phổ thông   , 16/11/2025
VN-213     , Vietnam Airlines                       , 13:00         , 17:30       , 4h 30m  ,     1, 12284903, Hà Nội        , Đà Nẵng     , Phổ thông   , 16/11/2025
QH-103     , Bamboo Airways                         , 07:35         , 09:00       , 1h 25m  ,     0,  4261950, Hà Nội        , Đà Nẵng     , Thương gia  , 16/11/2025
VN-7193    , Vietnam Airlines                       , 21:05         , 22:20       , 1h 15m  ,     0,  3181598, Hà Nội        , Đà Nẵng     , Thương gia  , 16/11/2025
VN-6071    , Vietnam Airlines                       , 18:20         , 19:45       , 1h 25m  ,     0,  3260519, Hà Nội        , Đà Nẵng     , Thương gia  , 16/11/2025
VN-6081    , Vietnam Airlines                       , 08:15         , 09:40       , 1h 25m  ,     0,  3346185, Hà Nội        , Đà Nẵng     , Thương gia  , 16/11/2025
VN-157     , Vietnam Airlines                       , 06:00         , 07:20       , 1h 20m  ,     0,  3635902, Hà Nội        , Đà Nẵng     , Thương gia  , 16/11/2025
VN-163     , Vietnam Airlines                       , 07:45         , 09:05       , 1h 20m  ,     0,  4066304, Hà Nội        , Đà Nẵng     , Thương gia  , 16/11/2025
VN-169     , Vietnam Airlines                       , 13:00         , 14:20       , 1h 20m  ,     0,  4407708, Hà Nội        , Đà Nẵng     , Thương gia  , 16/11/2025
VN-171     , Vietnam Airlines                       , 13:40         , 15:00       , 1h 20m  ,     0,  4407708, Hà Nội        , Đà Nẵng     , Thương gia  , 16/11/2025
VN-195     , Vietnam Airlines                       , 19:50         , 21:10       , 1h 20m  ,     0,  4407708, Hà Nội        , Đà Nẵng     , Thương gia  , 16/11/2025
VN-165     , Vietnam Airlines                       , 10:10         , 11:35       , 1h 25m  ,     0,  4514885, Hà Nội        , Đà Nẵng     , Thương gia  , 16/11/2025
VN-167     , Vietnam Airlines                       , 11:55         , 13:15       , 1h 20m  ,     0,  4848741, Hà Nội        , Đà Nẵng     , Thương gia  , 16/11/2025
VN-173     , Vietnam Airlines                       , 16:05         , 17:25       , 1h 20m  ,     0,  4848741, Hà Nội        , Đà Nẵng     , Thương gia  , 16/11/2025
VN-1541    , Vietnam Airlines                       , 06:00         , 07:15       , 1h 15m  ,     0,  2710693, Hà Nội        , Phú Bài     , Phổ thông   , 13/11/2025
VJ-569     , VietJet Air                            , 19:15         , 20:30       , 1h 15m  ,     0,  2134275, Hà Nội        , Phú Bài     , Phổ thông   , 13/11/2025
VN-1549    , Vietnam Airlines                       , 20:45         , 21:55       , 1h 10m  ,     0,  3047581, Hà Nội        , Phú Bài     , Phổ thông   , 13/11/2025
VN-1549    , Vietnam Airlines                       , 20:05         , 21:15       , 1h 10m  ,     0,  4841179, Hà Nội        , Phú Bài     , Phổ thông   , 13/11/2025
VJ-161     , VietJet Air                            , 00:15         , 18:10       , 17h 55m ,     1,  2097615, Hà Nội        , Phú Bài     , Phổ thông   , 13/11/2025
VJ-161     , VietJet Air                            , 00:15         , 20:35       , 20h 20m ,     1,  2124987, Hà Nội        , Phú Bài     , Phổ thông   , 13/11/2025
VJ-161     , VietJet Air                            , 00:15         , 21:40       , 21h 25m ,     1,  2124987, Hà Nội        , Phú Bài     , Phổ thông   , 13/11/2025
QH-299     , "Bamboo Airways, VietJet Air"          , 23:05         , 21:40       , 22h 35m ,     1,  2219849, Hà Nội        , Phú Bài     , Phổ thông   , 13/11/2025
QH-299     , "Bamboo Airways, VietJet Air"          , 23:05         , 22:30       , 23h 25m ,     1,  2227236, Hà Nội        , Phú Bài     , Phổ thông   , 13/11/2025
VU-791     , "Vietravel Airlines, VietJet Air"      , 21:00         , 21:40       , 24h 40m ,     1,  2280584, Hà Nội        , Phú Bài     , Phổ thông   , 13/11/2025
VU-791     , "Vietravel Airlines, VietJet Air"      , 21:00         , 22:30       , 25h 30m ,     1,  2287971, Hà Nội        , Phú Bài     , Phổ thông   , 13/11/2025
VJ-123     , VietJet Air                            , 22:10         , 21:40       , 23h 30m ,     1,  2325657, Hà Nội        , Phú Bài     , Phổ thông   , 13/11/2025
VJ-187     , VietJet Air                            , 22:50         , 14:05       , 15h 15m ,     1,  2509355, Hà Nội        , Phú Bài     , Phổ thông   , 13/11/2025
VJ-123     , VietJet Air                            , 22:10         , 14:05       , 15h 55m ,     1,  2509355, Hà Nội        , Phú Bài     , Phổ thông   , 13/11/2025
VJ-187     , VietJet Air                            , 22:50         , 18:00       , 19h 10m ,     1,  2509355, Hà Nội        , Phú Bài     , Phổ thông   , 13/11/2025
VJ-123     , VietJet Air                            , 22:10         , 18:00       , 19h 50m ,     1,  2509355, Hà Nội        , Phú Bài     , Phổ thông   , 13/11/2025
VJ-161     , VietJet Air                            , 00:15         , 14:05       , 13h 50m ,     1,  2604600, Hà Nội        , Phú Bài     , Phổ thông   , 13/11/2025
VJ-191     , VietJet Air                            , 15:55         , 21:40       , 29h 45m ,     1,  2883991, Hà Nội        , Phú Bài     , Phổ thông   , 13/11/2025
VJ-171     , VietJet Air                            , 01:00         , 14:05       , 13h 5m  ,     1,  2958185, Hà Nội        , Phú Bài     , Phổ thông   , 13/11/2025
VJ-123     , VietJet Air                            , 22:10         , 12:25       , 14h 15m ,     1,  2988968, Hà Nội        , Phú Bài     , Phổ thông   , 13/11/2025
VJ-191     , VietJet Air                            , 15:55         , 14:05       , 22h 10m ,     1,  3067689, Hà Nội        , Phú Bài     , Phổ thông   , 13/11/2025
VJ-191     , VietJet Air                            , 15:55         , 18:00       , 26h 5m  ,     1,  3067689, Hà Nội        , Phú Bài     , Phổ thông   , 13/11/2025
VJ-199     , VietJet Air                            , 15:55         , 21:40       , 5h 45m  ,     1,  3097102, Hà Nội        , Phú Bài     , Phổ thông   , 13/11/2025
VJ-199     , VietJet Air                            , 15:55         , 14:05       , 22h 10m ,     1,  3097102, Hà Nội        , Phú Bài     , Phổ thông   , 13/11/2025
VU-751     , "Vietravel Airlines, VietJet Air"      , 08:50         , 18:10       , 9h 20m  ,     1,  3129430, Hà Nội        , Phú Bài     , Phổ thông   , 13/11/2025
VJ-187     , VietJet Air                            , 22:50         , 06:55       , 8h 5m   ,     1,  3132260, Hà Nội        , Phú Bài     , Phổ thông   , 13/11/2025
VJ-123     , VietJet Air                            , 22:10         , 06:55       , 8h 45m  ,     1,  3132260, Hà Nội        , Phú Bài     , Phổ thông   , 13/11/2025
VJ-187     , VietJet Air                            , 22:50         , 14:05       , 15h 15m ,     1,  3132260, Hà Nội        , Phú Bài     , Phổ thông   , 13/11/2025
VJ-123     , VietJet Air                            , 22:10         , 14:05       , 15h 55m ,     1,  3132260, Hà Nội        , Phú Bài     , Phổ thông   , 13/11/2025
VJ-187     , VietJet Air                            , 22:50         , 18:00       , 19h 10m ,     1,  3132260, Hà Nội        , Phú Bài     , Phổ thông   , 13/11/2025
VJ-123     , VietJet Air                            , 22:10         , 18:00       , 19h 50m ,     1,  3132260, Hà Nội        , Phú Bài     , Phổ thông   , 13/11/2025
VJ-187     , VietJet Air                            , 22:50         , 20:35       , 21h 45m ,     1,  3132260, Hà Nội        , Phú Bài     , Phổ thông   , 13/11/2025
VJ-123     , VietJet Air                            , 22:10         , 20:35       , 22h 25m ,     1,  3132260, Hà Nội        , Phú Bài     , Phổ thông   , 13/11/2025
VJ-187     , VietJet Air                            , 22:50         , 21:40       , 22h 50m ,     1,  3132260, Hà Nội        , Phú Bài     , Phổ thông   , 13/11/2025
VJ-123     , VietJet Air                            , 22:10         , 21:40       , 23h 30m ,     1,  3132260, Hà Nội        , Phú Bài     , Phổ thông   , 13/11/2025
VJ-187     , VietJet Air                            , 22:50         , 22:30       , 23h 40m ,     1,  3132260, Hà Nội        , Phú Bài     , Phổ thông   , 13/11/2025
VJ-123     , VietJet Air                            , 22:10         , 22:30       , 24h 20m ,     1,  3132260, Hà Nội        , Phú Bài     , Phổ thông   , 13/11/2025
VJ-137     , VietJet Air                            , 11:45         , 18:10       , 6h 25m  ,     1,  3227364, Hà Nội        , Phú Bài     , Phổ thông   , 13/11/2025
VJ-135     , VietJet Air                            , 11:10         , 18:10       , 7h 0m   ,     1,  3227364, Hà Nội        , Phú Bài     , Phổ thông   , 13/11/2025
VJ-137     , VietJet Air                            , 11:45         , 14:05       , 26h 20m ,     1,  3254736, Hà Nội        , Phú Bài     , Phổ thông   , 13/11/2025
VJ-135     , VietJet Air                            , 11:10         , 14:05       , 26h 55m ,     1,  3254736, Hà Nội        , Phú Bài     , Phổ thông   , 13/11/2025
VJ-171     , VietJet Air                            , 23:25         , 06:55       , 7h 30m  ,     1,  3277530, Hà Nội        , Phú Bài     , Phổ thông   , 13/11/2025
VJ-161     , VietJet Air                            , 21:50         , 06:55       , 9h 5m   ,     1,  3277530, Hà Nội        , Phú Bài     , Phổ thông   , 13/11/2025
VJ-171     , VietJet Air                            , 23:25         , 14:05       , 14h 40m ,     1,  3277530, Hà Nội        , Phú Bài     , Phổ thông   , 13/11/2025
VJ-171     , VietJet Air                            , 23:25         , 18:00       , 18h 35m ,     1,  3277530, Hà Nội        , Phú Bài     , Phổ thông   , 13/11/2025
VJ-171     , VietJet Air                            , 23:25         , 20:35       , 21h 10m ,     1,  3277530, Hà Nội        , Phú Bài     , Phổ thông   , 13/11/2025
VJ-171     , VietJet Air                            , 23:25         , 21:40       , 22h 15m ,     1,  3277530, Hà Nội        , Phú Bài     , Phổ thông   , 13/11/2025
VJ-171     , VietJet Air                            , 23:25         , 22:30       , 23h 5m  ,     1,  3277530, Hà Nội        , Phú Bài     , Phổ thông   , 13/11/2025
VJ-155     , VietJet Air                            , 20:05         , 06:55       , 10h 50m ,     1,  3385985, Hà Nội        , Phú Bài     , Phổ thông   , 13/11/2025
VJ-193     , VietJet Air                            , 18:10         , 06:55       , 12h 45m ,     1,  3385985, Hà Nội        , Phú Bài     , Phổ thông   , 13/11/2025
VJ-163     , VietJet Air                            , 17:20         , 06:55       , 13h 35m ,     1,  3385985, Hà Nội        , Phú Bài     , Phổ thông   , 13/11/2025
VJ-147     , VietJet Air                            , 17:10         , 06:55       , 13h 45m ,     1,  3385985, Hà Nội        , Phú Bài     , Phổ thông   , 13/11/2025
QH-211     , "Bamboo Airways, VietJet Air"          , 10:10         , 18:10       , 8h 0m   ,     1,  3477728, Hà Nội        , Phú Bài     , Phổ thông   , 13/11/2025
VU-771     , "Vietravel Airlines, VietJet Air"      , 10:50         , 18:10       , 7h 20m  ,     1,  3506535, Hà Nội        , Phú Bài     , Phổ thông   , 13/11/2025
VJ-199     , VietJet Air                            , 15:55         , 22:30       , 6h 35m  ,     1,  3531255, Hà Nội        , Phú Bài     , Phổ thông   , 13/11/2025
VJ-191     , VietJet Air                            , 15:55         , 22:30       , 6h 35m  ,     1,  3531255, Hà Nội        , Phú Bài     , Phổ thông   , 13/11/2025
VJ-191     , VietJet Air                            , 15:55         , 12:25       , 20h 30m ,     1,  3547302, Hà Nội        , Phú Bài     , Phổ thông   , 13/11/2025
VJ-199     , VietJet Air                            , 15:55         , 12:25       , 20h 30m ,     1,  3576715, Hà Nội        , Phú Bài     , Phổ thông   , 13/11/2025
9G-853     , "SUN PhuQuoc AIRWAYS, VietJet Air"     , 15:15         , 21:40       , 6h 25m  ,     1,  3646342, Hà Nội        , Phú Bài     , Phổ thông   , 13/11/2025
VJ-151     , VietJet Air                            , 14:00         , 20:35       , 6h 35m  ,     1,  3648168, Hà Nội        , Phú Bài     , Phổ thông   , 13/11/2025
VJ-151     , VietJet Air                            , 14:00         , 21:40       , 7h 40m  ,     1,  3648168, Hà Nội        , Phú Bài     , Phổ thông   , 13/11/2025
VJ-161     , "VietJet Air, Vietnam Airlines"        , 00:15         , 07:15       , 7h 0m   ,     1,  3764135, Hà Nội        , Phú Bài     , Phổ thông   , 13/11/2025
VJ-135     , "VietJet Air, Vietnam Airlines"        , 11:10         , 17:05       , 5h 55m  ,     1,  4078626, Hà Nội        , Phú Bài     , Phổ thông   , 13/11/2025
VN-247     , Vietnam Airlines                       , 10:00         , 17:05       , 7h 5m   ,     1,  5159607, Hà Nội        , Phú Bài     , Phổ thông   , 13/11/2025
VN-247     , Vietnam Airlines                       , 10:00         , 21:45       , 35h 45m ,     1,  5272395, Hà Nội        , Phú Bài     , Phổ thông   , 13/11/2025
VN-243     , Vietnam Airlines                       , 06:00         , 17:05       , 11h 5m  ,     1,  5320431, Hà Nội        , Phú Bài     , Phổ thông   , 13/11/2025
VN-205     , Vietnam Airlines                       , 05:00         , 17:05       , 12h 5m  ,     1,  5371570, Hà Nội        , Phú Bài     , Phổ thông   , 13/11/2025
VN-209     , Vietnam Airlines                       , 09:00         , 17:05       , 8h 5m   ,     1,  5385231, Hà Nội        , Phú Bài     , Phổ thông   , 13/11/2025
VN-207     , Vietnam Airlines                       , 07:00         , 17:05       , 10h 5m  ,     1,  5429187, Hà Nội        , Phú Bài     , Phổ thông   , 13/11/2025
VN-243     , Vietnam Airlines                       , 06:00         , 21:45       , 39h 45m ,     1,  5433219, Hà Nội        , Phú Bài     , Phổ thông   , 13/11/2025
VN-205     , Vietnam Airlines                       , 05:00         , 21:45       , 40h 45m ,     1,  5484358, Hà Nội        , Phú Bài     , Phổ thông   , 13/11/2025
VN-207     , Vietnam Airlines                       , 07:00         , 21:45       , 38h 45m ,     1,  5541975, Hà Nội        , Phú Bài     , Phổ thông   , 13/11/2025
VN-245     , Vietnam Airlines                       , 08:00         , 17:05       , 9h 5m   ,     1,  5550446, Hà Nội        , Phú Bài     , Phổ thông   , 13/11/2025
VN-243     , Vietnam Airlines                       , 06:00         , 12:30       , 30h 30m ,     1,  5571524, Hà Nội        , Phú Bài     , Phổ thông   , 13/11/2025
VN-205     , Vietnam Airlines                       , 05:00         , 12:30       , 31h 30m ,     1,  5622663, Hà Nội        , Phú Bài     , Phổ thông   , 13/11/2025
VN-211     , Vietnam Airlines                       , 11:00         , 17:05       , 6h 5m   ,     1,  5625925, Hà Nội        , Phú Bài     , Phổ thông   , 13/11/2025
VN-245     , Vietnam Airlines                       , 08:00         , 21:45       , 37h 45m ,     1,  5663234, Hà Nội        , Phú Bài     , Phổ thông   , 13/11/2025
VN-207     , Vietnam Airlines                       , 07:00         , 12:30       , 29h 30m ,     1,  5680280, Hà Nội        , Phú Bài     , Phổ thông   , 13/11/2025
VN-253     , Vietnam Airlines                       , 14:00         , 21:45       , 31h 45m ,     1,  5738713, Hà Nội        , Phú Bài     , Phổ thông   , 13/11/2025
VN-251     , Vietnam Airlines                       , 12:00         , 21:45       , 33h 45m ,     1,  5738713, Hà Nội        , Phú Bài     , Phổ thông   , 13/11/2025
VN-211     , Vietnam Airlines                       , 11:00         , 21:45       , 34h 45m ,     1,  5738713, Hà Nội        , Phú Bài     , Phổ thông   , 13/11/2025
VN-215     , Vietnam Airlines                       , 15:00         , 21:45       , 30h 45m ,     1,  5915502, Hà Nội        , Phú Bài     , Phổ thông   , 13/11/2025
VN-265     , Vietnam Airlines                       , 20:30         , 07:15       , 10h 45m ,     1,  5950100, Hà Nội        , Phú Bài     , Phổ thông   , 13/11/2025
VN-265     , Vietnam Airlines                       , 20:30         , 21:45       , 25h 15m ,     1,  5950100, Hà Nội        , Phú Bài     , Phổ thông   , 13/11/2025
VN-213     , Vietnam Airlines                       , 13:00         , 21:45       , 32h 45m ,     1,  5984225, Hà Nội        , Phú Bài     , Phổ thông   , 13/11/2025
VN-265     , Vietnam Airlines                       , 20:30         , 12:30       , 16h 0m  ,     1,  6789894, Hà Nội        , Phú Bài     , Phổ thông   , 13/11/2025
VN-265     , Vietnam Airlines                       , 20:30         , 17:05       , 20h 35m ,     1,  6789894, Hà Nội        , Phú Bài     , Phổ thông   , 13/11/2025
VN-267     , Vietnam Airlines                       , 22:00         , 07:15       , 9h 15m  ,     1,  7005455, Hà Nội        , Phú Bài     , Phổ thông   , 13/11/2025
VN-267     , Vietnam Airlines                       , 22:00         , 21:45       , 23h 45m ,     1,  7119225, Hà Nội        , Phú Bài     , Phổ thông   , 13/11/2025
VN-6025    , Vietnam Airlines                       , 23:00         , 21:45       , 22h 45m ,     1,  7633128, Hà Nội        , Phú Bài     , Phổ thông   , 13/11/2025
VN-6025    , Vietnam Airlines                       , 23:00         , 07:15       , 8h 15m  ,     1,  7661500, Hà Nội        , Phú Bài     , Phổ thông   , 13/11/2025
VN-267     , Vietnam Airlines                       , 22:00         , 12:30       , 14h 30m ,     1,  7777963, Hà Nội        , Phú Bài     , Phổ thông   , 13/11/2025
VN-227     , Vietnam Airlines                       , 05:45         , 17:05       , 11h 20m ,     1,  7922417, Hà Nội        , Phú Bài     , Phổ thông   , 13/11/2025
VN-267     , Vietnam Airlines                       , 22:00         , 17:05       , 19h 5m  ,     1,  8000372, Hà Nội        , Phú Bài     , Phổ thông   , 13/11/2025
VN-231     , Vietnam Airlines                       , 18:30         , 07:15       , 12h 45m ,     1,  8275606, Hà Nội        , Phú Bài     , Phổ thông   , 13/11/2025
VN-6025    , Vietnam Airlines                       , 23:00         , 12:30       , 13h 30m ,     1,  8368210, Hà Nội        , Phú Bài     , Phổ thông   , 13/11/2025
VN-6025    , Vietnam Airlines                       , 23:00         , 17:05       , 18h 5m  ,     1,  8368210, Hà Nội        , Phú Bài     , Phổ thông   , 13/11/2025
VN-7215    , Vietnam Airlines                       , 09:25         , 17:05       , 7h 40m  ,     1,  8496798, Hà Nội        , Phú Bài     , Phổ thông   , 13/11/2025
VN-227     , Vietnam Airlines                       , 05:45         , 07:15       , 25h 30m ,     1,  8596800, Hà Nội        , Phú Bài     , Phổ thông   , 13/11/2025
VN-231     , Vietnam Airlines                       , 18:30         , 12:30       , 18h 0m  ,     1,  8661699, Hà Nội        , Phú Bài     , Phổ thông   , 13/11/2025
VN-231     , Vietnam Airlines                       , 18:30         , 17:05       , 22h 35m ,     1,  8661699, Hà Nội        , Phú Bài     , Phổ thông   , 13/11/2025
VN-259     , Vietnam Airlines                       , 18:00         , 07:15       , 13h 15m ,     1,  8844172, Hà Nội        , Phú Bài     , Phổ thông   , 13/11/2025
VN-257     , Vietnam Airlines                       , 17:30         , 07:15       , 13h 45m ,     1,  8844172, Hà Nội        , Phú Bài     , Phổ thông   , 13/11/2025
VN-221     , Vietnam Airlines                       , 21:00         , 07:15       , 10h 15m ,     1,  9438785, Hà Nội        , Phú Bài     , Phổ thông   , 13/11/2025
VN-251     , Vietnam Airlines                       , 12:00         , 17:05       , 5h 5m   ,     1,  9919155, Hà Nội        , Phú Bài     , Phổ thông   , 13/11/2025
VN-1549    , Vietnam Airlines                       , 20:45         , 21:55       , 1h 10m  ,     0,  3633317, Hà Nội        , Phú Bài     , Thương gia  , 13/11/2025
VN-1541    , Vietnam Airlines                       , 06:00         , 07:15       , 1h 15m  ,     0,  4624940, Hà Nội        , Phú Bài     , Thương gia  , 13/11/2025
VN-1541    , Vietnam Airlines                       , 06:00         , 07:15       , 1h 15m  ,     0,  2710693, Hà Nội        , Phú Bài     , Phổ thông   , 14/11/2025
VJ-569     , VietJet Air                            , 19:15         , 20:30       , 1h 15m  ,     0,  2134275, Hà Nội        , Phú Bài     , Phổ thông   , 14/11/2025
VN-1549    , Vietnam Airlines                       , 20:45         , 21:55       , 1h 10m  ,     0,  3047581, Hà Nội        , Phú Bài     , Phổ thông   , 14/11/2025
VN-1549    , Vietnam Airlines                       , 20:05         , 21:15       , 1h 10m  ,     0,  4841179, Hà Nội        , Phú Bài     , Phổ thông   , 14/11/2025
VJ-161     , VietJet Air                            , 00:15         , 18:10       , 17h 55m ,     1,  2097615, Hà Nội        , Phú Bài     , Phổ thông   , 14/11/2025
VJ-161     , VietJet Air                            , 00:15         , 20:35       , 20h 20m ,     1,  2124987, Hà Nội        , Phú Bài     , Phổ thông   , 14/11/2025
VJ-161     , VietJet Air                            , 00:15         , 21:40       , 21h 25m ,     1,  2124987, Hà Nội        , Phú Bài     , Phổ thông   , 14/11/2025
QH-299     , "Bamboo Airways, VietJet Air"          , 23:05         , 21:40       , 22h 35m ,     1,  2219849, Hà Nội        , Phú Bài     , Phổ thông   , 14/11/2025
QH-299     , "Bamboo Airways, VietJet Air"          , 23:05         , 22:30       , 23h 25m ,     1,  2227236, Hà Nội        , Phú Bài     , Phổ thông   , 14/11/2025
VU-791     , "Vietravel Airlines, VietJet Air"      , 21:00         , 21:40       , 24h 40m ,     1,  2280584, Hà Nội        , Phú Bài     , Phổ thông   , 14/11/2025
VU-791     , "Vietravel Airlines, VietJet Air"      , 21:00         , 22:30       , 25h 30m ,     1,  2287971, Hà Nội        , Phú Bài     , Phổ thông   , 14/11/2025
VJ-123     , VietJet Air                            , 22:10         , 21:40       , 23h 30m ,     1,  2325657, Hà Nội        , Phú Bài     , Phổ thông   , 14/11/2025
VJ-187     , VietJet Air                            , 22:50         , 14:05       , 15h 15m ,     1,  2509355, Hà Nội        , Phú Bài     , Phổ thông   , 14/11/2025
VJ-123     , VietJet Air                            , 22:10         , 14:05       , 15h 55m ,     1,  2509355, Hà Nội        , Phú Bài     , Phổ thông   , 14/11/2025
VJ-187     , VietJet Air                            , 22:50         , 18:00       , 19h 10m ,     1,  2509355, Hà Nội        , Phú Bài     , Phổ thông   , 14/11/2025
VJ-123     , VietJet Air                            , 22:10         , 18:00       , 19h 50m ,     1,  2509355, Hà Nội        , Phú Bài     , Phổ thông   , 14/11/2025
VJ-161     , VietJet Air                            , 00:15         , 14:05       , 13h 50m ,     1,  2604600, Hà Nội        , Phú Bài     , Phổ thông   , 14/11/2025
VJ-191     , VietJet Air                            , 15:55         , 21:40       , 29h 45m ,     1,  2913404, Hà Nội        , Phú Bài     , Phổ thông   , 14/11/2025
VJ-171     , VietJet Air                            , 01:00         , 14:05       , 13h 5m  ,     1,  2958185, Hà Nội        , Phú Bài     , Phổ thông   , 14/11/2025
VJ-123     , VietJet Air                            , 22:10         , 12:25       , 14h 15m ,     1,  2988968, Hà Nội        , Phú Bài     , Phổ thông   , 14/11/2025
VJ-199     , VietJet Air                            , 15:55         , 21:40       , 5h 45m  ,     1,  3097102, Hà Nội        , Phú Bài     , Phổ thông   , 14/11/2025
VJ-191     , VietJet Air                            , 15:55         , 14:05       , 22h 10m ,     1,  3097102, Hà Nội        , Phú Bài     , Phổ thông   , 14/11/2025
VJ-199     , VietJet Air                            , 15:55         , 14:05       , 22h 10m ,     1,  3097102, Hà Nội        , Phú Bài     , Phổ thông   , 14/11/2025
VJ-191     , VietJet Air                            , 15:55         , 18:00       , 26h 5m  ,     1,  3097102, Hà Nội        , Phú Bài     , Phổ thông   , 14/11/2025
VU-751     , "Vietravel Airlines, VietJet Air"      , 08:50         , 18:10       , 9h 20m  ,     1,  3129430, Hà Nội        , Phú Bài     , Phổ thông   , 14/11/2025
VJ-187     , VietJet Air                            , 22:50         , 06:55       , 8h 5m   ,     1,  3132260, Hà Nội        , Phú Bài     , Phổ thông   , 14/11/2025
VJ-123     , VietJet Air                            , 22:10         , 06:55       , 8h 45m  ,     1,  3132260, Hà Nội        , Phú Bài     , Phổ thông   , 14/11/2025
VJ-187     , VietJet Air                            , 22:50         , 14:05       , 15h 15m ,     1,  3132260, Hà Nội        , Phú Bài     , Phổ thông   , 14/11/2025
VJ-123     , VietJet Air                            , 22:10         , 14:05       , 15h 55m ,     1,  3132260, Hà Nội        , Phú Bài     , Phổ thông   , 14/11/2025
VJ-187     , VietJet Air                            , 22:50         , 18:00       , 19h 10m ,     1,  3132260, Hà Nội        , Phú Bài     , Phổ thông   , 14/11/2025
VJ-123     , VietJet Air                            , 22:10         , 18:00       , 19h 50m ,     1,  3132260, Hà Nội        , Phú Bài     , Phổ thông   , 14/11/2025
VJ-187     , VietJet Air                            , 22:50         , 20:35       , 21h 45m ,     1,  3132260, Hà Nội        , Phú Bài     , Phổ thông   , 14/11/2025
VJ-123     , VietJet Air                            , 22:10         , 20:35       , 22h 25m ,     1,  3132260, Hà Nội        , Phú Bài     , Phổ thông   , 14/11/2025
VJ-187     , VietJet Air                            , 22:50         , 21:40       , 22h 50m ,     1,  3132260, Hà Nội        , Phú Bài     , Phổ thông   , 14/11/2025
VJ-123     , VietJet Air                            , 22:10         , 21:40       , 23h 30m ,     1,  3132260, Hà Nội        , Phú Bài     , Phổ thông   , 14/11/2025
VJ-187     , VietJet Air                            , 22:50         , 22:30       , 23h 40m ,     1,  3132260, Hà Nội        , Phú Bài     , Phổ thông   , 14/11/2025
VJ-123     , VietJet Air                            , 22:10         , 22:30       , 24h 20m ,     1,  3132260, Hà Nội        , Phú Bài     , Phổ thông   , 14/11/2025
VJ-137     , VietJet Air                            , 11:45         , 18:10       , 6h 25m  ,     1,  3252820, Hà Nội        , Phú Bài     , Phổ thông   , 14/11/2025
VJ-135     , VietJet Air                            , 11:10         , 18:10       , 7h 0m   ,     1,  3252820, Hà Nội        , Phú Bài     , Phổ thông   , 14/11/2025
VJ-171     , VietJet Air                            , 23:25         , 06:55       , 7h 30m  ,     1,  3277530, Hà Nội        , Phú Bài     , Phổ thông   , 14/11/2025
VJ-161     , VietJet Air                            , 21:50         , 06:55       , 9h 5m   ,     1,  3277530, Hà Nội        , Phú Bài     , Phổ thông   , 14/11/2025
VJ-171     , VietJet Air                            , 23:25         , 14:05       , 14h 40m ,     1,  3277530, Hà Nội        , Phú Bài     , Phổ thông   , 14/11/2025
VJ-171     , VietJet Air                            , 23:25         , 18:00       , 18h 35m ,     1,  3277530, Hà Nội        , Phú Bài     , Phổ thông   , 14/11/2025
VJ-171     , VietJet Air                            , 23:25         , 20:35       , 21h 10m ,     1,  3277530, Hà Nội        , Phú Bài     , Phổ thông   , 14/11/2025
VJ-171     , VietJet Air                            , 23:25         , 21:40       , 22h 15m ,     1,  3277530, Hà Nội        , Phú Bài     , Phổ thông   , 14/11/2025
VJ-171     , VietJet Air                            , 23:25         , 22:30       , 23h 5m  ,     1,  3277530, Hà Nội        , Phú Bài     , Phổ thông   , 14/11/2025
VJ-137     , VietJet Air                            , 11:45         , 14:05       , 26h 20m ,     1,  3280192, Hà Nội        , Phú Bài     , Phổ thông   , 14/11/2025
VJ-135     , VietJet Air                            , 11:10         , 14:05       , 26h 55m ,     1,  3280192, Hà Nội        , Phú Bài     , Phổ thông   , 14/11/2025
VJ-155     , VietJet Air                            , 20:05         , 06:55       , 10h 50m ,     1,  3385985, Hà Nội        , Phú Bài     , Phổ thông   , 14/11/2025
VJ-193     , VietJet Air                            , 18:10         , 06:55       , 12h 45m ,     1,  3385985, Hà Nội        , Phú Bài     , Phổ thông   , 14/11/2025
VJ-163     , VietJet Air                            , 17:20         , 06:55       , 13h 35m ,     1,  3385985, Hà Nội        , Phú Bài     , Phổ thông   , 14/11/2025
VJ-147     , VietJet Air                            , 17:10         , 06:55       , 13h 45m ,     1,  3385985, Hà Nội        , Phú Bài     , Phổ thông   , 14/11/2025
QH-211     , "Bamboo Airways, VietJet Air"          , 10:10         , 18:10       , 8h 0m   ,     1,  3477728, Hà Nội        , Phú Bài     , Phổ thông   , 14/11/2025
VU-771     , "Vietravel Airlines, VietJet Air"      , 10:50         , 18:10       , 7h 20m  ,     1,  3506535, Hà Nội        , Phú Bài     , Phổ thông   , 14/11/2025
VJ-199     , VietJet Air                            , 15:55         , 22:30       , 6h 35m  ,     1,  3531255, Hà Nội        , Phú Bài     , Phổ thông   , 14/11/2025
VJ-191     , VietJet Air                            , 15:55         , 22:30       , 6h 35m  ,     1,  3531255, Hà Nội        , Phú Bài     , Phổ thông   , 14/11/2025
VJ-191     , VietJet Air                            , 15:55         , 12:25       , 20h 30m ,     1,  3576715, Hà Nội        , Phú Bài     , Phổ thông   , 14/11/2025
VJ-199     , VietJet Air                            , 15:55         , 12:25       , 20h 30m ,     1,  3576715, Hà Nội        , Phú Bài     , Phổ thông   , 14/11/2025
9G-853     , "SUN PhuQuoc AIRWAYS, VietJet Air"     , 15:15         , 21:40       , 6h 25m  ,     1,  3646342, Hà Nội        , Phú Bài     , Phổ thông   , 14/11/2025
VJ-151     , VietJet Air                            , 14:00         , 20:35       , 6h 35m  ,     1,  3648168, Hà Nội        , Phú Bài     , Phổ thông   , 14/11/2025
VJ-151     , VietJet Air                            , 14:00         , 21:40       , 7h 40m  ,     1,  3648168, Hà Nội        , Phú Bài     , Phổ thông   , 14/11/2025
VJ-161     , "VietJet Air, Vietnam Airlines"        , 00:15         , 07:15       , 7h 0m   ,     1,  3764135, Hà Nội        , Phú Bài     , Phổ thông   , 14/11/2025
VJ-135     , "VietJet Air, Vietnam Airlines"        , 11:10         , 17:05       , 5h 55m  ,     1,  4104082, Hà Nội        , Phú Bài     , Phổ thông   , 14/11/2025
VN-247     , Vietnam Airlines                       , 10:00         , 21:45       , 35h 45m ,     1,  5272395, Hà Nội        , Phú Bài     , Phổ thông   , 14/11/2025
VN-207     , Vietnam Airlines                       , 07:00         , 17:05       , 10h 5m  ,     1,  5429187, Hà Nội        , Phú Bài     , Phổ thông   , 14/11/2025
VN-243     , Vietnam Airlines                       , 06:00         , 21:45       , 39h 45m ,     1,  5433219, Hà Nội        , Phú Bài     , Phổ thông   , 14/11/2025
VN-205     , Vietnam Airlines                       , 05:00         , 21:45       , 40h 45m ,     1,  5484358, Hà Nội        , Phú Bài     , Phổ thông   , 14/11/2025
VN-207     , Vietnam Airlines                       , 07:00         , 21:45       , 38h 45m ,     1,  5541975, Hà Nội        , Phú Bài     , Phổ thông   , 14/11/2025
VN-245     , Vietnam Airlines                       , 08:00         , 17:05       , 9h 5m   ,     1,  5550446, Hà Nội        , Phú Bài     , Phổ thông   , 14/11/2025
VN-243     , Vietnam Airlines                       , 06:00         , 12:30       , 30h 30m ,     1,  5571524, Hà Nội        , Phú Bài     , Phổ thông   , 14/11/2025
VN-205     , Vietnam Airlines                       , 05:00         , 12:30       , 31h 30m ,     1,  5622663, Hà Nội        , Phú Bài     , Phổ thông   , 14/11/2025
VN-211     , Vietnam Airlines                       , 11:00         , 17:05       , 6h 5m   ,     1,  5625925, Hà Nội        , Phú Bài     , Phổ thông   , 14/11/2025
VN-245     , Vietnam Airlines                       , 08:00         , 21:45       , 37h 45m ,     1,  5663234, Hà Nội        , Phú Bài     , Phổ thông   , 14/11/2025
VN-207     , Vietnam Airlines                       , 07:00         , 12:30       , 29h 30m ,     1,  5680280, Hà Nội        , Phú Bài     , Phổ thông   , 14/11/2025
VN-253     , Vietnam Airlines                       , 14:00         , 21:45       , 31h 45m ,     1,  5738713, Hà Nội        , Phú Bài     , Phổ thông   , 14/11/2025
VN-251     , Vietnam Airlines                       , 12:00         , 21:45       , 33h 45m ,     1,  5738713, Hà Nội        , Phú Bài     , Phổ thông   , 14/11/2025
VN-211     , Vietnam Airlines                       , 11:00         , 21:45       , 34h 45m ,     1,  5738713, Hà Nội        , Phú Bài     , Phổ thông   , 14/11/2025
VN-215     , Vietnam Airlines                       , 15:00         , 21:45       , 30h 45m ,     1,  5915502, Hà Nội        , Phú Bài     , Phổ thông   , 14/11/2025
VN-265     , Vietnam Airlines                       , 20:30         , 07:15       , 10h 45m ,     1,  5950100, Hà Nội        , Phú Bài     , Phổ thông   , 14/11/2025
VN-265     , Vietnam Airlines                       , 20:30         , 21:45       , 25h 15m ,     1,  5950100, Hà Nội        , Phú Bài     , Phổ thông   , 14/11/2025
VN-213     , Vietnam Airlines                       , 13:00         , 21:45       , 32h 45m ,     1,  5984225, Hà Nội        , Phú Bài     , Phổ thông   , 14/11/2025
VN-265     , Vietnam Airlines                       , 20:30         , 12:30       , 16h 0m  ,     1,  6789894, Hà Nội        , Phú Bài     , Phổ thông   , 14/11/2025
VN-265     , Vietnam Airlines                       , 20:30         , 17:05       , 20h 35m ,     1,  6789894, Hà Nội        , Phú Bài     , Phổ thông   , 14/11/2025
VN-267     , Vietnam Airlines                       , 22:00         , 07:15       , 9h 15m  ,     1,  7005455, Hà Nội        , Phú Bài     , Phổ thông   , 14/11/2025
VN-267     , Vietnam Airlines                       , 22:00         , 21:45       , 23h 45m ,     1,  7119225, Hà Nội        , Phú Bài     , Phổ thông   , 14/11/2025
VN-6025    , Vietnam Airlines                       , 23:00         , 21:45       , 22h 45m ,     1,  7633128, Hà Nội        , Phú Bài     , Phổ thông   , 14/11/2025
VN-6025    , Vietnam Airlines                       , 23:00         , 07:15       , 8h 15m  ,     1,  7661500, Hà Nội        , Phú Bài     , Phổ thông   , 14/11/2025
VN-267     , Vietnam Airlines                       , 22:00         , 12:30       , 14h 30m ,     1,  7777963, Hà Nội        , Phú Bài     , Phổ thông   , 14/11/2025
VN-227     , Vietnam Airlines                       , 05:45         , 17:05       , 11h 20m ,     1,  7922417, Hà Nội        , Phú Bài     , Phổ thông   , 14/11/2025
VN-267     , Vietnam Airlines                       , 22:00         , 17:05       , 19h 5m  ,     1,  8000372, Hà Nội        , Phú Bài     , Phổ thông   , 14/11/2025
VN-231     , Vietnam Airlines                       , 18:30         , 07:15       , 12h 45m ,     1,  8275606, Hà Nội        , Phú Bài     , Phổ thông   , 14/11/2025
VN-247     , Vietnam Airlines                       , 10:00         , 17:05       , 7h 5m   ,     1,  8366955, Hà Nội        , Phú Bài     , Phổ thông   , 14/11/2025
VN-6025    , Vietnam Airlines                       , 23:00         , 12:30       , 13h 30m ,     1,  8368210, Hà Nội        , Phú Bài     , Phổ thông   , 14/11/2025
VN-6025    , Vietnam Airlines                       , 23:00         , 17:05       , 18h 5m  ,     1,  8368210, Hà Nội        , Phú Bài     , Phổ thông   , 14/11/2025
VN-7215    , Vietnam Airlines                       , 09:25         , 17:05       , 7h 40m  ,     1,  8496798, Hà Nội        , Phú Bài     , Phổ thông   , 14/11/2025
VN-227     , Vietnam Airlines                       , 05:45         , 07:15       , 25h 30m ,     1,  8596800, Hà Nội        , Phú Bài     , Phổ thông   , 14/11/2025
VN-231     , Vietnam Airlines                       , 18:30         , 12:30       , 18h 0m  ,     1,  8661699, Hà Nội        , Phú Bài     , Phổ thông   , 14/11/2025
VN-231     , Vietnam Airlines                       , 18:30         , 17:05       , 22h 35m ,     1,  8661699, Hà Nội        , Phú Bài     , Phổ thông   , 14/11/2025
VN-205     , Vietnam Airlines                       , 05:00         , 17:05       , 12h 5m  ,     1,  8751025, Hà Nội        , Phú Bài     , Phổ thông   , 14/11/2025
VN-259     , Vietnam Airlines                       , 18:00         , 07:15       , 13h 15m ,     1,  8844172, Hà Nội        , Phú Bài     , Phổ thông   , 14/11/2025
VN-257     , Vietnam Airlines                       , 17:30         , 07:15       , 13h 45m ,     1,  8844172, Hà Nội        , Phú Bài     , Phổ thông   , 14/11/2025
VN-243     , Vietnam Airlines                       , 06:00         , 17:05       , 11h 5m  ,     1,  8954639, Hà Nội        , Phú Bài     , Phổ thông   , 14/11/2025
VN-209     , Vietnam Airlines                       , 09:00         , 17:05       , 8h 5m   ,     1,  8992553, Hà Nội        , Phú Bài     , Phổ thông   , 14/11/2025
VN-221     , Vietnam Airlines                       , 21:00         , 07:15       , 10h 15m ,     1,  9438785, Hà Nội        , Phú Bài     , Phổ thông   , 14/11/2025
VN-251     , Vietnam Airlines                       , 12:00         , 17:05       , 5h 5m   ,     1,  9919155, Hà Nội        , Phú Bài     , Phổ thông   , 14/11/2025
VN-1549    , Vietnam Airlines                       , 20:45         , 21:55       , 1h 10m  ,     0,  3633317, Hà Nội        , Phú Bài     , Thương gia  , 14/11/2025
VN-1541    , Vietnam Airlines                       , 06:00         , 07:15       , 1h 15m  ,     0,  4624940, Hà Nội        , Phú Bài     , Thương gia  , 14/11/2025
VN-1541    , Vietnam Airlines                       , 06:00         , 07:15       , 1h 15m  ,     0,  2710693, Hà Nội        , Phú Bài     , Phổ thông   , 15/11/2025
VJ-569     , VietJet Air                            , 19:15         , 20:30       , 1h 15m  ,     0,  2134275, Hà Nội        , Phú Bài     , Phổ thông   , 15/11/2025
VN-1549    , Vietnam Airlines                       , 20:45         , 21:55       , 1h 10m  ,     0,  3047581, Hà Nội        , Phú Bài     , Phổ thông   , 15/11/2025
VN-1549    , Vietnam Airlines                       , 20:05         , 21:15       , 1h 10m  ,     0,  4841179, Hà Nội        , Phú Bài     , Phổ thông   , 15/11/2025
VJ-161     , VietJet Air                            , 00:15         , 18:10       , 17h 55m ,     1,  2097615, Hà Nội        , Phú Bài     , Phổ thông   , 15/11/2025
VJ-161     , VietJet Air                            , 00:15         , 20:35       , 20h 20m ,     1,  2124987, Hà Nội        , Phú Bài     , Phổ thông   , 15/11/2025
VJ-161     , VietJet Air                            , 00:15         , 21:40       , 21h 25m ,     1,  2124987, Hà Nội        , Phú Bài     , Phổ thông   , 15/11/2025
QH-299     , "Bamboo Airways, VietJet Air"          , 23:05         , 21:40       , 22h 35m ,     1,  2219849, Hà Nội        , Phú Bài     , Phổ thông   , 15/11/2025
QH-299     , "Bamboo Airways, VietJet Air"          , 23:05         , 22:30       , 23h 25m ,     1,  2227236, Hà Nội        , Phú Bài     , Phổ thông   , 15/11/2025
VU-791     , "Vietravel Airlines, VietJet Air"      , 21:00         , 21:40       , 24h 40m ,     1,  2280584, Hà Nội        , Phú Bài     , Phổ thông   , 15/11/2025
VU-791     , "Vietravel Airlines, VietJet Air"      , 21:00         , 22:30       , 25h 30m ,     1,  2287971, Hà Nội        , Phú Bài     , Phổ thông   , 15/11/2025
VJ-123     , VietJet Air                            , 22:10         , 21:40       , 23h 30m ,     1,  2296362, Hà Nội        , Phú Bài     , Phổ thông   , 15/11/2025
VJ-187     , VietJet Air                            , 22:50         , 14:05       , 15h 15m ,     1,  2480060, Hà Nội        , Phú Bài     , Phổ thông   , 15/11/2025
VJ-123     , VietJet Air                            , 22:10         , 14:05       , 15h 55m ,     1,  2480060, Hà Nội        , Phú Bài     , Phổ thông   , 15/11/2025
VJ-187     , VietJet Air                            , 22:50         , 18:00       , 19h 10m ,     1,  2480060, Hà Nội        , Phú Bài     , Phổ thông   , 15/11/2025
VJ-123     , VietJet Air                            , 22:10         , 18:00       , 19h 50m ,     1,  2480060, Hà Nội        , Phú Bài     , Phổ thông   , 15/11/2025
VJ-161     , VietJet Air                            , 00:15         , 14:05       , 13h 50m ,     1,  2604600, Hà Nội        , Phú Bài     , Phổ thông   , 15/11/2025
VJ-191     , VietJet Air                            , 15:55         , 21:40       , 29h 45m ,     1,  2913404, Hà Nội        , Phú Bài     , Phổ thông   , 15/11/2025
VJ-171     , VietJet Air                            , 01:00         , 14:05       , 13h 5m  ,     1,  2958185, Hà Nội        , Phú Bài     , Phổ thông   , 15/11/2025
VJ-123     , VietJet Air                            , 22:10         , 12:25       , 14h 15m ,     1,  2959673, Hà Nội        , Phú Bài     , Phổ thông   , 15/11/2025
VJ-199     , VietJet Air                            , 15:55         , 21:40       , 5h 45m  ,     1,  3097102, Hà Nội        , Phú Bài     , Phổ thông   , 15/11/2025
VJ-191     , VietJet Air                            , 15:55         , 14:05       , 22h 10m ,     1,  3097102, Hà Nội        , Phú Bài     , Phổ thông   , 15/11/2025
VJ-199     , VietJet Air                            , 15:55         , 14:05       , 22h 10m ,     1,  3097102, Hà Nội        , Phú Bài     , Phổ thông   , 15/11/2025
VJ-191     , VietJet Air                            , 15:55         , 18:00       , 26h 5m  ,     1,  3097102, Hà Nội        , Phú Bài     , Phổ thông   , 15/11/2025
VU-751     , "Vietravel Airlines, VietJet Air"      , 08:50         , 18:10       , 9h 20m  ,     1,  3129430, Hà Nội        , Phú Bài     , Phổ thông   , 15/11/2025
VJ-187     , VietJet Air                            , 22:50         , 06:55       , 8h 5m   ,     1,  3132260, Hà Nội        , Phú Bài     , Phổ thông   , 15/11/2025
VJ-123     , VietJet Air                            , 22:10         , 06:55       , 8h 45m  ,     1,  3132260, Hà Nội        , Phú Bài     , Phổ thông   , 15/11/2025
VJ-187     , VietJet Air                            , 22:50         , 14:05       , 15h 15m ,     1,  3132260, Hà Nội        , Phú Bài     , Phổ thông   , 15/11/2025
VJ-123     , VietJet Air                            , 22:10         , 14:05       , 15h 55m ,     1,  3132260, Hà Nội        , Phú Bài     , Phổ thông   , 15/11/2025
VJ-187     , VietJet Air                            , 22:50         , 18:00       , 19h 10m ,     1,  3132260, Hà Nội        , Phú Bài     , Phổ thông   , 15/11/2025
VJ-123     , VietJet Air                            , 22:10         , 18:00       , 19h 50m ,     1,  3132260, Hà Nội        , Phú Bài     , Phổ thông   , 15/11/2025
VJ-187     , VietJet Air                            , 22:50         , 20:35       , 21h 45m ,     1,  3132260, Hà Nội        , Phú Bài     , Phổ thông   , 15/11/2025
VJ-123     , VietJet Air                            , 22:10         , 20:35       , 22h 25m ,     1,  3132260, Hà Nội        , Phú Bài     , Phổ thông   , 15/11/2025
VJ-187     , VietJet Air                            , 22:50         , 21:40       , 22h 50m ,     1,  3132260, Hà Nội        , Phú Bài     , Phổ thông   , 15/11/2025
VJ-123     , VietJet Air                            , 22:10         , 21:40       , 23h 30m ,     1,  3132260, Hà Nội        , Phú Bài     , Phổ thông   , 15/11/2025
VJ-187     , VietJet Air                            , 22:50         , 22:30       , 23h 40m ,     1,  3132260, Hà Nội        , Phú Bài     , Phổ thông   , 15/11/2025
VJ-123     , VietJet Air                            , 22:10         , 22:30       , 24h 20m ,     1,  3132260, Hà Nội        , Phú Bài     , Phổ thông   , 15/11/2025
VJ-137     , VietJet Air                            , 11:45         , 18:10       , 6h 25m  ,     1,  3252820, Hà Nội        , Phú Bài     , Phổ thông   , 15/11/2025
VJ-135     , VietJet Air                            , 11:10         , 18:10       , 7h 0m   ,     1,  3252820, Hà Nội        , Phú Bài     , Phổ thông   , 15/11/2025
VJ-171     , VietJet Air                            , 23:25         , 06:55       , 7h 30m  ,     1,  3277530, Hà Nội        , Phú Bài     , Phổ thông   , 15/11/2025
VJ-161     , VietJet Air                            , 21:50         , 06:55       , 9h 5m   ,     1,  3277530, Hà Nội        , Phú Bài     , Phổ thông   , 15/11/2025
VJ-171     , VietJet Air                            , 23:25         , 14:05       , 14h 40m ,     1,  3277530, Hà Nội        , Phú Bài     , Phổ thông   , 15/11/2025
VJ-171     , VietJet Air                            , 23:25         , 18:00       , 18h 35m ,     1,  3277530, Hà Nội        , Phú Bài     , Phổ thông   , 15/11/2025
VJ-171     , VietJet Air                            , 23:25         , 20:35       , 21h 10m ,     1,  3277530, Hà Nội        , Phú Bài     , Phổ thông   , 15/11/2025
VJ-171     , VietJet Air                            , 23:25         , 21:40       , 22h 15m ,     1,  3277530, Hà Nội        , Phú Bài     , Phổ thông   , 15/11/2025
VJ-171     , VietJet Air                            , 23:25         , 22:30       , 23h 5m  ,     1,  3277530, Hà Nội        , Phú Bài     , Phổ thông   , 15/11/2025
VJ-137     , VietJet Air                            , 11:45         , 14:05       , 26h 20m ,     1,  3280192, Hà Nội        , Phú Bài     , Phổ thông   , 15/11/2025
VJ-135     , VietJet Air                            , 11:10         , 14:05       , 26h 55m ,     1,  3280192, Hà Nội        , Phú Bài     , Phổ thông   , 15/11/2025
VJ-155     , VietJet Air                            , 20:05         , 06:55       , 10h 50m ,     1,  3385985, Hà Nội        , Phú Bài     , Phổ thông   , 15/11/2025
VJ-193     , VietJet Air                            , 18:10         , 06:55       , 12h 45m ,     1,  3385985, Hà Nội        , Phú Bài     , Phổ thông   , 15/11/2025
VJ-163     , VietJet Air                            , 17:20         , 06:55       , 13h 35m ,     1,  3385985, Hà Nội        , Phú Bài     , Phổ thông   , 15/11/2025
VJ-147     , VietJet Air                            , 17:10         , 06:55       , 13h 45m ,     1,  3385985, Hà Nội        , Phú Bài     , Phổ thông   , 15/11/2025
QH-211     , "Bamboo Airways, VietJet Air"          , 10:10         , 18:10       , 8h 0m   ,     1,  3477728, Hà Nội        , Phú Bài     , Phổ thông   , 15/11/2025
VU-771     , "Vietravel Airlines, VietJet Air"      , 10:50         , 18:10       , 7h 20m  ,     1,  3506535, Hà Nội        , Phú Bài     , Phổ thông   , 15/11/2025
VJ-199     , VietJet Air                            , 15:55         , 22:30       , 6h 35m  ,     1,  3531255, Hà Nội        , Phú Bài     , Phổ thông   , 15/11/2025
VJ-191     , VietJet Air                            , 15:55         , 22:30       , 6h 35m  ,     1,  3531255, Hà Nội        , Phú Bài     , Phổ thông   , 15/11/2025
VJ-191     , VietJet Air                            , 15:55         , 12:25       , 20h 30m ,     1,  3576715, Hà Nội        , Phú Bài     , Phổ thông   , 15/11/2025
VJ-199     , VietJet Air                            , 15:55         , 12:25       , 20h 30m ,     1,  3576715, Hà Nội        , Phú Bài     , Phổ thông   , 15/11/2025
9G-853     , "SUN PhuQuoc AIRWAYS, VietJet Air"     , 15:15         , 21:40       , 6h 25m  ,     1,  3646342, Hà Nội        , Phú Bài     , Phổ thông   , 15/11/2025
VJ-151     , VietJet Air                            , 14:00         , 20:35       , 6h 35m  ,     1,  3648168, Hà Nội        , Phú Bài     , Phổ thông   , 15/11/2025
VJ-151     , VietJet Air                            , 14:00         , 21:40       , 7h 40m  ,     1,  3648168, Hà Nội        , Phú Bài     , Phổ thông   , 15/11/2025
VJ-161     , "VietJet Air, Vietnam Airlines"        , 00:15         , 07:15       , 7h 0m   ,     1,  3764135, Hà Nội        , Phú Bài     , Phổ thông   , 15/11/2025
VJ-135     , "VietJet Air, Vietnam Airlines"        , 11:10         , 17:05       , 5h 55m  ,     1,  4104082, Hà Nội        , Phú Bài     , Phổ thông   , 15/11/2025
VN-247     , Vietnam Airlines                       , 10:00         , 21:45       , 35h 45m ,     1,  5272395, Hà Nội        , Phú Bài     , Phổ thông   , 15/11/2025
VN-207     , Vietnam Airlines                       , 07:00         , 17:05       , 10h 5m  ,     1,  5429187, Hà Nội        , Phú Bài     , Phổ thông   , 15/11/2025
VN-243     , Vietnam Airlines                       , 06:00         , 21:45       , 39h 45m ,     1,  5433219, Hà Nội        , Phú Bài     , Phổ thông   , 15/11/2025
VN-205     , Vietnam Airlines                       , 05:00         , 21:45       , 40h 45m ,     1,  5484358, Hà Nội        , Phú Bài     , Phổ thông   , 15/11/2025
VN-207     , Vietnam Airlines                       , 07:00         , 21:45       , 38h 45m ,     1,  5541975, Hà Nội        , Phú Bài     , Phổ thông   , 15/11/2025
VN-245     , Vietnam Airlines                       , 08:00         , 17:05       , 9h 5m   ,     1,  5550446, Hà Nội        , Phú Bài     , Phổ thông   , 15/11/2025
VN-243     , Vietnam Airlines                       , 06:00         , 12:30       , 30h 30m ,     1,  5571524, Hà Nội        , Phú Bài     , Phổ thông   , 15/11/2025
VN-205     , Vietnam Airlines                       , 05:00         , 12:30       , 31h 30m ,     1,  5622663, Hà Nội        , Phú Bài     , Phổ thông   , 15/11/2025
VN-211     , Vietnam Airlines                       , 11:00         , 17:05       , 6h 5m   ,     1,  5625925, Hà Nội        , Phú Bài     , Phổ thông   , 15/11/2025
VN-245     , Vietnam Airlines                       , 08:00         , 21:45       , 37h 45m ,     1,  5663234, Hà Nội        , Phú Bài     , Phổ thông   , 15/11/2025
VN-207     , Vietnam Airlines                       , 07:00         , 12:30       , 29h 30m ,     1,  5680280, Hà Nội        , Phú Bài     , Phổ thông   , 15/11/2025
VN-253     , Vietnam Airlines                       , 14:00         , 21:45       , 31h 45m ,     1,  5738713, Hà Nội        , Phú Bài     , Phổ thông   , 15/11/2025
VN-251     , Vietnam Airlines                       , 12:00         , 21:45       , 33h 45m ,     1,  5738713, Hà Nội        , Phú Bài     , Phổ thông   , 15/11/2025
VN-211     , Vietnam Airlines                       , 11:00         , 21:45       , 34h 45m ,     1,  5738713, Hà Nội        , Phú Bài     , Phổ thông   , 15/11/2025
VN-265     , Vietnam Airlines                       , 20:30         , 07:15       , 10h 45m ,     1,  5906320, Hà Nội        , Phú Bài     , Phổ thông   , 15/11/2025
VN-265     , Vietnam Airlines                       , 20:30         , 21:45       , 25h 15m ,     1,  5906320, Hà Nội        , Phú Bài     , Phổ thông   , 15/11/2025
VN-265     , Vietnam Airlines                       , 20:30         , 12:30       , 16h 0m  ,     1,  6789894, Hà Nội        , Phú Bài     , Phổ thông   , 15/11/2025
VN-265     , Vietnam Airlines                       , 20:30         , 17:05       , 20h 35m ,     1,  6789894, Hà Nội        , Phú Bài     , Phổ thông   , 15/11/2025
VN-267     , Vietnam Airlines                       , 22:00         , 07:15       , 9h 15m  ,     1,  7005455, Hà Nội        , Phú Bài     , Phổ thông   , 15/11/2025
VN-267     , Vietnam Airlines                       , 22:00         , 21:45       , 23h 45m ,     1,  7119225, Hà Nội        , Phú Bài     , Phổ thông   , 15/11/2025
VN-6025    , Vietnam Airlines                       , 23:00         , 21:45       , 22h 45m ,     1,  7633128, Hà Nội        , Phú Bài     , Phổ thông   , 15/11/2025
VN-6025    , Vietnam Airlines                       , 23:00         , 07:15       , 8h 15m  ,     1,  7660505, Hà Nội        , Phú Bài     , Phổ thông   , 15/11/2025
VN-267     , Vietnam Airlines                       , 22:00         , 12:30       , 14h 30m ,     1,  7777963, Hà Nội        , Phú Bài     , Phổ thông   , 15/11/2025
VN-227     , Vietnam Airlines                       , 05:45         , 17:05       , 11h 20m ,     1,  7922417, Hà Nội        , Phú Bài     , Phổ thông   , 15/11/2025
VN-267     , Vietnam Airlines                       , 22:00         , 17:05       , 19h 5m  ,     1,  7954030, Hà Nội        , Phú Bài     , Phổ thông   , 15/11/2025
VN-231     , Vietnam Airlines                       , 18:30         , 07:15       , 12h 45m ,     1,  8275606, Hà Nội        , Phú Bài     , Phổ thông   , 15/11/2025
VN-247     , Vietnam Airlines                       , 10:00         , 17:05       , 7h 5m   ,     1,  8365960, Hà Nội        , Phú Bài     , Phổ thông   , 15/11/2025
VN-6025    , Vietnam Airlines                       , 23:00         , 12:30       , 13h 30m ,     1,  8368210, Hà Nội        , Phú Bài     , Phổ thông   , 15/11/2025
VN-6025    , Vietnam Airlines                       , 23:00         , 17:05       , 18h 5m  ,     1,  8368210, Hà Nội        , Phú Bài     , Phổ thông   , 15/11/2025
VN-7215    , Vietnam Airlines                       , 09:25         , 17:05       , 7h 40m  ,     1,  8496798, Hà Nội        , Phú Bài     , Phổ thông   , 15/11/2025
VN-227     , Vietnam Airlines                       , 05:45         , 07:15       , 25h 30m ,     1,  8596800, Hà Nội        , Phú Bài     , Phổ thông   , 15/11/2025
VN-231     , Vietnam Airlines                       , 18:30         , 12:30       , 18h 0m  ,     1,  8661699, Hà Nội        , Phú Bài     , Phổ thông   , 15/11/2025
VN-231     , Vietnam Airlines                       , 18:30         , 17:05       , 22h 35m ,     1,  8661699, Hà Nội        , Phú Bài     , Phổ thông   , 15/11/2025
VN-205     , Vietnam Airlines                       , 05:00         , 17:05       , 12h 5m  ,     1,  8687345, Hà Nội        , Phú Bài     , Phổ thông   , 15/11/2025
VN-259     , Vietnam Airlines                       , 18:00         , 07:15       , 13h 15m ,     1,  8844172, Hà Nội        , Phú Bài     , Phổ thông   , 15/11/2025
VN-257     , Vietnam Airlines                       , 17:30         , 07:15       , 13h 45m ,     1,  8844172, Hà Nội        , Phú Bài     , Phổ thông   , 15/11/2025
VN-243     , Vietnam Airlines                       , 06:00         , 17:05       , 11h 5m  ,     1,  8954639, Hà Nội        , Phú Bài     , Phổ thông   , 15/11/2025
VN-209     , Vietnam Airlines                       , 09:00         , 17:05       , 8h 5m   ,     1,  8992553, Hà Nội        , Phú Bài     , Phổ thông   , 15/11/2025
VN-221     , Vietnam Airlines                       , 21:00         , 07:15       , 10h 15m ,     1,  9438785, Hà Nội        , Phú Bài     , Phổ thông   , 15/11/2025
VN-251     , Vietnam Airlines                       , 12:00         , 17:05       , 5h 5m   ,     1,  9844530, Hà Nội        , Phú Bài     , Phổ thông   , 15/11/2025
VN-1549    , Vietnam Airlines                       , 20:45         , 21:55       , 1h 10m  ,     0,  3633317, Hà Nội        , Phú Bài     , Thương gia  , 15/11/2025
VN-1541    , Vietnam Airlines                       , 06:00         , 07:15       , 1h 15m  ,     0,  4624940, Hà Nội        , Phú Bài     , Thương gia  , 15/11/2025
VN-1541    , Vietnam Airlines                       , 06:00         , 07:15       , 1h 15m  ,     0,  2710693, Hà Nội        , Phú Bài     , Phổ thông   , 16/11/2025
VJ-569     , VietJet Air                            , 19:15         , 20:30       , 1h 15m  ,     0,  2134275, Hà Nội        , Phú Bài     , Phổ thông   , 16/11/2025
VN-1549    , Vietnam Airlines                       , 20:45         , 21:55       , 1h 10m  ,     0,  3047581, Hà Nội        , Phú Bài     , Phổ thông   , 16/11/2025
VN-1549    , Vietnam Airlines                       , 20:05         , 21:15       , 1h 10m  ,     0,  4841179, Hà Nội        , Phú Bài     , Phổ thông   , 16/11/2025
VJ-161     , VietJet Air                            , 00:15         , 18:10       , 17h 55m ,     1,  2097615, Hà Nội        , Phú Bài     , Phổ thông   , 16/11/2025
VJ-161     , VietJet Air                            , 00:15         , 20:35       , 20h 20m ,     1,  2124987, Hà Nội        , Phú Bài     , Phổ thông   , 16/11/2025
VJ-161     , VietJet Air                            , 00:15         , 21:40       , 21h 25m ,     1,  2124987, Hà Nội        , Phú Bài     , Phổ thông   , 16/11/2025
QH-299     , "Bamboo Airways, VietJet Air"          , 23:05         , 21:40       , 22h 35m ,     1,  2219849, Hà Nội        , Phú Bài     , Phổ thông   , 16/11/2025
QH-299     , "Bamboo Airways, VietJet Air"          , 23:05         , 22:30       , 23h 25m ,     1,  2227236, Hà Nội        , Phú Bài     , Phổ thông   , 16/11/2025
VU-791     , "Vietravel Airlines, VietJet Air"      , 21:00         , 21:40       , 24h 40m ,     1,  2280584, Hà Nội        , Phú Bài     , Phổ thông   , 16/11/2025
VU-791     , "Vietravel Airlines, VietJet Air"      , 21:00         , 22:30       , 25h 30m ,     1,  2287971, Hà Nội        , Phú Bài     , Phổ thông   , 16/11/2025
VJ-123     , VietJet Air                            , 22:10         , 21:40       , 23h 30m ,     1,  2291529, Hà Nội        , Phú Bài     , Phổ thông   , 16/11/2025
VJ-187     , VietJet Air                            , 22:50         , 14:05       , 15h 15m ,     1,  2475227, Hà Nội        , Phú Bài     , Phổ thông   , 16/11/2025
VJ-123     , VietJet Air                            , 22:10         , 14:05       , 15h 55m ,     1,  2475227, Hà Nội        , Phú Bài     , Phổ thông   , 16/11/2025
VJ-187     , VietJet Air                            , 22:50         , 18:00       , 19h 10m ,     1,  2475227, Hà Nội        , Phú Bài     , Phổ thông   , 16/11/2025
VJ-123     , VietJet Air                            , 22:10         , 18:00       , 19h 50m ,     1,  2475227, Hà Nội        , Phú Bài     , Phổ thông   , 16/11/2025
VJ-161     , VietJet Air                            , 00:15         , 14:05       , 13h 50m ,     1,  2604600, Hà Nội        , Phú Bài     , Phổ thông   , 16/11/2025
VJ-191     , VietJet Air                            , 15:55         , 21:40       , 29h 45m ,     1,  2913404, Hà Nội        , Phú Bài     , Phổ thông   , 16/11/2025
VJ-123     , VietJet Air                            , 22:10         , 12:25       , 14h 15m ,     1,  2954840, Hà Nội        , Phú Bài     , Phổ thông   , 16/11/2025
VJ-171     , VietJet Air                            , 01:00         , 14:05       , 13h 5m  ,     1,  2958185, Hà Nội        , Phú Bài     , Phổ thông   , 16/11/2025
VJ-199     , VietJet Air                            , 15:55         , 21:40       , 5h 45m  ,     1,  3097102, Hà Nội        , Phú Bài     , Phổ thông   , 16/11/2025
VJ-199     , VietJet Air                            , 15:55         , 14:05       , 22h 10m ,     1,  3097102, Hà Nội        , Phú Bài     , Phổ thông   , 16/11/2025
VJ-191     , VietJet Air                            , 15:55         , 14:05       , 22h 10m ,     1,  3097102, Hà Nội        , Phú Bài     , Phổ thông   , 16/11/2025
VJ-191     , VietJet Air                            , 15:55         , 18:00       , 26h 5m  ,     1,  3097102, Hà Nội        , Phú Bài     , Phổ thông   , 16/11/2025
VU-751     , "Vietravel Airlines, VietJet Air"      , 08:50         , 18:10       , 9h 20m  ,     1,  3129430, Hà Nội        , Phú Bài     , Phổ thông   , 16/11/2025
VJ-187     , VietJet Air                            , 22:50         , 06:55       , 8h 5m   ,     1,  3132260, Hà Nội        , Phú Bài     , Phổ thông   , 16/11/2025
VJ-123     , VietJet Air                            , 22:10         , 06:55       , 8h 45m  ,     1,  3132260, Hà Nội        , Phú Bài     , Phổ thông   , 16/11/2025
VJ-187     , VietJet Air                            , 22:50         , 14:05       , 15h 15m ,     1,  3132260, Hà Nội        , Phú Bài     , Phổ thông   , 16/11/2025
VJ-123     , VietJet Air                            , 22:10         , 14:05       , 15h 55m ,     1,  3132260, Hà Nội        , Phú Bài     , Phổ thông   , 16/11/2025
VJ-187     , VietJet Air                            , 22:50         , 18:00       , 19h 10m ,     1,  3132260, Hà Nội        , Phú Bài     , Phổ thông   , 16/11/2025
VJ-123     , VietJet Air                            , 22:10         , 18:00       , 19h 50m ,     1,  3132260, Hà Nội        , Phú Bài     , Phổ thông   , 16/11/2025
VJ-187     , VietJet Air                            , 22:50         , 20:35       , 21h 45m ,     1,  3132260, Hà Nội        , Phú Bài     , Phổ thông   , 16/11/2025
VJ-123     , VietJet Air                            , 22:10         , 20:35       , 22h 25m ,     1,  3132260, Hà Nội        , Phú Bài     , Phổ thông   , 16/11/2025
VJ-187     , VietJet Air                            , 22:50         , 21:40       , 22h 50m ,     1,  3132260, Hà Nội        , Phú Bài     , Phổ thông   , 16/11/2025
VJ-123     , VietJet Air                            , 22:10         , 21:40       , 23h 30m ,     1,  3132260, Hà Nội        , Phú Bài     , Phổ thông   , 16/11/2025
VJ-187     , VietJet Air                            , 22:50         , 22:30       , 23h 40m ,     1,  3132260, Hà Nội        , Phú Bài     , Phổ thông   , 16/11/2025
VJ-123     , VietJet Air                            , 22:10         , 22:30       , 24h 20m ,     1,  3132260, Hà Nội        , Phú Bài     , Phổ thông   , 16/11/2025
VJ-137     , VietJet Air                            , 11:45         , 18:10       , 6h 25m  ,     1,  3227364, Hà Nội        , Phú Bài     , Phổ thông   , 16/11/2025
VJ-137     , VietJet Air                            , 11:45         , 14:05       , 26h 20m ,     1,  3254736, Hà Nội        , Phú Bài     , Phổ thông   , 16/11/2025
VJ-135     , VietJet Air                            , 11:10         , 18:10       , 7h 0m   ,     1,  3271715, Hà Nội        , Phú Bài     , Phổ thông   , 16/11/2025
VJ-171     , VietJet Air                            , 23:25         , 06:55       , 7h 30m  ,     1,  3277530, Hà Nội        , Phú Bài     , Phổ thông   , 16/11/2025
VJ-161     , VietJet Air                            , 21:50         , 06:55       , 9h 5m   ,     1,  3277530, Hà Nội        , Phú Bài     , Phổ thông   , 16/11/2025
VJ-171     , VietJet Air                            , 23:25         , 14:05       , 14h 40m ,     1,  3277530, Hà Nội        , Phú Bài     , Phổ thông   , 16/11/2025
VJ-171     , VietJet Air                            , 23:25         , 18:00       , 18h 35m ,     1,  3277530, Hà Nội        , Phú Bài     , Phổ thông   , 16/11/2025
VJ-171     , VietJet Air                            , 23:25         , 20:35       , 21h 10m ,     1,  3277530, Hà Nội        , Phú Bài     , Phổ thông   , 16/11/2025
VJ-171     , VietJet Air                            , 23:25         , 21:40       , 22h 15m ,     1,  3277530, Hà Nội        , Phú Bài     , Phổ thông   , 16/11/2025
VJ-171     , VietJet Air                            , 23:25         , 22:30       , 23h 5m  ,     1,  3277530, Hà Nội        , Phú Bài     , Phổ thông   , 16/11/2025
VJ-135     , VietJet Air                            , 11:10         , 14:05       , 26h 55m ,     1,  3299087, Hà Nội        , Phú Bài     , Phổ thông   , 16/11/2025
VJ-155     , VietJet Air                            , 20:05         , 06:55       , 10h 50m ,     1,  3385985, Hà Nội        , Phú Bài     , Phổ thông   , 16/11/2025
VJ-193     , VietJet Air                            , 18:10         , 06:55       , 12h 45m ,     1,  3385985, Hà Nội        , Phú Bài     , Phổ thông   , 16/11/2025
VJ-163     , VietJet Air                            , 17:20         , 06:55       , 13h 35m ,     1,  3385985, Hà Nội        , Phú Bài     , Phổ thông   , 16/11/2025
VJ-147     , VietJet Air                            , 17:10         , 06:55       , 13h 45m ,     1,  3385985, Hà Nội        , Phú Bài     , Phổ thông   , 16/11/2025
QH-211     , "Bamboo Airways, VietJet Air"          , 10:10         , 18:10       , 8h 0m   ,     1,  3477728, Hà Nội        , Phú Bài     , Phổ thông   , 16/11/2025
VU-771     , "Vietravel Airlines, VietJet Air"      , 10:50         , 18:10       , 7h 20m  ,     1,  3506535, Hà Nội        , Phú Bài     , Phổ thông   , 16/11/2025
VJ-199     , VietJet Air                            , 15:55         , 22:30       , 6h 35m  ,     1,  3531255, Hà Nội        , Phú Bài     , Phổ thông   , 16/11/2025
VJ-191     , VietJet Air                            , 15:55         , 22:30       , 6h 35m  ,     1,  3531255, Hà Nội        , Phú Bài     , Phổ thông   , 16/11/2025
VJ-199     , VietJet Air                            , 15:55         , 12:25       , 20h 30m ,     1,  3576715, Hà Nội        , Phú Bài     , Phổ thông   , 16/11/2025
VJ-191     , VietJet Air                            , 15:55         , 12:25       , 20h 30m ,     1,  3576715, Hà Nội        , Phú Bài     , Phổ thông   , 16/11/2025
9G-853     , "SUN PhuQuoc AIRWAYS, VietJet Air"     , 15:15         , 21:40       , 6h 25m  ,     1,  3581723, Hà Nội        , Phú Bài     , Phổ thông   , 16/11/2025
VJ-151     , VietJet Air                            , 14:00         , 20:35       , 6h 35m  ,     1,  3648168, Hà Nội        , Phú Bài     , Phổ thông   , 16/11/2025
VJ-151     , VietJet Air                            , 14:00         , 21:40       , 7h 40m  ,     1,  3648168, Hà Nội        , Phú Bài     , Phổ thông   , 16/11/2025
VJ-161     , "VietJet Air, Vietnam Airlines"        , 00:15         , 07:15       , 7h 0m   ,     1,  3764135, Hà Nội        , Phú Bài     , Phổ thông   , 16/11/2025
VU-775     , "Vietravel Airlines, Vietnam Airlines" , 10:05         , 17:05       , 7h 0m   ,     1,  4165762, Hà Nội        , Phú Bài     , Phổ thông   , 16/11/2025
VN-247     , Vietnam Airlines                       , 10:00         , 21:45       , 35h 45m ,     1,  5272395, Hà Nội        , Phú Bài     , Phổ thông   , 16/11/2025
VN-207     , Vietnam Airlines                       , 07:00         , 17:05       , 10h 5m  ,     1,  5429187, Hà Nội        , Phú Bài     , Phổ thông   , 16/11/2025
VN-243     , Vietnam Airlines                       , 06:00         , 21:45       , 39h 45m ,     1,  5433219, Hà Nội        , Phú Bài     , Phổ thông   , 16/11/2025
VN-205     , Vietnam Airlines                       , 05:00         , 21:45       , 40h 45m ,     1,  5484358, Hà Nội        , Phú Bài     , Phổ thông   , 16/11/2025
VN-207     , Vietnam Airlines                       , 07:00         , 21:45       , 38h 45m ,     1,  5541975, Hà Nội        , Phú Bài     , Phổ thông   , 16/11/2025
VN-245     , Vietnam Airlines                       , 08:00         , 17:05       , 9h 5m   ,     1,  5567049, Hà Nội        , Phú Bài     , Phổ thông   , 16/11/2025
VN-243     , Vietnam Airlines                       , 06:00         , 12:30       , 30h 30m ,     1,  5571524, Hà Nội        , Phú Bài     , Phổ thông   , 16/11/2025
VN-205     , Vietnam Airlines                       , 05:00         , 12:30       , 31h 30m ,     1,  5622663, Hà Nội        , Phú Bài     , Phổ thông   , 16/11/2025
VN-211     , Vietnam Airlines                       , 11:00         , 17:05       , 6h 5m   ,     1,  5625925, Hà Nội        , Phú Bài     , Phổ thông   , 16/11/2025
VN-245     , Vietnam Airlines                       , 08:00         , 21:45       , 37h 45m ,     1,  5679837, Hà Nội        , Phú Bài     , Phổ thông   , 16/11/2025
VN-207     , Vietnam Airlines                       , 07:00         , 12:30       , 29h 30m ,     1,  5680280, Hà Nội        , Phú Bài     , Phổ thông   , 16/11/2025
VN-253     , Vietnam Airlines                       , 14:00         , 21:45       , 31h 45m ,     1,  5738713, Hà Nội        , Phú Bài     , Phổ thông   , 16/11/2025
VN-251     , Vietnam Airlines                       , 12:00         , 21:45       , 33h 45m ,     1,  5738713, Hà Nội        , Phú Bài     , Phổ thông   , 16/11/2025
VN-211     , Vietnam Airlines                       , 11:00         , 21:45       , 34h 45m ,     1,  5738713, Hà Nội        , Phú Bài     , Phổ thông   , 16/11/2025
VN-265     , Vietnam Airlines                       , 20:30         , 07:15       , 10h 45m ,     1,  5906320, Hà Nội        , Phú Bài     , Phổ thông   , 16/11/2025
VN-265     , Vietnam Airlines                       , 20:30         , 21:45       , 25h 15m ,     1,  5906320, Hà Nội        , Phú Bài     , Phổ thông   , 16/11/2025
VN-265     , Vietnam Airlines                       , 20:30         , 12:30       , 16h 0m  ,     1,  6789894, Hà Nội        , Phú Bài     , Phổ thông   , 16/11/2025
VN-265     , Vietnam Airlines                       , 20:30         , 17:05       , 20h 35m ,     1,  6789894, Hà Nội        , Phú Bài     , Phổ thông   , 16/11/2025
VN-267     , Vietnam Airlines                       , 22:00         , 07:15       , 9h 15m  ,     1,  7005455, Hà Nội        , Phú Bài     , Phổ thông   , 16/11/2025
VN-267     , Vietnam Airlines                       , 22:00         , 21:45       , 23h 45m ,     1,  7119225, Hà Nội        , Phú Bài     , Phổ thông   , 16/11/2025
VN-6025    , Vietnam Airlines                       , 23:00         , 21:45       , 22h 45m ,     1,  7633128, Hà Nội        , Phú Bài     , Phổ thông   , 16/11/2025
VN-6025    , Vietnam Airlines                       , 23:00         , 07:15       , 8h 15m  ,     1,  7660505, Hà Nội        , Phú Bài     , Phổ thông   , 16/11/2025
VN-267     , Vietnam Airlines                       , 22:00         , 12:30       , 14h 30m ,     1,  7777963, Hà Nội        , Phú Bài     , Phổ thông   , 16/11/2025
VN-227     , Vietnam Airlines                       , 05:45         , 17:05       , 11h 20m ,     1,  7922417, Hà Nội        , Phú Bài     , Phổ thông   , 16/11/2025
VN-267     , Vietnam Airlines                       , 22:00         , 17:05       , 19h 5m  ,     1,  7954030, Hà Nội        , Phú Bài     , Phổ thông   , 16/11/2025
VN-231     , Vietnam Airlines                       , 18:30         , 07:15       , 12h 45m ,     1,  8275606, Hà Nội        , Phú Bài     , Phổ thông   , 16/11/2025
VN-247     , Vietnam Airlines                       , 10:00         , 17:05       , 7h 5m   ,     1,  8365960, Hà Nội        , Phú Bài     , Phổ thông   , 16/11/2025
VN-6025    , Vietnam Airlines                       , 23:00         , 12:30       , 13h 30m ,     1,  8368210, Hà Nội        , Phú Bài     , Phổ thông   , 16/11/2025
VN-6025    , Vietnam Airlines                       , 23:00         , 17:05       , 18h 5m  ,     1,  8368210, Hà Nội        , Phú Bài     , Phổ thông   , 16/11/2025
VN-7215    , Vietnam Airlines                       , 09:25         , 17:05       , 7h 40m  ,     1,  8496798, Hà Nội        , Phú Bài     , Phổ thông   , 16/11/2025
VN-227     , Vietnam Airlines                       , 05:45         , 07:15       , 25h 30m ,     1,  8596800, Hà Nội        , Phú Bài     , Phổ thông   , 16/11/2025
VN-231     , Vietnam Airlines                       , 18:30         , 12:30       , 18h 0m  ,     1,  8661699, Hà Nội        , Phú Bài     , Phổ thông   , 16/11/2025
VN-231     , Vietnam Airlines                       , 18:30         , 17:05       , 22h 35m ,     1,  8661699, Hà Nội        , Phú Bài     , Phổ thông   , 16/11/2025
VN-205     , Vietnam Airlines                       , 05:00         , 17:05       , 12h 5m  ,     1,  8687345, Hà Nội        , Phú Bài     , Phổ thông   , 16/11/2025
VN-259     , Vietnam Airlines                       , 18:00         , 07:15       , 13h 15m ,     1,  8844172, Hà Nội        , Phú Bài     , Phổ thông   , 16/11/2025
VN-257     , Vietnam Airlines                       , 17:30         , 07:15       , 13h 45m ,     1,  8844172, Hà Nội        , Phú Bài     , Phổ thông   , 16/11/2025
VN-243     , Vietnam Airlines                       , 06:00         , 17:05       , 11h 5m  ,     1,  8954639, Hà Nội        , Phú Bài     , Phổ thông   , 16/11/2025
VN-209     , Vietnam Airlines                       , 09:00         , 17:05       , 8h 5m   ,     1,  8992553, Hà Nội        , Phú Bài     , Phổ thông   , 16/11/2025
VN-221     , Vietnam Airlines                       , 21:00         , 07:15       , 10h 15m ,     1,  9438785, Hà Nội        , Phú Bài     , Phổ thông   , 16/11/2025
VN-251     , Vietnam Airlines                       , 12:00         , 17:05       , 5h 5m   ,     1,  9844530, Hà Nội        , Phú Bài     , Phổ thông   , 16/11/2025
VN-1549    , Vietnam Airlines                       , 20:45         , 21:55       , 1h 10m  ,     0,  3633317, Hà Nội        , Phú Bài     , Thương gia  , 16/11/2025
VN-1541    , Vietnam Airlines                       , 06:00         , 07:15       , 1h 15m  ,     0,  4624940, Hà Nội        , Phú Bài     , Thương gia  , 16/11/2025
9G-895     , SUN PhuQuoc AIRWAYS                    , 22:15         , 00:25       , 2h 10m  ,     0,  1794980, Hà Nội        , TP HCM      , Phổ thông   , 13/11/2025
VJ-161     , VietJet Air                            , 00:15         , 02:20       , 2h 5m   ,     0,  1191015, Hà Nội        , TP HCM      , Phổ thông   , 13/11/2025
QH-299     , Bamboo Airways                         , 23:05         , 01:20       , 2h 15m  ,     0,  1469575, Hà Nội        , TP HCM      , Phổ thông   , 13/11/2025
VU-791     , Vietravel Airlines                     , 21:00         , 23:20       , 2h 20m  ,     0,  1530310, Hà Nội        , TP HCM      , Phổ thông   , 13/11/2025
VJ-123     , VietJet Air                            , 22:10         , 00:20       , 2h 10m  ,     0,  1541255, Hà Nội        , TP HCM      , Phổ thông   , 13/11/2025
VJ-187     , VietJet Air                            , 22:50         , 01:00       , 2h 10m  ,     0,  1541255, Hà Nội        , TP HCM      , Phổ thông   , 13/11/2025
VJ-171     , VietJet Air                            , 01:00         , 03:10       , 2h 10m  ,     0,  1544600, Hà Nội        , TP HCM      , Phổ thông   , 13/11/2025
QH-283     , Bamboo Airways                         , 22:35         , 00:50       , 2h 15m  ,     0,  1600497, Hà Nội        , TP HCM      , Phổ thông   , 13/11/2025
VU-787     , Vietravel Airlines                     , 20:10         , 22:25       , 2h 15m  ,     0,  1668615, Hà Nội        , TP HCM      , Phổ thông   , 13/11/2025
VN-265     , Vietnam Airlines                       , 22:45         , 00:55       , 2h 10m  ,     0,  1782556, Hà Nội        , TP HCM      , Phổ thông   , 13/11/2025
9G-885     , SUN PhuQuoc AIRWAYS                    , 21:15         , 23:25       , 2h 10m  ,     0,  1794980, Hà Nội        , TP HCM      , Phổ thông   , 13/11/2025
9G-895     , SUN PhuQuoc AIRWAYS                    , 22:15         , 00:25       , 2h 10m  ,     0,  1794980, Hà Nội        , TP HCM      , Phổ thông   , 13/11/2025
VJ-193     , VietJet Air                            , 18:20         , 20:30       , 2h 10m  ,     0,  1807915, Hà Nội        , TP HCM      , Phổ thông   , 13/11/2025
VJ-173     , VietJet Air                            , 19:05         , 21:15       , 2h 10m  ,     0,  1807915, Hà Nội        , TP HCM      , Phổ thông   , 13/11/2025
VJ-155     , VietJet Air                            , 20:05         , 22:15       , 2h 10m  ,     0,  1807915, Hà Nội        , TP HCM      , Phổ thông   , 13/11/2025
VJ-147     , VietJet Air                            , 17:10         , 19:20       , 2h 10m  ,     0,  1814159, Hà Nội        , TP HCM      , Phổ thông   , 13/11/2025
VJ-163     , VietJet Air                            , 17:20         , 19:30       , 2h 10m  ,     0,  1814159, Hà Nội        , TP HCM      , Phổ thông   , 13/11/2025
VJ-165     , VietJet Air                            , 18:30         , 20:40       , 2h 10m  ,     0,  1868202, Hà Nội        , TP HCM      , Phổ thông   , 13/11/2025
9G-869     , SUN PhuQuoc AIRWAYS                    , 18:55         , 21:05       , 2h 10m  ,     0,  1961145, Hà Nội        , TP HCM      , Phổ thông   , 13/11/2025
VJ-199     , VietJet Air                            , 15:55         , 18:10       , 2h 15m  ,     0,  2163130, Hà Nội        , TP HCM      , Phổ thông   , 13/11/2025
VJ-191     , VietJet Air                            , 15:55         , 18:10       , 2h 15m  ,     0,  2163130, Hà Nội        , TP HCM      , Phổ thông   , 13/11/2025
VN-6025    , Vietnam Airlines                       , 23:00         , 01:10       , 2h 10m  ,     0,  2192006, Hà Nội        , TP HCM      , Phổ thông   , 13/11/2025
VU-751     , Vietravel Airlines                     , 08:50         , 11:05       , 2h 15m  ,     0,  2222830, Hà Nội        , TP HCM      , Phổ thông   , 13/11/2025
VU-779     , Vietravel Airlines                     , 16:10         , 18:25       , 2h 15m  ,     0,  2222830, Hà Nội        , TP HCM      , Phổ thông   , 13/11/2025
VJ-137     , VietJet Air                            , 11:45         , 13:55       , 2h 10m  ,     0,  2320764, Hà Nội        , TP HCM      , Phổ thông   , 13/11/2025
VJ-135     , VietJet Air                            , 11:10         , 13:20       , 2h 10m  ,     0,  2365115, Hà Nội        , TP HCM      , Phổ thông   , 13/11/2025
VU-775     , Vietravel Airlines                     , 10:05         , 12:20       , 2h 15m  ,     0,  2407900, Hà Nội        , TP HCM      , Phổ thông   , 13/11/2025
VN-267     , Vietnam Airlines                       , 22:20         , 00:30       , 2h 10m  ,     0,  2483514, Hà Nội        , TP HCM      , Phổ thông   , 13/11/2025
QH-203     , Bamboo Airways                         , 07:05         , 09:20       , 2h 15m  ,     0,  2571128, Hà Nội        , TP HCM      , Phổ thông   , 13/11/2025
QH-211     , Bamboo Airways                         , 10:10         , 12:25       , 2h 15m  ,     0,  2571128, Hà Nội        , TP HCM      , Phổ thông   , 13/11/2025
VU-771     , Vietravel Airlines                     , 10:50         , 13:05       , 2h 15m  ,     0,  2599935, Hà Nội        , TP HCM      , Phổ thông   , 13/11/2025
9G-853     , SUN PhuQuoc AIRWAYS                    , 15:15         , 17:25       , 2h 10m  ,     0,  2647751, Hà Nội        , TP HCM      , Phổ thông   , 13/11/2025
VJ-151     , VietJet Air                            , 14:00         , 16:10       , 2h 10m  ,     0,  2714196, Hà Nội        , TP HCM      , Phổ thông   , 13/11/2025
QH-255     , Bamboo Airways                         , 16:30         , 18:45       , 2h 15m  ,     0,  2849839, Hà Nội        , TP HCM      , Phổ thông   , 13/11/2025
VJ-179     , VietJet Air                            , 05:00         , 07:10       , 2h 10m  ,     0,  2877540, Hà Nội        , TP HCM      , Phổ thông   , 13/11/2025
VN-231     , Vietnam Airlines                       , 18:30         , 20:40       , 2h 10m  ,     0,  2889848, Hà Nội        , TP HCM      , Phổ thông   , 13/11/2025
VJ-149     , VietJet Air                            , 10:05         , 12:10       , 2h 5m   ,     0,  2963110, Hà Nội        , TP HCM      , Phổ thông   , 13/11/2025
VN-227     , Vietnam Airlines                       , 05:45         , 07:55       , 2h 10m  ,     0,  3166830, Hà Nội        , TP HCM      , Phổ thông   , 13/11/2025
VN-259     , Vietnam Airlines                       , 18:00         , 20:10       , 2h 10m  ,     0,  3167035, Hà Nội        , TP HCM      , Phổ thông   , 13/11/2025
VN-257     , Vietnam Airlines                       , 17:40         , 19:50       , 2h 10m  ,     0,  3353301, Hà Nội        , TP HCM      , Phổ thông   , 13/11/2025
VN-247     , Vietnam Airlines                       , 10:00         , 12:10       , 2h 10m  ,     0,  3401745, Hà Nội        , TP HCM      , Phổ thông   , 13/11/2025
VN-7215    , Vietnam Airlines                       , 09:25         , 11:40       , 2h 15m  ,     0,  3401745, Hà Nội        , TP HCM      , Phổ thông   , 13/11/2025
VJ-127     , VietJet Air                            , 08:55         , 11:10       , 2h 15m  ,     0,  3406880, Hà Nội        , TP HCM      , Phổ thông   , 13/11/2025
VN-243     , Vietnam Airlines                       , 06:00         , 08:10       , 2h 10m  ,     0,  3562569, Hà Nội        , TP HCM      , Phổ thông   , 13/11/2025
VN-249     , Vietnam Airlines                       , 15:30         , 17:40       , 2h 10m  ,     0,  3562569, Hà Nội        , TP HCM      , Phổ thông   , 13/11/2025
VN-205     , Vietnam Airlines                       , 05:00         , 07:10       , 2h 10m  ,     0,  3613708, Hà Nội        , TP HCM      , Phổ thông   , 13/11/2025
VN-273     , Vietnam Airlines                       , 16:00         , 18:10       , 2h 10m  ,     0,  3613708, Hà Nội        , TP HCM      , Phổ thông   , 13/11/2025
VN-219     , Vietnam Airlines                       , 19:00         , 21:10       , 2h 10m  ,     0,  3613708, Hà Nội        , TP HCM      , Phổ thông   , 13/11/2025
VN-209     , Vietnam Airlines                       , 09:00         , 11:10       , 2h 10m  ,     0,  3627369, Hà Nội        , TP HCM      , Phổ thông   , 13/11/2025
VN-221     , Vietnam Airlines                       , 21:00         , 23:10       , 2h 10m  ,     0,  3627369, Hà Nội        , TP HCM      , Phổ thông   , 13/11/2025
VN-207     , Vietnam Airlines                       , 07:00         , 09:10       , 2h 10m  ,     0,  3671325, Hà Nội        , TP HCM      , Phổ thông   , 13/11/2025
VN-217     , Vietnam Airlines                       , 17:00         , 19:10       , 2h 10m  ,     0,  3671325, Hà Nội        , TP HCM      , Phổ thông   , 13/11/2025
VN-263     , Vietnam Airlines                       , 20:00         , 22:10       , 2h 10m  ,     0,  3777332, Hà Nội        , TP HCM      , Phổ thông   , 13/11/2025
VN-245     , Vietnam Airlines                       , 08:00         , 10:10       , 2h 10m  ,     0,  3809187, Hà Nội        , TP HCM      , Phổ thông   , 13/11/2025
VN-211     , Vietnam Airlines                       , 11:00         , 13:10       , 2h 10m  ,     0,  3868063, Hà Nội        , TP HCM      , Phổ thông   , 13/11/2025
VN-251     , Vietnam Airlines                       , 12:00         , 14:10       , 2h 10m  ,     0,  3868063, Hà Nội        , TP HCM      , Phổ thông   , 13/11/2025
VN-253     , Vietnam Airlines                       , 14:00         , 16:10       , 2h 10m  ,     0,  3868063, Hà Nội        , TP HCM      , Phổ thông   , 13/11/2025
QH-1215    , "Bamboo Airways, VietJet Air"          , 16:20         , 08:35       , 16h 15m ,     1,  1794623, Hà Nội        , TP HCM      , Phổ thông   , 13/11/2025
QH-1215    , "Bamboo Airways, VietJet Air"          , 16:20         , 14:05       , 21h 45m ,     1,  1794623, Hà Nội        , TP HCM      , Phổ thông   , 13/11/2025
VJ-433     , VietJet Air                            , 15:25         , 08:35       , 17h 10m ,     1,  1810051, Hà Nội        , TP HCM      , Phổ thông   , 13/11/2025
VJ-433     , VietJet Air                            , 15:25         , 14:05       , 22h 40m ,     1,  1810051, Hà Nội        , TP HCM      , Phổ thông   , 13/11/2025
QH-1215    , "Bamboo Airways, Vietnam Airlines"     , 16:20         , 08:55       , 16h 35m ,     1,  1894842, Hà Nội        , TP HCM      , Phổ thông   , 13/11/2025
VJ-433     , "VietJet Air, Vietnam Airlines"        , 15:25         , 08:55       , 17h 30m ,     1,  1910270, Hà Nội        , TP HCM      , Phổ thông   , 13/11/2025
VJ-431     , VietJet Air                            , 07:10         , 14:05       , 6h 55m  ,     1,  2246257, Hà Nội        , TP HCM      , Phổ thông   , 13/11/2025
VJ-431     , "VietJet Air, Bamboo Airways"          , 07:10         , 19:30       , 12h 20m ,     1,  2248542, Hà Nội        , TP HCM      , Phổ thông   , 13/11/2025
VJ-431     , VietJet Air                            , 07:10         , 20:30       , 13h 20m ,     1,  2257833, Hà Nội        , TP HCM      , Phổ thông   , 13/11/2025
VJ-431     , "VietJet Air, Vietnam Airlines"        , 07:10         , 15:40       , 8h 30m  ,     1,  2580365, Hà Nội        , TP HCM      , Phổ thông   , 13/11/2025
VJ-421     , VietJet Air                            , 06:05         , 19:40       , 13h 35m ,     1,  2785634, Hà Nội        , TP HCM      , Phổ thông   , 13/11/2025
VJ-401     , VietJet Air                            , 05:50         , 20:55       , 15h 5m  ,     1,  2785634, Hà Nội        , TP HCM      , Phổ thông   , 13/11/2025
VJ-433     , VietJet Air                            , 15:25         , 20:30       , 5h 5m   ,     1,  2818835, Hà Nội        , TP HCM      , Phổ thông   , 13/11/2025
VJ-423     , VietJet Air                            , 15:55         , 19:40       , 3h 45m  ,     1,  2972654, Hà Nội        , TP HCM      , Phổ thông   , 13/11/2025
VJ-403     , VietJet Air                            , 10:45         , 20:55       , 10h 10m ,     1,  3044253, Hà Nội        , TP HCM      , Phổ thông   , 13/11/2025
VJ-503     , VietJet Air                            , 05:55         , 00:40       , 18h 45m ,     1,  3044253, Hà Nội        , TP HCM      , Phổ thông   , 13/11/2025
VJ-521     , VietJet Air                            , 20:50         , 07:50       , 11h 0m  ,     1,  3080734, Hà Nội        , TP HCM      , Phổ thông   , 13/11/2025
VJ-501     , VietJet Air                            , 20:35         , 07:50       , 11h 15m ,     1,  3080734, Hà Nội        , TP HCM      , Phổ thông   , 13/11/2025
VJ-521     , VietJet Air                            , 20:50         , 06:50       , 10h 0m  ,     1,  3194237, Hà Nội        , TP HCM      , Phổ thông   , 13/11/2025
VJ-501     , VietJet Air                            , 20:35         , 06:50       , 10h 15m ,     1,  3194237, Hà Nội        , TP HCM      , Phổ thông   , 13/11/2025
VJ-521     , VietJet Air                            , 20:50         , 09:15       , 12h 25m ,     1,  3194237, Hà Nội        , TP HCM      , Phổ thông   , 13/11/2025
VJ-501     , VietJet Air                            , 20:35         , 09:15       , 12h 40m ,     1,  3194237, Hà Nội        , TP HCM      , Phổ thông   , 13/11/2025
VJ-503     , VietJet Air                            , 05:55         , 23:55       , 18h 0m  ,     1,  3241529, Hà Nội        , TP HCM      , Phổ thông   , 13/11/2025
VJ-421     , VietJet Air                            , 06:05         , 11:10       , 5h 5m   ,     1,  3344195, Hà Nội        , TP HCM      , Phổ thông   , 13/11/2025
VJ-517     , VietJet Air                            , 19:05         , 23:59       , 4h 54m  ,     1,  3371761, Hà Nội        , TP HCM      , Phổ thông   , 13/11/2025
VJ-569     , VietJet Air                            , 19:15         , 23:35       , 4h 20m  ,     1,  3926858, Hà Nội        , TP HCM      , Phổ thông   , 13/11/2025
VJ-515     , VietJet Air                            , 16:25         , 21:30       , 5h 5m   ,     1,  4120077, Hà Nội        , TP HCM      , Phổ thông   , 13/11/2025
VJ-569     , VietJet Air                            , 19:15         , 22:30       , 3h 15m  ,     1,  4127374, Hà Nội        , TP HCM      , Phổ thông   , 13/11/2025
VN-1651    , Vietnam Airlines                       , 12:00         , 10:20       , 22h 20m ,     1,  4688092, Hà Nội        , TP HCM      , Phổ thông   , 13/11/2025
VN-1641    , Vietnam Airlines                       , 07:15         , 19:05       , 11h 50m ,     1,  4836840, Hà Nội        , TP HCM      , Phổ thông   , 13/11/2025
VN-1575    , Vietnam Airlines                       , 12:00         , 08:35       , 20h 35m ,     1,  5130237, Hà Nội        , TP HCM      , Phổ thông   , 13/11/2025
VN-1575    , Vietnam Airlines                       , 12:00         , 09:20       , 21h 20m ,     1,  5130237, Hà Nội        , TP HCM      , Phổ thông   , 13/11/2025
VN-1641    , Vietnam Airlines                       , 07:15         , 15:00       , 7h 45m  ,     1,  5278710, Hà Nội        , TP HCM      , Phổ thông   , 13/11/2025
VN-1615    , Vietnam Airlines                       , 07:30         , 17:55       , 10h 25m ,     1,  5278710, Hà Nội        , TP HCM      , Phổ thông   , 13/11/2025
VN-1573    , Vietnam Airlines                       , 07:00         , 08:35       , 25h 35m ,     1,  5428003, Hà Nội        , TP HCM      , Phổ thông   , 13/11/2025
VN-1575    , Vietnam Airlines                       , 12:00         , 20:45       , 8h 45m  ,     1,  6163000, Hà Nội        , TP HCM      , Phổ thông   , 13/11/2025
VN-1573    , Vietnam Airlines                       , 07:00         , 20:45       , 13h 45m ,     1,  6163000, Hà Nội        , TP HCM      , Phổ thông   , 13/11/2025
VN-1237    , Vietnam Airlines                       , 07:00         , 23:15       , 16h 15m ,     1,  6605143, Hà Nội        , TP HCM      , Phổ thông   , 13/11/2025
VN-1237    , Vietnam Airlines                       , 07:00         , 08:25       , 25h 25m ,     1,  6605143, Hà Nội        , TP HCM      , Phổ thông   , 13/11/2025
VN-1563    , Vietnam Airlines                       , 16:45         , 22:35       , 5h 50m  ,     1,  6754163, Hà Nội        , TP HCM      , Phổ thông   , 13/11/2025
VN-1563    , Vietnam Airlines                       , 16:45         , 21:50       , 5h 5m   ,     1,  7043466, Hà Nội        , TP HCM      , Phổ thông   , 13/11/2025
VN-7569    , Vietnam Airlines                       , 12:05         , 22:35       , 10h 30m ,     1,  7043466, Hà Nội        , TP HCM      , Phổ thông   , 13/11/2025
VN-157     , Vietnam Airlines                       , 06:00         , 22:20       , 16h 20m ,     1,  7191939, Hà Nội        , TP HCM      , Phổ thông   , 13/11/2025
VN-7569    , Vietnam Airlines                       , 12:05         , 21:50       , 9h 45m  ,     1,  7340959, Hà Nội        , TP HCM      , Phổ thông   , 13/11/2025
VN-1237    , Vietnam Airlines                       , 07:00         , 18:05       , 11h 5m  ,     1,  7340959, Hà Nội        , TP HCM      , Phổ thông   , 13/11/2025
VN-1575    , Vietnam Airlines                       , 12:00         , 19:40       , 7h 40m  ,     1,  7465237, Hà Nội        , TP HCM      , Phổ thông   , 13/11/2025
VN-1573    , Vietnam Airlines                       , 07:00         , 19:40       , 12h 40m ,     1,  7465237, Hà Nội        , TP HCM      , Phổ thông   , 13/11/2025
VN-1237    , Vietnam Airlines                       , 07:00         , 12:40       , 5h 40m  ,     1,  7489432, Hà Nội        , TP HCM      , Phổ thông   , 13/11/2025
VN-1563    , Vietnam Airlines                       , 16:45         , 10:30       , 17h 45m ,     1,  7489432, Hà Nội        , TP HCM      , Phổ thông   , 13/11/2025
VN-7193    , Vietnam Airlines                       , 21:05         , 21:50       , 24h 45m ,     1,  7489432, Hà Nội        , TP HCM      , Phổ thông   , 13/11/2025
VN-1573    , Vietnam Airlines                       , 07:00         , 12:40       , 5h 40m  ,     1,  7615622, Hà Nội        , TP HCM      , Phổ thông   , 13/11/2025
VN-1553    , Vietnam Airlines                       , 09:55         , 22:35       , 12h 40m ,     1,  7637904, Hà Nội        , TP HCM      , Phổ thông   , 13/11/2025
VN-7569    , Vietnam Airlines                       , 12:05         , 10:30       , 22h 25m ,     1,  7912573, Hà Nội        , TP HCM      , Phổ thông   , 13/11/2025
VN-1237    , Vietnam Airlines                       , 07:00         , 14:00       , 7h 0m   ,     1,  7928028, Hà Nội        , TP HCM      , Phổ thông   , 13/11/2025
VN-1553    , Vietnam Airlines                       , 09:55         , 21:50       , 11h 55m ,     1,  7928028, Hà Nội        , TP HCM      , Phổ thông   , 13/11/2025
VN-157     , Vietnam Airlines                       , 06:00         , 10:25       , 4h 25m  ,     1,  8076501, Hà Nội        , TP HCM      , Phổ thông   , 13/11/2025
VN-6401    , Vietnam Airlines                       , 12:30         , 23:15       , 10h 45m ,     1,  8076501, Hà Nội        , TP HCM      , Phổ thông   , 13/11/2025
VN-157     , Vietnam Airlines                       , 06:00         , 14:25       , 8h 25m  ,     1,  8216892, Hà Nội        , TP HCM      , Phổ thông   , 13/11/2025
VN-157     , Vietnam Airlines                       , 06:00         , 15:15       , 9h 15m  ,     1,  8216892, Hà Nội        , TP HCM      , Phổ thông   , 13/11/2025
VN-157     , Vietnam Airlines                       , 06:00         , 15:30       , 9h 30m  ,     1,  8216892, Hà Nội        , TP HCM      , Phổ thông   , 13/11/2025
VN-1237    , Vietnam Airlines                       , 07:00         , 16:45       , 9h 45m  ,     1,  8363456, Hà Nội        , TP HCM      , Phổ thông   , 13/11/2025
VN-1563    , Vietnam Airlines                       , 16:45         , 11:35       , 18h 50m ,     1,  8517937, Hà Nội        , TP HCM      , Phổ thông   , 13/11/2025
VN-1553    , Vietnam Airlines                       , 09:55         , 10:30       , 24h 35m ,     1,  8517937, Hà Nội        , TP HCM      , Phổ thông   , 13/11/2025
VN-7569    , Vietnam Airlines                       , 12:05         , 11:35       , 23h 30m ,     1,  8814340, Hà Nội        , TP HCM      , Phổ thông   , 13/11/2025
VN-1553    , Vietnam Airlines                       , 09:55         , 11:35       , 25h 40m ,     1,  9412334, Hà Nội        , TP HCM      , Phổ thông   , 13/11/2025
9G-885     , SUN PhuQuoc AIRWAYS                    , 21:15         , 23:25       , 2h 10m  ,     0,  5796200, Hà Nội        , TP HCM      , Thương gia  , 13/11/2025
VN-205     , Vietnam Airlines                       , 05:00         , 07:10       , 2h 10m  ,     0,  4008189, Hà Nội        , TP HCM      , Thương gia  , 13/11/2025
VN-243     , Vietnam Airlines                       , 06:00         , 08:10       , 2h 10m  ,     0,  4008189, Hà Nội        , TP HCM      , Thương gia  , 13/11/2025
VN-265     , Vietnam Airlines                       , 22:45         , 00:55       , 2h 10m  ,     0,  4008189, Hà Nội        , TP HCM      , Thương gia  , 13/11/2025
VN-6025    , Vietnam Airlines                       , 23:00         , 01:10       , 2h 10m  ,     0,  4008189, Hà Nội        , TP HCM      , Thương gia  , 13/11/2025
VN-221     , Vietnam Airlines                       , 21:00         , 23:10       , 2h 10m  ,     0,  4779930, Hà Nội        , TP HCM      , Thương gia  , 13/11/2025
9G-853     , SUN PhuQuoc AIRWAYS                    , 15:15         , 17:25       , 2h 10m  ,     0,  5796200, Hà Nội        , TP HCM      , Thương gia  , 13/11/2025
9G-869     , SUN PhuQuoc AIRWAYS                    , 18:55         , 21:05       , 2h 10m  ,     0,  5796200, Hà Nội        , TP HCM      , Thương gia  , 13/11/2025
9G-885     , SUN PhuQuoc AIRWAYS                    , 21:15         , 23:25       , 2h 10m  ,     0,  5796200, Hà Nội        , TP HCM      , Thương gia  , 13/11/2025
VN-227     , Vietnam Airlines                       , 05:45         , 07:55       , 2h 10m  ,     0,  5950811, Hà Nội        , TP HCM      , Thương gia  , 13/11/2025
QH-299     , Bamboo Airways                         , 23:05         , 01:20       , 2h 15m  ,     0,  7215480, Hà Nội        , TP HCM      , Thương gia  , 13/11/2025
QH-203     , Bamboo Airways                         , 07:05         , 09:20       , 2h 15m  ,     0,  7545960, Hà Nội        , TP HCM      , Thương gia  , 13/11/2025
QH-255     , Bamboo Airways                         , 16:30         , 18:45       , 2h 15m  ,     0,  7545960, Hà Nội        , TP HCM      , Thương gia  , 13/11/2025
VN-207     , Vietnam Airlines                       , 07:00         , 09:10       , 2h 10m  ,     0,  8927526, Hà Nội        , TP HCM      , Thương gia  , 13/11/2025
VN-209     , Vietnam Airlines                       , 09:00         , 11:10       , 2h 10m  ,     0,  8927526, Hà Nội        , TP HCM      , Thương gia  , 13/11/2025
VN-253     , Vietnam Airlines                       , 14:00         , 16:10       , 2h 10m  ,     0,  8927526, Hà Nội        , TP HCM      , Thương gia  , 13/11/2025
VN-215     , Vietnam Airlines                       , 15:00         , 17:10       , 2h 10m  ,     0,  8927526, Hà Nội        , TP HCM      , Thương gia  , 13/11/2025
VN-249     , Vietnam Airlines                       , 15:30         , 17:40       , 2h 10m  ,     0,  8927526, Hà Nội        , TP HCM      , Thương gia  , 13/11/2025
VN-273     , Vietnam Airlines                       , 16:00         , 18:10       , 2h 10m  ,     0,  8927526, Hà Nội        , TP HCM      , Thương gia  , 13/11/2025
VN-217     , Vietnam Airlines                       , 17:00         , 19:10       , 2h 10m  ,     0,  8927526, Hà Nội        , TP HCM      , Thương gia  , 13/11/2025
VN-257     , Vietnam Airlines                       , 17:40         , 19:50       , 2h 10m  ,     0,  8927526, Hà Nội        , TP HCM      , Thương gia  , 13/11/2025
VN-259     , Vietnam Airlines                       , 18:00         , 20:10       , 2h 10m  ,     0,  8927526, Hà Nội        , TP HCM      , Thương gia  , 13/11/2025
VN-231     , Vietnam Airlines                       , 18:30         , 20:40       , 2h 10m  ,     0,  8927526, Hà Nội        , TP HCM      , Thương gia  , 13/11/2025
VN-219     , Vietnam Airlines                       , 19:00         , 21:10       , 2h 10m  ,     0,  8927526, Hà Nội        , TP HCM      , Thương gia  , 13/11/2025
VN-263     , Vietnam Airlines                       , 20:00         , 22:10       , 2h 10m  ,     0,  8927526, Hà Nội        , TP HCM      , Thương gia  , 13/11/2025
VN-7215    , Vietnam Airlines                       , 09:25         , 11:40       , 2h 15m  ,     0,  8927526, Hà Nội        , TP HCM      , Thương gia  , 13/11/2025
VN-211     , Vietnam Airlines                       , 11:00         , 13:10       , 2h 10m  ,     0,  9112841, Hà Nội        , TP HCM      , Thương gia  , 13/11/2025
9G-895     , SUN PhuQuoc AIRWAYS                    , 22:15         , 00:25       , 2h 10m  ,     0,  1794980, Hà Nội        , TP HCM      , Phổ thông   , 14/11/2025
VJ-161     , VietJet Air                            , 00:15         , 02:20       , 2h 5m   ,     0,  1191015, Hà Nội        , TP HCM      , Phổ thông   , 14/11/2025
QH-299     , Bamboo Airways                         , 23:05         , 01:20       , 2h 15m  ,     0,  1469575, Hà Nội        , TP HCM      , Phổ thông   , 14/11/2025
VU-791     , Vietravel Airlines                     , 21:00         , 23:20       , 2h 20m  ,     0,  1530310, Hà Nội        , TP HCM      , Phổ thông   , 14/11/2025
VJ-123     , VietJet Air                            , 22:10         , 00:20       , 2h 10m  ,     0,  1541255, Hà Nội        , TP HCM      , Phổ thông   , 14/11/2025
VJ-187     , VietJet Air                            , 22:50         , 01:00       , 2h 10m  ,     0,  1541255, Hà Nội        , TP HCM      , Phổ thông   , 14/11/2025
VJ-171     , VietJet Air                            , 01:00         , 03:10       , 2h 10m  ,     0,  1544600, Hà Nội        , TP HCM      , Phổ thông   , 14/11/2025
QH-283     , Bamboo Airways                         , 22:35         , 00:50       , 2h 15m  ,     0,  1600497, Hà Nội        , TP HCM      , Phổ thông   , 14/11/2025
VU-787     , Vietravel Airlines                     , 20:10         , 22:25       , 2h 15m  ,     0,  1668615, Hà Nội        , TP HCM      , Phổ thông   , 14/11/2025
VN-265     , Vietnam Airlines                       , 22:45         , 00:55       , 2h 10m  ,     0,  1782556, Hà Nội        , TP HCM      , Phổ thông   , 14/11/2025
9G-885     , SUN PhuQuoc AIRWAYS                    , 21:15         , 23:25       , 2h 10m  ,     0,  1794980, Hà Nội        , TP HCM      , Phổ thông   , 14/11/2025
9G-895     , SUN PhuQuoc AIRWAYS                    , 22:15         , 00:25       , 2h 10m  ,     0,  1794980, Hà Nội        , TP HCM      , Phổ thông   , 14/11/2025
VJ-193     , VietJet Air                            , 18:20         , 20:30       , 2h 10m  ,     0,  1807915, Hà Nội        , TP HCM      , Phổ thông   , 14/11/2025
VJ-173     , VietJet Air                            , 19:05         , 21:15       , 2h 10m  ,     0,  1807915, Hà Nội        , TP HCM      , Phổ thông   , 14/11/2025
VJ-155     , VietJet Air                            , 20:05         , 22:15       , 2h 10m  ,     0,  1807915, Hà Nội        , TP HCM      , Phổ thông   , 14/11/2025
VJ-147     , VietJet Air                            , 17:10         , 19:20       , 2h 10m  ,     0,  1814159, Hà Nội        , TP HCM      , Phổ thông   , 14/11/2025
VJ-163     , VietJet Air                            , 17:20         , 19:30       , 2h 10m  ,     0,  1814159, Hà Nội        , TP HCM      , Phổ thông   , 14/11/2025
VJ-165     , VietJet Air                            , 18:30         , 20:40       , 2h 10m  ,     0,  1868202, Hà Nội        , TP HCM      , Phổ thông   , 14/11/2025
9G-869     , SUN PhuQuoc AIRWAYS                    , 18:55         , 21:05       , 2h 10m  ,     0,  1961145, Hà Nội        , TP HCM      , Phổ thông   , 14/11/2025
VJ-199     , VietJet Air                            , 15:55         , 18:10       , 2h 15m  ,     0,  2163130, Hà Nội        , TP HCM      , Phổ thông   , 14/11/2025
VJ-191     , VietJet Air                            , 15:55         , 18:10       , 2h 15m  ,     0,  2163130, Hà Nội        , TP HCM      , Phổ thông   , 14/11/2025
VN-6025    , Vietnam Airlines                       , 23:00         , 01:10       , 2h 10m  ,     0,  2192006, Hà Nội        , TP HCM      , Phổ thông   , 14/11/2025
VU-751     , Vietravel Airlines                     , 08:50         , 11:05       , 2h 15m  ,     0,  2222830, Hà Nội        , TP HCM      , Phổ thông   , 14/11/2025
VU-779     , Vietravel Airlines                     , 16:10         , 18:25       , 2h 15m  ,     0,  2222830, Hà Nội        , TP HCM      , Phổ thông   , 14/11/2025
VJ-137     , VietJet Air                            , 11:45         , 13:55       , 2h 10m  ,     0,  2320764, Hà Nội        , TP HCM      , Phổ thông   , 14/11/2025
VJ-135     , VietJet Air                            , 11:10         , 13:20       , 2h 10m  ,     0,  2365115, Hà Nội        , TP HCM      , Phổ thông   , 14/11/2025
VU-775     , Vietravel Airlines                     , 10:05         , 12:20       , 2h 15m  ,     0,  2407900, Hà Nội        , TP HCM      , Phổ thông   , 14/11/2025
VN-267     , Vietnam Airlines                       , 22:20         , 00:30       , 2h 10m  ,     0,  2483514, Hà Nội        , TP HCM      , Phổ thông   , 14/11/2025
QH-203     , Bamboo Airways                         , 07:05         , 09:20       , 2h 15m  ,     0,  2571128, Hà Nội        , TP HCM      , Phổ thông   , 14/11/2025
QH-211     , Bamboo Airways                         , 10:10         , 12:25       , 2h 15m  ,     0,  2571128, Hà Nội        , TP HCM      , Phổ thông   , 14/11/2025
VU-771     , Vietravel Airlines                     , 10:50         , 13:05       , 2h 15m  ,     0,  2599935, Hà Nội        , TP HCM      , Phổ thông   , 14/11/2025
9G-853     , SUN PhuQuoc AIRWAYS                    , 15:15         , 17:25       , 2h 10m  ,     0,  2647751, Hà Nội        , TP HCM      , Phổ thông   , 14/11/2025
VJ-151     , VietJet Air                            , 14:00         , 16:10       , 2h 10m  ,     0,  2714196, Hà Nội        , TP HCM      , Phổ thông   , 14/11/2025
QH-255     , Bamboo Airways                         , 16:30         , 18:45       , 2h 15m  ,     0,  2849839, Hà Nội        , TP HCM      , Phổ thông   , 14/11/2025
VJ-179     , VietJet Air                            , 05:00         , 07:10       , 2h 10m  ,     0,  2877540, Hà Nội        , TP HCM      , Phổ thông   , 14/11/2025
VN-231     , Vietnam Airlines                       , 18:30         , 20:40       , 2h 10m  ,     0,  2889848, Hà Nội        , TP HCM      , Phổ thông   , 14/11/2025
VJ-149     , VietJet Air                            , 10:05         , 12:10       , 2h 5m   ,     0,  2963110, Hà Nội        , TP HCM      , Phổ thông   , 14/11/2025
VN-227     , Vietnam Airlines                       , 05:45         , 07:55       , 2h 10m  ,     0,  3166830, Hà Nội        , TP HCM      , Phổ thông   , 14/11/2025
VN-259     , Vietnam Airlines                       , 18:00         , 20:10       , 2h 10m  ,     0,  3167035, Hà Nội        , TP HCM      , Phổ thông   , 14/11/2025
VN-257     , Vietnam Airlines                       , 17:40         , 19:50       , 2h 10m  ,     0,  3353301, Hà Nội        , TP HCM      , Phổ thông   , 14/11/2025
VN-247     , Vietnam Airlines                       , 10:00         , 12:10       , 2h 10m  ,     0,  3401745, Hà Nội        , TP HCM      , Phổ thông   , 14/11/2025
VN-7215    , Vietnam Airlines                       , 09:25         , 11:40       , 2h 15m  ,     0,  3401745, Hà Nội        , TP HCM      , Phổ thông   , 14/11/2025
VJ-127     , VietJet Air                            , 08:55         , 11:10       , 2h 15m  ,     0,  3406880, Hà Nội        , TP HCM      , Phổ thông   , 14/11/2025
VN-243     , Vietnam Airlines                       , 06:00         , 08:10       , 2h 10m  ,     0,  3562569, Hà Nội        , TP HCM      , Phổ thông   , 14/11/2025
VN-249     , Vietnam Airlines                       , 15:30         , 17:40       , 2h 10m  ,     0,  3562569, Hà Nội        , TP HCM      , Phổ thông   , 14/11/2025
VN-205     , Vietnam Airlines                       , 05:00         , 07:10       , 2h 10m  ,     0,  3613708, Hà Nội        , TP HCM      , Phổ thông   , 14/11/2025
VN-273     , Vietnam Airlines                       , 16:00         , 18:10       , 2h 10m  ,     0,  3613708, Hà Nội        , TP HCM      , Phổ thông   , 14/11/2025
VN-219     , Vietnam Airlines                       , 19:00         , 21:10       , 2h 10m  ,     0,  3613708, Hà Nội        , TP HCM      , Phổ thông   , 14/11/2025
VN-209     , Vietnam Airlines                       , 09:00         , 11:10       , 2h 10m  ,     0,  3627369, Hà Nội        , TP HCM      , Phổ thông   , 14/11/2025
VN-221     , Vietnam Airlines                       , 21:00         , 23:10       , 2h 10m  ,     0,  3627369, Hà Nội        , TP HCM      , Phổ thông   , 14/11/2025
VN-207     , Vietnam Airlines                       , 07:00         , 09:10       , 2h 10m  ,     0,  3671325, Hà Nội        , TP HCM      , Phổ thông   , 14/11/2025
VN-217     , Vietnam Airlines                       , 17:00         , 19:10       , 2h 10m  ,     0,  3671325, Hà Nội        , TP HCM      , Phổ thông   , 14/11/2025
VN-263     , Vietnam Airlines                       , 20:00         , 22:10       , 2h 10m  ,     0,  3777332, Hà Nội        , TP HCM      , Phổ thông   , 14/11/2025
VN-245     , Vietnam Airlines                       , 08:00         , 10:10       , 2h 10m  ,     0,  3809187, Hà Nội        , TP HCM      , Phổ thông   , 14/11/2025
VN-211     , Vietnam Airlines                       , 11:00         , 13:10       , 2h 10m  ,     0,  3868063, Hà Nội        , TP HCM      , Phổ thông   , 14/11/2025
VN-251     , Vietnam Airlines                       , 12:00         , 14:10       , 2h 10m  ,     0,  3868063, Hà Nội        , TP HCM      , Phổ thông   , 14/11/2025
VN-253     , Vietnam Airlines                       , 14:00         , 16:10       , 2h 10m  ,     0,  3868063, Hà Nội        , TP HCM      , Phổ thông   , 14/11/2025
QH-1215    , "Bamboo Airways, VietJet Air"          , 16:20         , 08:35       , 16h 15m ,     1,  1794623, Hà Nội        , TP HCM      , Phổ thông   , 14/11/2025
QH-1215    , "Bamboo Airways, VietJet Air"          , 16:20         , 14:05       , 21h 45m ,     1,  1794623, Hà Nội        , TP HCM      , Phổ thông   , 14/11/2025
VJ-433     , VietJet Air                            , 15:25         , 08:35       , 17h 10m ,     1,  1810051, Hà Nội        , TP HCM      , Phổ thông   , 14/11/2025
VJ-433     , VietJet Air                            , 15:25         , 14:05       , 22h 40m ,     1,  1810051, Hà Nội        , TP HCM      , Phổ thông   , 14/11/2025
QH-1215    , "Bamboo Airways, Vietnam Airlines"     , 16:20         , 08:55       , 16h 35m ,     1,  1894842, Hà Nội        , TP HCM      , Phổ thông   , 14/11/2025
VJ-433     , "VietJet Air, Vietnam Airlines"        , 15:25         , 08:55       , 17h 30m ,     1,  1910270, Hà Nội        , TP HCM      , Phổ thông   , 14/11/2025
VJ-431     , VietJet Air                            , 07:10         , 14:05       , 6h 55m  ,     1,  2246257, Hà Nội        , TP HCM      , Phổ thông   , 14/11/2025
VJ-431     , "VietJet Air, Bamboo Airways"          , 07:10         , 19:30       , 12h 20m ,     1,  2248542, Hà Nội        , TP HCM      , Phổ thông   , 14/11/2025
VJ-431     , VietJet Air                            , 07:10         , 20:30       , 13h 20m ,     1,  2257833, Hà Nội        , TP HCM      , Phổ thông   , 14/11/2025
VJ-431     , "VietJet Air, Vietnam Airlines"        , 07:10         , 15:40       , 8h 30m  ,     1,  2580365, Hà Nội        , TP HCM      , Phổ thông   , 14/11/2025
VJ-421     , VietJet Air                            , 06:05         , 19:40       , 13h 35m ,     1,  2785634, Hà Nội        , TP HCM      , Phổ thông   , 14/11/2025
VJ-401     , VietJet Air                            , 05:50         , 20:55       , 15h 5m  ,     1,  2785634, Hà Nội        , TP HCM      , Phổ thông   , 14/11/2025
VJ-433     , VietJet Air                            , 15:25         , 20:30       , 5h 5m   ,     1,  2818835, Hà Nội        , TP HCM      , Phổ thông   , 14/11/2025
VJ-423     , VietJet Air                            , 15:55         , 19:40       , 3h 45m  ,     1,  2972654, Hà Nội        , TP HCM      , Phổ thông   , 14/11/2025
VJ-403     , VietJet Air                            , 10:45         , 20:55       , 10h 10m ,     1,  3044253, Hà Nội        , TP HCM      , Phổ thông   , 14/11/2025
VJ-503     , VietJet Air                            , 05:55         , 00:40       , 18h 45m ,     1,  3044253, Hà Nội        , TP HCM      , Phổ thông   , 14/11/2025
VJ-521     , VietJet Air                            , 20:50         , 07:50       , 11h 0m  ,     1,  3080734, Hà Nội        , TP HCM      , Phổ thông   , 14/11/2025
VJ-501     , VietJet Air                            , 20:35         , 07:50       , 11h 15m ,     1,  3080734, Hà Nội        , TP HCM      , Phổ thông   , 14/11/2025
VJ-521     , VietJet Air                            , 20:50         , 06:50       , 10h 0m  ,     1,  3194237, Hà Nội        , TP HCM      , Phổ thông   , 14/11/2025
VJ-501     , VietJet Air                            , 20:35         , 06:50       , 10h 15m ,     1,  3194237, Hà Nội        , TP HCM      , Phổ thông   , 14/11/2025
VJ-521     , VietJet Air                            , 20:50         , 09:15       , 12h 25m ,     1,  3194237, Hà Nội        , TP HCM      , Phổ thông   , 14/11/2025
VJ-501     , VietJet Air                            , 20:35         , 09:15       , 12h 40m ,     1,  3194237, Hà Nội        , TP HCM      , Phổ thông   , 14/11/2025
VJ-503     , VietJet Air                            , 05:55         , 23:55       , 18h 0m  ,     1,  3241529, Hà Nội        , TP HCM      , Phổ thông   , 14/11/2025
VJ-421     , VietJet Air                            , 06:05         , 11:10       , 5h 5m   ,     1,  3344195, Hà Nội        , TP HCM      , Phổ thông   , 14/11/2025
VJ-517     , VietJet Air                            , 19:05         , 23:59       , 4h 54m  ,     1,  3371761, Hà Nội        , TP HCM      , Phổ thông   , 14/11/2025
VJ-569     , VietJet Air                            , 19:15         , 23:35       , 4h 20m  ,     1,  3926858, Hà Nội        , TP HCM      , Phổ thông   , 14/11/2025
VJ-515     , VietJet Air                            , 16:25         , 21:30       , 5h 5m   ,     1,  4120077, Hà Nội        , TP HCM      , Phổ thông   , 14/11/2025
VJ-569     , VietJet Air                            , 19:15         , 22:30       , 3h 15m  ,     1,  4127374, Hà Nội        , TP HCM      , Phổ thông   , 14/11/2025
VN-1651    , Vietnam Airlines                       , 12:00         , 10:20       , 22h 20m ,     1,  4688092, Hà Nội        , TP HCM      , Phổ thông   , 14/11/2025
VN-1641    , Vietnam Airlines                       , 07:15         , 19:05       , 11h 50m ,     1,  4836840, Hà Nội        , TP HCM      , Phổ thông   , 14/11/2025
VN-1575    , Vietnam Airlines                       , 12:00         , 08:35       , 20h 35m ,     1,  5130237, Hà Nội        , TP HCM      , Phổ thông   , 14/11/2025
VN-1575    , Vietnam Airlines                       , 12:00         , 09:20       , 21h 20m ,     1,  5130237, Hà Nội        , TP HCM      , Phổ thông   , 14/11/2025
VN-1641    , Vietnam Airlines                       , 07:15         , 15:00       , 7h 45m  ,     1,  5278710, Hà Nội        , TP HCM      , Phổ thông   , 14/11/2025
VN-1615    , Vietnam Airlines                       , 07:30         , 17:55       , 10h 25m ,     1,  5278710, Hà Nội        , TP HCM      , Phổ thông   , 14/11/2025
VN-1573    , Vietnam Airlines                       , 07:00         , 08:35       , 25h 35m ,     1,  5428003, Hà Nội        , TP HCM      , Phổ thông   , 14/11/2025
VN-1575    , Vietnam Airlines                       , 12:00         , 20:45       , 8h 45m  ,     1,  6163000, Hà Nội        , TP HCM      , Phổ thông   , 14/11/2025
VN-1573    , Vietnam Airlines                       , 07:00         , 20:45       , 13h 45m ,     1,  6163000, Hà Nội        , TP HCM      , Phổ thông   , 14/11/2025
VN-1237    , Vietnam Airlines                       , 07:00         , 23:15       , 16h 15m ,     1,  6605143, Hà Nội        , TP HCM      , Phổ thông   , 14/11/2025
VN-1237    , Vietnam Airlines                       , 07:00         , 08:25       , 25h 25m ,     1,  6605143, Hà Nội        , TP HCM      , Phổ thông   , 14/11/2025
VN-1563    , Vietnam Airlines                       , 16:45         , 22:35       , 5h 50m  ,     1,  6754163, Hà Nội        , TP HCM      , Phổ thông   , 14/11/2025
VN-1563    , Vietnam Airlines                       , 16:45         , 21:50       , 5h 5m   ,     1,  7043466, Hà Nội        , TP HCM      , Phổ thông   , 14/11/2025
VN-7569    , Vietnam Airlines                       , 12:05         , 22:35       , 10h 30m ,     1,  7043466, Hà Nội        , TP HCM      , Phổ thông   , 14/11/2025
VN-157     , Vietnam Airlines                       , 06:00         , 22:20       , 16h 20m ,     1,  7191939, Hà Nội        , TP HCM      , Phổ thông   , 14/11/2025
VN-7569    , Vietnam Airlines                       , 12:05         , 21:50       , 9h 45m  ,     1,  7340959, Hà Nội        , TP HCM      , Phổ thông   , 14/11/2025
VN-1237    , Vietnam Airlines                       , 07:00         , 18:05       , 11h 5m  ,     1,  7340959, Hà Nội        , TP HCM      , Phổ thông   , 14/11/2025
VN-1575    , Vietnam Airlines                       , 12:00         , 19:40       , 7h 40m  ,     1,  7465237, Hà Nội        , TP HCM      , Phổ thông   , 14/11/2025
VN-1573    , Vietnam Airlines                       , 07:00         , 19:40       , 12h 40m ,     1,  7465237, Hà Nội        , TP HCM      , Phổ thông   , 14/11/2025
VN-1237    , Vietnam Airlines                       , 07:00         , 12:40       , 5h 40m  ,     1,  7489432, Hà Nội        , TP HCM      , Phổ thông   , 14/11/2025
VN-1563    , Vietnam Airlines                       , 16:45         , 10:30       , 17h 45m ,     1,  7489432, Hà Nội        , TP HCM      , Phổ thông   , 14/11/2025
VN-7193    , Vietnam Airlines                       , 21:05         , 21:50       , 24h 45m ,     1,  7489432, Hà Nội        , TP HCM      , Phổ thông   , 14/11/2025
VN-1573    , Vietnam Airlines                       , 07:00         , 12:40       , 5h 40m  ,     1,  7615622, Hà Nội        , TP HCM      , Phổ thông   , 14/11/2025
VN-1553    , Vietnam Airlines                       , 09:55         , 22:35       , 12h 40m ,     1,  7637904, Hà Nội        , TP HCM      , Phổ thông   , 14/11/2025
VN-7569    , Vietnam Airlines                       , 12:05         , 10:30       , 22h 25m ,     1,  7912573, Hà Nội        , TP HCM      , Phổ thông   , 14/11/2025
VN-1237    , Vietnam Airlines                       , 07:00         , 14:00       , 7h 0m   ,     1,  7928028, Hà Nội        , TP HCM      , Phổ thông   , 14/11/2025
VN-1553    , Vietnam Airlines                       , 09:55         , 21:50       , 11h 55m ,     1,  7928028, Hà Nội        , TP HCM      , Phổ thông   , 14/11/2025
VN-157     , Vietnam Airlines                       , 06:00         , 10:25       , 4h 25m  ,     1,  8076501, Hà Nội        , TP HCM      , Phổ thông   , 14/11/2025
VN-6401    , Vietnam Airlines                       , 12:30         , 23:15       , 10h 45m ,     1,  8076501, Hà Nội        , TP HCM      , Phổ thông   , 14/11/2025
VN-157     , Vietnam Airlines                       , 06:00         , 14:25       , 8h 25m  ,     1,  8216892, Hà Nội        , TP HCM      , Phổ thông   , 14/11/2025
VN-157     , Vietnam Airlines                       , 06:00         , 15:15       , 9h 15m  ,     1,  8216892, Hà Nội        , TP HCM      , Phổ thông   , 14/11/2025
VN-157     , Vietnam Airlines                       , 06:00         , 15:30       , 9h 30m  ,     1,  8216892, Hà Nội        , TP HCM      , Phổ thông   , 14/11/2025
VN-1237    , Vietnam Airlines                       , 07:00         , 16:45       , 9h 45m  ,     1,  8363456, Hà Nội        , TP HCM      , Phổ thông   , 14/11/2025
VN-1563    , Vietnam Airlines                       , 16:45         , 11:35       , 18h 50m ,     1,  8517937, Hà Nội        , TP HCM      , Phổ thông   , 14/11/2025
VN-1553    , Vietnam Airlines                       , 09:55         , 10:30       , 24h 35m ,     1,  8517937, Hà Nội        , TP HCM      , Phổ thông   , 14/11/2025
VN-7569    , Vietnam Airlines                       , 12:05         , 11:35       , 23h 30m ,     1,  8814340, Hà Nội        , TP HCM      , Phổ thông   , 14/11/2025
VN-1553    , Vietnam Airlines                       , 09:55         , 11:35       , 25h 40m ,     1,  9412334, Hà Nội        , TP HCM      , Phổ thông   , 14/11/2025
9G-885     , SUN PhuQuoc AIRWAYS                    , 21:15         , 23:25       , 2h 10m  ,     0,  5796200, Hà Nội        , TP HCM      , Thương gia  , 14/11/2025
VN-205     , Vietnam Airlines                       , 05:00         , 07:10       , 2h 10m  ,     0,  4008189, Hà Nội        , TP HCM      , Thương gia  , 14/11/2025
VN-243     , Vietnam Airlines                       , 06:00         , 08:10       , 2h 10m  ,     0,  4008189, Hà Nội        , TP HCM      , Thương gia  , 14/11/2025
VN-265     , Vietnam Airlines                       , 22:45         , 00:55       , 2h 10m  ,     0,  4008189, Hà Nội        , TP HCM      , Thương gia  , 14/11/2025
VN-6025    , Vietnam Airlines                       , 23:00         , 01:10       , 2h 10m  ,     0,  4008189, Hà Nội        , TP HCM      , Thương gia  , 14/11/2025
VN-221     , Vietnam Airlines                       , 21:00         , 23:10       , 2h 10m  ,     0,  4779930, Hà Nội        , TP HCM      , Thương gia  , 14/11/2025
9G-853     , SUN PhuQuoc AIRWAYS                    , 15:15         , 17:25       , 2h 10m  ,     0,  5796200, Hà Nội        , TP HCM      , Thương gia  , 14/11/2025
9G-869     , SUN PhuQuoc AIRWAYS                    , 18:55         , 21:05       , 2h 10m  ,     0,  5796200, Hà Nội        , TP HCM      , Thương gia  , 14/11/2025
9G-885     , SUN PhuQuoc AIRWAYS                    , 21:15         , 23:25       , 2h 10m  ,     0,  5796200, Hà Nội        , TP HCM      , Thương gia  , 14/11/2025
VN-227     , Vietnam Airlines                       , 05:45         , 07:55       , 2h 10m  ,     0,  5950811, Hà Nội        , TP HCM      , Thương gia  , 14/11/2025
QH-299     , Bamboo Airways                         , 23:05         , 01:20       , 2h 15m  ,     0,  7215480, Hà Nội        , TP HCM      , Thương gia  , 14/11/2025
QH-203     , Bamboo Airways                         , 07:05         , 09:20       , 2h 15m  ,     0,  7545960, Hà Nội        , TP HCM      , Thương gia  , 14/11/2025
QH-255     , Bamboo Airways                         , 16:30         , 18:45       , 2h 15m  ,     0,  7545960, Hà Nội        , TP HCM      , Thương gia  , 14/11/2025
VN-207     , Vietnam Airlines                       , 07:00         , 09:10       , 2h 10m  ,     0,  8927526, Hà Nội        , TP HCM      , Thương gia  , 14/11/2025
VN-209     , Vietnam Airlines                       , 09:00         , 11:10       , 2h 10m  ,     0,  8927526, Hà Nội        , TP HCM      , Thương gia  , 14/11/2025
VN-253     , Vietnam Airlines                       , 14:00         , 16:10       , 2h 10m  ,     0,  8927526, Hà Nội        , TP HCM      , Thương gia  , 14/11/2025
VN-215     , Vietnam Airlines                       , 15:00         , 17:10       , 2h 10m  ,     0,  8927526, Hà Nội        , TP HCM      , Thương gia  , 14/11/2025
VN-249     , Vietnam Airlines                       , 15:30         , 17:40       , 2h 10m  ,     0,  8927526, Hà Nội        , TP HCM      , Thương gia  , 14/11/2025
VN-273     , Vietnam Airlines                       , 16:00         , 18:10       , 2h 10m  ,     0,  8927526, Hà Nội        , TP HCM      , Thương gia  , 14/11/2025
VN-217     , Vietnam Airlines                       , 17:00         , 19:10       , 2h 10m  ,     0,  8927526, Hà Nội        , TP HCM      , Thương gia  , 14/11/2025
VN-257     , Vietnam Airlines                       , 17:40         , 19:50       , 2h 10m  ,     0,  8927526, Hà Nội        , TP HCM      , Thương gia  , 14/11/2025
VN-259     , Vietnam Airlines                       , 18:00         , 20:10       , 2h 10m  ,     0,  8927526, Hà Nội        , TP HCM      , Thương gia  , 14/11/2025
VN-231     , Vietnam Airlines                       , 18:30         , 20:40       , 2h 10m  ,     0,  8927526, Hà Nội        , TP HCM      , Thương gia  , 14/11/2025
VN-219     , Vietnam Airlines                       , 19:00         , 21:10       , 2h 10m  ,     0,  8927526, Hà Nội        , TP HCM      , Thương gia  , 14/11/2025
VN-263     , Vietnam Airlines                       , 20:00         , 22:10       , 2h 10m  ,     0,  8927526, Hà Nội        , TP HCM      , Thương gia  , 14/11/2025
VN-7215    , Vietnam Airlines                       , 09:25         , 11:40       , 2h 15m  ,     0,  8927526, Hà Nội        , TP HCM      , Thương gia  , 14/11/2025
VN-211     , Vietnam Airlines                       , 11:00         , 13:10       , 2h 10m  ,     0,  9112841, Hà Nội        , TP HCM      , Thương gia  , 14/11/2025
9G-895     , SUN PhuQuoc AIRWAYS                    , 22:15         , 00:25       , 2h 10m  ,     0,  1794980, Hà Nội        , TP HCM      , Phổ thông   , 15/11/2025
VJ-161     , VietJet Air                            , 00:15         , 02:20       , 2h 5m   ,     0,  1191015, Hà Nội        , TP HCM      , Phổ thông   , 15/11/2025
QH-299     , Bamboo Airways                         , 23:05         , 01:20       , 2h 15m  ,     0,  1469575, Hà Nội        , TP HCM      , Phổ thông   , 15/11/2025
VU-791     , Vietravel Airlines                     , 21:00         , 23:20       , 2h 20m  ,     0,  1530310, Hà Nội        , TP HCM      , Phổ thông   , 15/11/2025
VJ-123     , VietJet Air                            , 22:10         , 00:20       , 2h 10m  ,     0,  1541255, Hà Nội        , TP HCM      , Phổ thông   , 15/11/2025
VJ-187     , VietJet Air                            , 22:50         , 01:00       , 2h 10m  ,     0,  1541255, Hà Nội        , TP HCM      , Phổ thông   , 15/11/2025
VJ-171     , VietJet Air                            , 01:00         , 03:10       , 2h 10m  ,     0,  1544600, Hà Nội        , TP HCM      , Phổ thông   , 15/11/2025
QH-283     , Bamboo Airways                         , 22:35         , 00:50       , 2h 15m  ,     0,  1600497, Hà Nội        , TP HCM      , Phổ thông   , 15/11/2025
VU-787     , Vietravel Airlines                     , 20:10         , 22:25       , 2h 15m  ,     0,  1668615, Hà Nội        , TP HCM      , Phổ thông   , 15/11/2025
VN-265     , Vietnam Airlines                       , 22:45         , 00:55       , 2h 10m  ,     0,  1782556, Hà Nội        , TP HCM      , Phổ thông   , 15/11/2025
9G-885     , SUN PhuQuoc AIRWAYS                    , 21:15         , 23:25       , 2h 10m  ,     0,  1794980, Hà Nội        , TP HCM      , Phổ thông   , 15/11/2025
9G-895     , SUN PhuQuoc AIRWAYS                    , 22:15         , 00:25       , 2h 10m  ,     0,  1794980, Hà Nội        , TP HCM      , Phổ thông   , 15/11/2025
VJ-193     , VietJet Air                            , 18:20         , 20:30       , 2h 10m  ,     0,  1807915, Hà Nội        , TP HCM      , Phổ thông   , 15/11/2025
VJ-173     , VietJet Air                            , 19:05         , 21:15       , 2h 10m  ,     0,  1807915, Hà Nội        , TP HCM      , Phổ thông   , 15/11/2025
VJ-155     , VietJet Air                            , 20:05         , 22:15       , 2h 10m  ,     0,  1807915, Hà Nội        , TP HCM      , Phổ thông   , 15/11/2025
VJ-147     , VietJet Air                            , 17:10         , 19:20       , 2h 10m  ,     0,  1814159, Hà Nội        , TP HCM      , Phổ thông   , 15/11/2025
VJ-163     , VietJet Air                            , 17:20         , 19:30       , 2h 10m  ,     0,  1814159, Hà Nội        , TP HCM      , Phổ thông   , 15/11/2025
VJ-165     , VietJet Air                            , 18:30         , 20:40       , 2h 10m  ,     0,  1868202, Hà Nội        , TP HCM      , Phổ thông   , 15/11/2025
9G-869     , SUN PhuQuoc AIRWAYS                    , 18:55         , 21:05       , 2h 10m  ,     0,  1961145, Hà Nội        , TP HCM      , Phổ thông   , 15/11/2025
VJ-199     , VietJet Air                            , 15:55         , 18:10       , 2h 15m  ,     0,  2163130, Hà Nội        , TP HCM      , Phổ thông   , 15/11/2025
VJ-191     , VietJet Air                            , 15:55         , 18:10       , 2h 15m  ,     0,  2163130, Hà Nội        , TP HCM      , Phổ thông   , 15/11/2025
VN-6025    , Vietnam Airlines                       , 23:00         , 01:10       , 2h 10m  ,     0,  2192006, Hà Nội        , TP HCM      , Phổ thông   , 15/11/2025
VU-751     , Vietravel Airlines                     , 08:50         , 11:05       , 2h 15m  ,     0,  2222830, Hà Nội        , TP HCM      , Phổ thông   , 15/11/2025
VU-779     , Vietravel Airlines                     , 16:10         , 18:25       , 2h 15m  ,     0,  2222830, Hà Nội        , TP HCM      , Phổ thông   , 15/11/2025
VJ-137     , VietJet Air                            , 11:45         , 13:55       , 2h 10m  ,     0,  2320764, Hà Nội        , TP HCM      , Phổ thông   , 15/11/2025
VJ-135     , VietJet Air                            , 11:10         , 13:20       , 2h 10m  ,     0,  2365115, Hà Nội        , TP HCM      , Phổ thông   , 15/11/2025
VU-775     , Vietravel Airlines                     , 10:05         , 12:20       , 2h 15m  ,     0,  2407900, Hà Nội        , TP HCM      , Phổ thông   , 15/11/2025
VN-267     , Vietnam Airlines                       , 22:20         , 00:30       , 2h 10m  ,     0,  2483514, Hà Nội        , TP HCM      , Phổ thông   , 15/11/2025
QH-203     , Bamboo Airways                         , 07:05         , 09:20       , 2h 15m  ,     0,  2571128, Hà Nội        , TP HCM      , Phổ thông   , 15/11/2025
QH-211     , Bamboo Airways                         , 10:10         , 12:25       , 2h 15m  ,     0,  2571128, Hà Nội        , TP HCM      , Phổ thông   , 15/11/2025
VU-771     , Vietravel Airlines                     , 10:50         , 13:05       , 2h 15m  ,     0,  2599935, Hà Nội        , TP HCM      , Phổ thông   , 15/11/2025
9G-853     , SUN PhuQuoc AIRWAYS                    , 15:15         , 17:25       , 2h 10m  ,     0,  2647751, Hà Nội        , TP HCM      , Phổ thông   , 15/11/2025
VJ-151     , VietJet Air                            , 14:00         , 16:10       , 2h 10m  ,     0,  2714196, Hà Nội        , TP HCM      , Phổ thông   , 15/11/2025
QH-255     , Bamboo Airways                         , 16:30         , 18:45       , 2h 15m  ,     0,  2849839, Hà Nội        , TP HCM      , Phổ thông   , 15/11/2025
VJ-179     , VietJet Air                            , 05:00         , 07:10       , 2h 10m  ,     0,  2877540, Hà Nội        , TP HCM      , Phổ thông   , 15/11/2025
VN-231     , Vietnam Airlines                       , 18:30         , 20:40       , 2h 10m  ,     0,  2889848, Hà Nội        , TP HCM      , Phổ thông   , 15/11/2025
VJ-149     , VietJet Air                            , 10:05         , 12:10       , 2h 5m   ,     0,  2963110, Hà Nội        , TP HCM      , Phổ thông   , 15/11/2025
VN-227     , Vietnam Airlines                       , 05:45         , 07:55       , 2h 10m  ,     0,  3166830, Hà Nội        , TP HCM      , Phổ thông   , 15/11/2025
VN-259     , Vietnam Airlines                       , 18:00         , 20:10       , 2h 10m  ,     0,  3167035, Hà Nội        , TP HCM      , Phổ thông   , 15/11/2025
VN-257     , Vietnam Airlines                       , 17:40         , 19:50       , 2h 10m  ,     0,  3353301, Hà Nội        , TP HCM      , Phổ thông   , 15/11/2025
VN-247     , Vietnam Airlines                       , 10:00         , 12:10       , 2h 10m  ,     0,  3401745, Hà Nội        , TP HCM      , Phổ thông   , 15/11/2025
VN-7215    , Vietnam Airlines                       , 09:25         , 11:40       , 2h 15m  ,     0,  3401745, Hà Nội        , TP HCM      , Phổ thông   , 15/11/2025
VJ-127     , VietJet Air                            , 08:55         , 11:10       , 2h 15m  ,     0,  3406880, Hà Nội        , TP HCM      , Phổ thông   , 15/11/2025
VN-243     , Vietnam Airlines                       , 06:00         , 08:10       , 2h 10m  ,     0,  3562569, Hà Nội        , TP HCM      , Phổ thông   , 15/11/2025
VN-249     , Vietnam Airlines                       , 15:30         , 17:40       , 2h 10m  ,     0,  3562569, Hà Nội        , TP HCM      , Phổ thông   , 15/11/2025
VN-205     , Vietnam Airlines                       , 05:00         , 07:10       , 2h 10m  ,     0,  3613708, Hà Nội        , TP HCM      , Phổ thông   , 15/11/2025
VN-273     , Vietnam Airlines                       , 16:00         , 18:10       , 2h 10m  ,     0,  3613708, Hà Nội        , TP HCM      , Phổ thông   , 15/11/2025
VN-219     , Vietnam Airlines                       , 19:00         , 21:10       , 2h 10m  ,     0,  3613708, Hà Nội        , TP HCM      , Phổ thông   , 15/11/2025
VN-209     , Vietnam Airlines                       , 09:00         , 11:10       , 2h 10m  ,     0,  3627369, Hà Nội        , TP HCM      , Phổ thông   , 15/11/2025
VN-221     , Vietnam Airlines                       , 21:00         , 23:10       , 2h 10m  ,     0,  3627369, Hà Nội        , TP HCM      , Phổ thông   , 15/11/2025
VN-207     , Vietnam Airlines                       , 07:00         , 09:10       , 2h 10m  ,     0,  3671325, Hà Nội        , TP HCM      , Phổ thông   , 15/11/2025
VN-217     , Vietnam Airlines                       , 17:00         , 19:10       , 2h 10m  ,     0,  3671325, Hà Nội        , TP HCM      , Phổ thông   , 15/11/2025
VN-263     , Vietnam Airlines                       , 20:00         , 22:10       , 2h 10m  ,     0,  3777332, Hà Nội        , TP HCM      , Phổ thông   , 15/11/2025
VN-245     , Vietnam Airlines                       , 08:00         , 10:10       , 2h 10m  ,     0,  3809187, Hà Nội        , TP HCM      , Phổ thông   , 15/11/2025
VN-211     , Vietnam Airlines                       , 11:00         , 13:10       , 2h 10m  ,     0,  3868063, Hà Nội        , TP HCM      , Phổ thông   , 15/11/2025
VN-251     , Vietnam Airlines                       , 12:00         , 14:10       , 2h 10m  ,     0,  3868063, Hà Nội        , TP HCM      , Phổ thông   , 15/11/2025
VN-253     , Vietnam Airlines                       , 14:00         , 16:10       , 2h 10m  ,     0,  3868063, Hà Nội        , TP HCM      , Phổ thông   , 15/11/2025
QH-1215    , "Bamboo Airways, VietJet Air"          , 16:20         , 08:35       , 16h 15m ,     1,  1794623, Hà Nội        , TP HCM      , Phổ thông   , 15/11/2025
QH-1215    , "Bamboo Airways, VietJet Air"          , 16:20         , 14:05       , 21h 45m ,     1,  1794623, Hà Nội        , TP HCM      , Phổ thông   , 15/11/2025
VJ-433     , VietJet Air                            , 15:25         , 08:35       , 17h 10m ,     1,  1810051, Hà Nội        , TP HCM      , Phổ thông   , 15/11/2025
VJ-433     , VietJet Air                            , 15:25         , 14:05       , 22h 40m ,     1,  1810051, Hà Nội        , TP HCM      , Phổ thông   , 15/11/2025
QH-1215    , "Bamboo Airways, Vietnam Airlines"     , 16:20         , 08:55       , 16h 35m ,     1,  1894842, Hà Nội        , TP HCM      , Phổ thông   , 15/11/2025
VJ-433     , "VietJet Air, Vietnam Airlines"        , 15:25         , 08:55       , 17h 30m ,     1,  1910270, Hà Nội        , TP HCM      , Phổ thông   , 15/11/2025
VJ-431     , VietJet Air                            , 07:10         , 14:05       , 6h 55m  ,     1,  2246257, Hà Nội        , TP HCM      , Phổ thông   , 15/11/2025
VJ-431     , "VietJet Air, Bamboo Airways"          , 07:10         , 19:30       , 12h 20m ,     1,  2248542, Hà Nội        , TP HCM      , Phổ thông   , 15/11/2025
VJ-431     , VietJet Air                            , 07:10         , 20:30       , 13h 20m ,     1,  2257833, Hà Nội        , TP HCM      , Phổ thông   , 15/11/2025
VJ-431     , "VietJet Air, Vietnam Airlines"        , 07:10         , 15:40       , 8h 30m  ,     1,  2580365, Hà Nội        , TP HCM      , Phổ thông   , 15/11/2025
VJ-421     , VietJet Air                            , 06:05         , 19:40       , 13h 35m ,     1,  2785634, Hà Nội        , TP HCM      , Phổ thông   , 15/11/2025
VJ-401     , VietJet Air                            , 05:50         , 20:55       , 15h 5m  ,     1,  2785634, Hà Nội        , TP HCM      , Phổ thông   , 15/11/2025
VJ-433     , VietJet Air                            , 15:25         , 20:30       , 5h 5m   ,     1,  2818835, Hà Nội        , TP HCM      , Phổ thông   , 15/11/2025
VJ-423     , VietJet Air                            , 15:55         , 19:40       , 3h 45m  ,     1,  2972654, Hà Nội        , TP HCM      , Phổ thông   , 15/11/2025
VJ-403     , VietJet Air                            , 10:45         , 20:55       , 10h 10m ,     1,  3044253, Hà Nội        , TP HCM      , Phổ thông   , 15/11/2025
VJ-503     , VietJet Air                            , 05:55         , 00:40       , 18h 45m ,     1,  3044253, Hà Nội        , TP HCM      , Phổ thông   , 15/11/2025
VJ-521     , VietJet Air                            , 20:50         , 07:50       , 11h 0m  ,     1,  3080734, Hà Nội        , TP HCM      , Phổ thông   , 15/11/2025
VJ-501     , VietJet Air                            , 20:35         , 07:50       , 11h 15m ,     1,  3080734, Hà Nội        , TP HCM      , Phổ thông   , 15/11/2025
VJ-521     , VietJet Air                            , 20:50         , 06:50       , 10h 0m  ,     1,  3194237, Hà Nội        , TP HCM      , Phổ thông   , 15/11/2025
VJ-501     , VietJet Air                            , 20:35         , 06:50       , 10h 15m ,     1,  3194237, Hà Nội        , TP HCM      , Phổ thông   , 15/11/2025
VJ-521     , VietJet Air                            , 20:50         , 09:15       , 12h 25m ,     1,  3194237, Hà Nội        , TP HCM      , Phổ thông   , 15/11/2025
VJ-501     , VietJet Air                            , 20:35         , 09:15       , 12h 40m ,     1,  3194237, Hà Nội        , TP HCM      , Phổ thông   , 15/11/2025
VJ-503     , VietJet Air                            , 05:55         , 23:55       , 18h 0m  ,     1,  3241529, Hà Nội        , TP HCM      , Phổ thông   , 15/11/2025
VJ-421     , VietJet Air                            , 06:05         , 11:10       , 5h 5m   ,     1,  3344195, Hà Nội        , TP HCM      , Phổ thông   , 15/11/2025
VJ-517     , VietJet Air                            , 19:05         , 23:59       , 4h 54m  ,     1,  3371761, Hà Nội        , TP HCM      , Phổ thông   , 15/11/2025
VJ-569     , VietJet Air                            , 19:15         , 23:35       , 4h 20m  ,     1,  3926858, Hà Nội        , TP HCM      , Phổ thông   , 15/11/2025
VJ-515     , VietJet Air                            , 16:25         , 21:30       , 5h 5m   ,     1,  4120077, Hà Nội        , TP HCM      , Phổ thông   , 15/11/2025
VJ-569     , VietJet Air                            , 19:15         , 22:30       , 3h 15m  ,     1,  4127374, Hà Nội        , TP HCM      , Phổ thông   , 15/11/2025
VN-1651    , Vietnam Airlines                       , 12:00         , 10:20       , 22h 20m ,     1,  4688092, Hà Nội        , TP HCM      , Phổ thông   , 15/11/2025
VN-1641    , Vietnam Airlines                       , 07:15         , 19:05       , 11h 50m ,     1,  4836840, Hà Nội        , TP HCM      , Phổ thông   , 15/11/2025
VN-1575    , Vietnam Airlines                       , 12:00         , 08:35       , 20h 35m ,     1,  5130237, Hà Nội        , TP HCM      , Phổ thông   , 15/11/2025
VN-1575    , Vietnam Airlines                       , 12:00         , 09:20       , 21h 20m ,     1,  5130237, Hà Nội        , TP HCM      , Phổ thông   , 15/11/2025
VN-1641    , Vietnam Airlines                       , 07:15         , 15:00       , 7h 45m  ,     1,  5278710, Hà Nội        , TP HCM      , Phổ thông   , 15/11/2025
VN-1615    , Vietnam Airlines                       , 07:30         , 17:55       , 10h 25m ,     1,  5278710, Hà Nội        , TP HCM      , Phổ thông   , 15/11/2025
VN-1573    , Vietnam Airlines                       , 07:00         , 08:35       , 25h 35m ,     1,  5428003, Hà Nội        , TP HCM      , Phổ thông   , 15/11/2025
VN-1575    , Vietnam Airlines                       , 12:00         , 20:45       , 8h 45m  ,     1,  6163000, Hà Nội        , TP HCM      , Phổ thông   , 15/11/2025
VN-1573    , Vietnam Airlines                       , 07:00         , 20:45       , 13h 45m ,     1,  6163000, Hà Nội        , TP HCM      , Phổ thông   , 15/11/2025
VN-1237    , Vietnam Airlines                       , 07:00         , 23:15       , 16h 15m ,     1,  6605143, Hà Nội        , TP HCM      , Phổ thông   , 15/11/2025
VN-1237    , Vietnam Airlines                       , 07:00         , 08:25       , 25h 25m ,     1,  6605143, Hà Nội        , TP HCM      , Phổ thông   , 15/11/2025
VN-1563    , Vietnam Airlines                       , 16:45         , 22:35       , 5h 50m  ,     1,  6754163, Hà Nội        , TP HCM      , Phổ thông   , 15/11/2025
VN-1563    , Vietnam Airlines                       , 16:45         , 21:50       , 5h 5m   ,     1,  7043466, Hà Nội        , TP HCM      , Phổ thông   , 15/11/2025
VN-7569    , Vietnam Airlines                       , 12:05         , 22:35       , 10h 30m ,     1,  7043466, Hà Nội        , TP HCM      , Phổ thông   , 15/11/2025
VN-157     , Vietnam Airlines                       , 06:00         , 22:20       , 16h 20m ,     1,  7191939, Hà Nội        , TP HCM      , Phổ thông   , 15/11/2025
VN-7569    , Vietnam Airlines                       , 12:05         , 21:50       , 9h 45m  ,     1,  7340959, Hà Nội        , TP HCM      , Phổ thông   , 15/11/2025
VN-1237    , Vietnam Airlines                       , 07:00         , 18:05       , 11h 5m  ,     1,  7340959, Hà Nội        , TP HCM      , Phổ thông   , 15/11/2025
VN-1575    , Vietnam Airlines                       , 12:00         , 19:40       , 7h 40m  ,     1,  7465237, Hà Nội        , TP HCM      , Phổ thông   , 15/11/2025
VN-1573    , Vietnam Airlines                       , 07:00         , 19:40       , 12h 40m ,     1,  7465237, Hà Nội        , TP HCM      , Phổ thông   , 15/11/2025
VN-1237    , Vietnam Airlines                       , 07:00         , 12:40       , 5h 40m  ,     1,  7489432, Hà Nội        , TP HCM      , Phổ thông   , 15/11/2025
VN-1563    , Vietnam Airlines                       , 16:45         , 10:30       , 17h 45m ,     1,  7489432, Hà Nội        , TP HCM      , Phổ thông   , 15/11/2025
VN-7193    , Vietnam Airlines                       , 21:05         , 21:50       , 24h 45m ,     1,  7489432, Hà Nội        , TP HCM      , Phổ thông   , 15/11/2025
VN-1573    , Vietnam Airlines                       , 07:00         , 12:40       , 5h 40m  ,     1,  7615622, Hà Nội        , TP HCM      , Phổ thông   , 15/11/2025
VN-1553    , Vietnam Airlines                       , 09:55         , 22:35       , 12h 40m ,     1,  7637904, Hà Nội        , TP HCM      , Phổ thông   , 15/11/2025
VN-7569    , Vietnam Airlines                       , 12:05         , 10:30       , 22h 25m ,     1,  7912573, Hà Nội        , TP HCM      , Phổ thông   , 15/11/2025
VN-1237    , Vietnam Airlines                       , 07:00         , 14:00       , 7h 0m   ,     1,  7928028, Hà Nội        , TP HCM      , Phổ thông   , 15/11/2025
VN-1553    , Vietnam Airlines                       , 09:55         , 21:50       , 11h 55m ,     1,  7928028, Hà Nội        , TP HCM      , Phổ thông   , 15/11/2025
VN-157     , Vietnam Airlines                       , 06:00         , 10:25       , 4h 25m  ,     1,  8076501, Hà Nội        , TP HCM      , Phổ thông   , 15/11/2025
VN-6401    , Vietnam Airlines                       , 12:30         , 23:15       , 10h 45m ,     1,  8076501, Hà Nội        , TP HCM      , Phổ thông   , 15/11/2025
VN-157     , Vietnam Airlines                       , 06:00         , 14:25       , 8h 25m  ,     1,  8216892, Hà Nội        , TP HCM      , Phổ thông   , 15/11/2025
VN-157     , Vietnam Airlines                       , 06:00         , 15:15       , 9h 15m  ,     1,  8216892, Hà Nội        , TP HCM      , Phổ thông   , 15/11/2025
VN-157     , Vietnam Airlines                       , 06:00         , 15:30       , 9h 30m  ,     1,  8216892, Hà Nội        , TP HCM      , Phổ thông   , 15/11/2025
VN-1237    , Vietnam Airlines                       , 07:00         , 16:45       , 9h 45m  ,     1,  8363456, Hà Nội        , TP HCM      , Phổ thông   , 15/11/2025
VN-1563    , Vietnam Airlines                       , 16:45         , 11:35       , 18h 50m ,     1,  8517937, Hà Nội        , TP HCM      , Phổ thông   , 15/11/2025
VN-1553    , Vietnam Airlines                       , 09:55         , 10:30       , 24h 35m ,     1,  8517937, Hà Nội        , TP HCM      , Phổ thông   , 15/11/2025
VN-7569    , Vietnam Airlines                       , 12:05         , 11:35       , 23h 30m ,     1,  8814340, Hà Nội        , TP HCM      , Phổ thông   , 15/11/2025
VN-1553    , Vietnam Airlines                       , 09:55         , 11:35       , 25h 40m ,     1,  9412334, Hà Nội        , TP HCM      , Phổ thông   , 15/11/2025
9G-885     , SUN PhuQuoc AIRWAYS                    , 21:15         , 23:25       , 2h 10m  ,     0,  5796200, Hà Nội        , TP HCM      , Thương gia  , 15/11/2025
VN-205     , Vietnam Airlines                       , 05:00         , 07:10       , 2h 10m  ,     0,  4008189, Hà Nội        , TP HCM      , Thương gia  , 15/11/2025
VN-243     , Vietnam Airlines                       , 06:00         , 08:10       , 2h 10m  ,     0,  4008189, Hà Nội        , TP HCM      , Thương gia  , 15/11/2025
VN-265     , Vietnam Airlines                       , 22:45         , 00:55       , 2h 10m  ,     0,  4008189, Hà Nội        , TP HCM      , Thương gia  , 15/11/2025
VN-6025    , Vietnam Airlines                       , 23:00         , 01:10       , 2h 10m  ,     0,  4008189, Hà Nội        , TP HCM      , Thương gia  , 15/11/2025
VN-221     , Vietnam Airlines                       , 21:00         , 23:10       , 2h 10m  ,     0,  4779930, Hà Nội        , TP HCM      , Thương gia  , 15/11/2025
9G-853     , SUN PhuQuoc AIRWAYS                    , 15:15         , 17:25       , 2h 10m  ,     0,  5796200, Hà Nội        , TP HCM      , Thương gia  , 15/11/2025
9G-869     , SUN PhuQuoc AIRWAYS                    , 18:55         , 21:05       , 2h 10m  ,     0,  5796200, Hà Nội        , TP HCM      , Thương gia  , 15/11/2025
9G-885     , SUN PhuQuoc AIRWAYS                    , 21:15         , 23:25       , 2h 10m  ,     0,  5796200, Hà Nội        , TP HCM      , Thương gia  , 15/11/2025
VN-227     , Vietnam Airlines                       , 05:45         , 07:55       , 2h 10m  ,     0,  5950811, Hà Nội        , TP HCM      , Thương gia  , 15/11/2025
QH-299     , Bamboo Airways                         , 23:05         , 01:20       , 2h 15m  ,     0,  7215480, Hà Nội        , TP HCM      , Thương gia  , 15/11/2025
QH-203     , Bamboo Airways                         , 07:05         , 09:20       , 2h 15m  ,     0,  7545960, Hà Nội        , TP HCM      , Thương gia  , 15/11/2025
QH-255     , Bamboo Airways                         , 16:30         , 18:45       , 2h 15m  ,     0,  7545960, Hà Nội        , TP HCM      , Thương gia  , 15/11/2025
VN-207     , Vietnam Airlines                       , 07:00         , 09:10       , 2h 10m  ,     0,  8927526, Hà Nội        , TP HCM      , Thương gia  , 15/11/2025
VN-209     , Vietnam Airlines                       , 09:00         , 11:10       , 2h 10m  ,     0,  8927526, Hà Nội        , TP HCM      , Thương gia  , 15/11/2025
VN-253     , Vietnam Airlines                       , 14:00         , 16:10       , 2h 10m  ,     0,  8927526, Hà Nội        , TP HCM      , Thương gia  , 15/11/2025
VN-215     , Vietnam Airlines                       , 15:00         , 17:10       , 2h 10m  ,     0,  8927526, Hà Nội        , TP HCM      , Thương gia  , 15/11/2025
VN-249     , Vietnam Airlines                       , 15:30         , 17:40       , 2h 10m  ,     0,  8927526, Hà Nội        , TP HCM      , Thương gia  , 15/11/2025
VN-273     , Vietnam Airlines                       , 16:00         , 18:10       , 2h 10m  ,     0,  8927526, Hà Nội        , TP HCM      , Thương gia  , 15/11/2025
VN-217     , Vietnam Airlines                       , 17:00         , 19:10       , 2h 10m  ,     0,  8927526, Hà Nội        , TP HCM      , Thương gia  , 15/11/2025
VN-257     , Vietnam Airlines                       , 17:40         , 19:50       , 2h 10m  ,     0,  8927526, Hà Nội        , TP HCM      , Thương gia  , 15/11/2025
VN-259     , Vietnam Airlines                       , 18:00         , 20:10       , 2h 10m  ,     0,  8927526, Hà Nội        , TP HCM      , Thương gia  , 15/11/2025
VN-231     , Vietnam Airlines                       , 18:30         , 20:40       , 2h 10m  ,     0,  8927526, Hà Nội        , TP HCM      , Thương gia  , 15/11/2025
VN-219     , Vietnam Airlines                       , 19:00         , 21:10       , 2h 10m  ,     0,  8927526, Hà Nội        , TP HCM      , Thương gia  , 15/11/2025
VN-263     , Vietnam Airlines                       , 20:00         , 22:10       , 2h 10m  ,     0,  8927526, Hà Nội        , TP HCM      , Thương gia  , 15/11/2025
VN-7215    , Vietnam Airlines                       , 09:25         , 11:40       , 2h 15m  ,     0,  8927526, Hà Nội        , TP HCM      , Thương gia  , 15/11/2025
VN-211     , Vietnam Airlines                       , 11:00         , 13:10       , 2h 10m  ,     0,  9112841, Hà Nội        , TP HCM      , Thương gia  , 15/11/2025
9G-895     , SUN PhuQuoc AIRWAYS                    , 22:15         , 00:25       , 2h 10m  ,     0,  1794980, Hà Nội        , TP HCM      , Phổ thông   , 16/11/2025
VJ-161     , VietJet Air                            , 00:15         , 02:20       , 2h 5m   ,     0,  1191015, Hà Nội        , TP HCM      , Phổ thông   , 16/11/2025
QH-299     , Bamboo Airways                         , 23:05         , 01:20       , 2h 15m  ,     0,  1469575, Hà Nội        , TP HCM      , Phổ thông   , 16/11/2025
VU-791     , Vietravel Airlines                     , 21:00         , 23:20       , 2h 20m  ,     0,  1530310, Hà Nội        , TP HCM      , Phổ thông   , 16/11/2025
VJ-123     , VietJet Air                            , 22:10         , 00:20       , 2h 10m  ,     0,  1541255, Hà Nội        , TP HCM      , Phổ thông   , 16/11/2025
VJ-187     , VietJet Air                            , 22:50         , 01:00       , 2h 10m  ,     0,  1541255, Hà Nội        , TP HCM      , Phổ thông   , 16/11/2025
VJ-171     , VietJet Air                            , 01:00         , 03:10       , 2h 10m  ,     0,  1544600, Hà Nội        , TP HCM      , Phổ thông   , 16/11/2025
QH-283     , Bamboo Airways                         , 22:35         , 00:50       , 2h 15m  ,     0,  1600497, Hà Nội        , TP HCM      , Phổ thông   , 16/11/2025
VU-787     , Vietravel Airlines                     , 20:10         , 22:25       , 2h 15m  ,     0,  1668615, Hà Nội        , TP HCM      , Phổ thông   , 16/11/2025
VN-265     , Vietnam Airlines                       , 22:45         , 00:55       , 2h 10m  ,     0,  1782556, Hà Nội        , TP HCM      , Phổ thông   , 16/11/2025
9G-885     , SUN PhuQuoc AIRWAYS                    , 21:15         , 23:25       , 2h 10m  ,     0,  1794980, Hà Nội        , TP HCM      , Phổ thông   , 16/11/2025
9G-895     , SUN PhuQuoc AIRWAYS                    , 22:15         , 00:25       , 2h 10m  ,     0,  1794980, Hà Nội        , TP HCM      , Phổ thông   , 16/11/2025
VJ-147     , VietJet Air                            , 17:10         , 19:20       , 2h 10m  ,     0,  1803800, Hà Nội        , TP HCM      , Phổ thông   , 16/11/2025
VJ-193     , VietJet Air                            , 18:20         , 20:30       , 2h 10m  ,     0,  1807915, Hà Nội        , TP HCM      , Phổ thông   , 16/11/2025
VJ-173     , VietJet Air                            , 19:05         , 21:15       , 2h 10m  ,     0,  1807915, Hà Nội        , TP HCM      , Phổ thông   , 16/11/2025
VJ-155     , VietJet Air                            , 20:05         , 22:15       , 2h 10m  ,     0,  1807915, Hà Nội        , TP HCM      , Phổ thông   , 16/11/2025
VJ-163     , VietJet Air                            , 17:20         , 19:30       , 2h 10m  ,     0,  1814159, Hà Nội        , TP HCM      , Phổ thông   , 16/11/2025
VJ-165     , VietJet Air                            , 18:30         , 20:40       , 2h 10m  ,     0,  1868202, Hà Nội        , TP HCM      , Phổ thông   , 16/11/2025
9G-869     , SUN PhuQuoc AIRWAYS                    , 18:55         , 21:05       , 2h 10m  ,     0,  1961145, Hà Nội        , TP HCM      , Phổ thông   , 16/11/2025
VJ-199     , VietJet Air                            , 15:55         , 18:10       , 2h 15m  ,     0,  2163130, Hà Nội        , TP HCM      , Phổ thông   , 16/11/2025
VJ-191     , VietJet Air                            , 15:55         , 18:10       , 2h 15m  ,     0,  2163130, Hà Nội        , TP HCM      , Phổ thông   , 16/11/2025
VN-6025    , Vietnam Airlines                       , 23:00         , 01:10       , 2h 10m  ,     0,  2192006, Hà Nội        , TP HCM      , Phổ thông   , 16/11/2025
VU-751     , Vietravel Airlines                     , 08:50         , 11:05       , 2h 15m  ,     0,  2222830, Hà Nội        , TP HCM      , Phổ thông   , 16/11/2025
VU-779     , Vietravel Airlines                     , 16:10         , 18:25       , 2h 15m  ,     0,  2222830, Hà Nội        , TP HCM      , Phổ thông   , 16/11/2025
VJ-137     , VietJet Air                            , 11:45         , 13:55       , 2h 10m  ,     0,  2350873, Hà Nội        , TP HCM      , Phổ thông   , 16/11/2025
VJ-135     , VietJet Air                            , 11:10         , 13:20       , 2h 10m  ,     0,  2365115, Hà Nội        , TP HCM      , Phổ thông   , 16/11/2025
VU-775     , Vietravel Airlines                     , 10:05         , 12:20       , 2h 15m  ,     0,  2407900, Hà Nội        , TP HCM      , Phổ thông   , 16/11/2025
VN-267     , Vietnam Airlines                       , 22:20         , 00:30       , 2h 10m  ,     0,  2483514, Hà Nội        , TP HCM      , Phổ thông   , 16/11/2025
QH-203     , Bamboo Airways                         , 07:05         , 09:20       , 2h 15m  ,     0,  2571128, Hà Nội        , TP HCM      , Phổ thông   , 16/11/2025
QH-211     , Bamboo Airways                         , 10:10         , 12:25       , 2h 15m  ,     0,  2571128, Hà Nội        , TP HCM      , Phổ thông   , 16/11/2025
VU-771     , Vietravel Airlines                     , 10:50         , 13:05       , 2h 15m  ,     0,  2599935, Hà Nội        , TP HCM      , Phổ thông   , 16/11/2025
9G-853     , SUN PhuQuoc AIRWAYS                    , 15:15         , 17:25       , 2h 10m  ,     0,  2712370, Hà Nội        , TP HCM      , Phổ thông   , 16/11/2025
VJ-151     , VietJet Air                            , 14:00         , 16:10       , 2h 10m  ,     0,  2714196, Hà Nội        , TP HCM      , Phổ thông   , 16/11/2025
QH-255     , Bamboo Airways                         , 16:30         , 18:45       , 2h 15m  ,     0,  2849839, Hà Nội        , TP HCM      , Phổ thông   , 16/11/2025
VJ-179     , VietJet Air                            , 05:00         , 07:10       , 2h 10m  ,     0,  2877540, Hà Nội        , TP HCM      , Phổ thông   , 16/11/2025
VN-231     , Vietnam Airlines                       , 18:30         , 20:40       , 2h 10m  ,     0,  2889848, Hà Nội        , TP HCM      , Phổ thông   , 16/11/2025
VJ-149     , VietJet Air                            , 10:05         , 12:10       , 2h 5m   ,     0,  2963110, Hà Nội        , TP HCM      , Phổ thông   , 16/11/2025
VN-227     , Vietnam Airlines                       , 05:45         , 07:55       , 2h 10m  ,     0,  3166830, Hà Nội        , TP HCM      , Phổ thông   , 16/11/2025
VN-259     , Vietnam Airlines                       , 18:00         , 20:10       , 2h 10m  ,     0,  3167035, Hà Nội        , TP HCM      , Phổ thông   , 16/11/2025
VN-257     , Vietnam Airlines                       , 17:40         , 19:50       , 2h 10m  ,     0,  3353301, Hà Nội        , TP HCM      , Phổ thông   , 16/11/2025
VN-247     , Vietnam Airlines                       , 10:00         , 12:10       , 2h 10m  ,     0,  3401745, Hà Nội        , TP HCM      , Phổ thông   , 16/11/2025
VN-7215    , Vietnam Airlines                       , 09:25         , 11:40       , 2h 15m  ,     0,  3401745, Hà Nội        , TP HCM      , Phổ thông   , 16/11/2025
VJ-127     , VietJet Air                            , 08:55         , 11:10       , 2h 15m  ,     0,  3406880, Hà Nội        , TP HCM      , Phổ thông   , 16/11/2025
VN-243     , Vietnam Airlines                       , 06:00         , 08:10       , 2h 10m  ,     0,  3562569, Hà Nội        , TP HCM      , Phổ thông   , 16/11/2025
VN-249     , Vietnam Airlines                       , 15:30         , 17:40       , 2h 10m  ,     0,  3562569, Hà Nội        , TP HCM      , Phổ thông   , 16/11/2025
VN-205     , Vietnam Airlines                       , 05:00         , 07:10       , 2h 10m  ,     0,  3613708, Hà Nội        , TP HCM      , Phổ thông   , 16/11/2025
VN-273     , Vietnam Airlines                       , 16:00         , 18:10       , 2h 10m  ,     0,  3613708, Hà Nội        , TP HCM      , Phổ thông   , 16/11/2025
VN-219     , Vietnam Airlines                       , 19:00         , 21:10       , 2h 10m  ,     0,  3613708, Hà Nội        , TP HCM      , Phổ thông   , 16/11/2025
VN-209     , Vietnam Airlines                       , 09:00         , 11:10       , 2h 10m  ,     0,  3627369, Hà Nội        , TP HCM      , Phổ thông   , 16/11/2025
VN-221     , Vietnam Airlines                       , 21:00         , 23:10       , 2h 10m  ,     0,  3627369, Hà Nội        , TP HCM      , Phổ thông   , 16/11/2025
VN-207     , Vietnam Airlines                       , 07:00         , 09:10       , 2h 10m  ,     0,  3671325, Hà Nội        , TP HCM      , Phổ thông   , 16/11/2025
VN-217     , Vietnam Airlines                       , 17:00         , 19:10       , 2h 10m  ,     0,  3671325, Hà Nội        , TP HCM      , Phổ thông   , 16/11/2025
VN-263     , Vietnam Airlines                       , 20:00         , 22:10       , 2h 10m  ,     0,  3777332, Hà Nội        , TP HCM      , Phổ thông   , 16/11/2025
VN-245     , Vietnam Airlines                       , 08:00         , 10:10       , 2h 10m  ,     0,  3809187, Hà Nội        , TP HCM      , Phổ thông   , 16/11/2025
VN-211     , Vietnam Airlines                       , 11:00         , 13:10       , 2h 10m  ,     0,  3868063, Hà Nội        , TP HCM      , Phổ thông   , 16/11/2025
VN-251     , Vietnam Airlines                       , 12:00         , 14:10       , 2h 10m  ,     0,  3868063, Hà Nội        , TP HCM      , Phổ thông   , 16/11/2025
VN-253     , Vietnam Airlines                       , 14:00         , 16:10       , 2h 10m  ,     0,  3868063, Hà Nội        , TP HCM      , Phổ thông   , 16/11/2025
VN-213     , Vietnam Airlines                       , 13:00         , 15:10       , 2h 10m  ,     0,  3924072, Hà Nội        , TP HCM      , Phổ thông   , 16/11/2025
QH-1215    , "Bamboo Airways, VietJet Air"          , 16:20         , 08:35       , 16h 15m ,     1,  1794623, Hà Nội        , TP HCM      , Phổ thông   , 16/11/2025
QH-1215    , "Bamboo Airways, VietJet Air"          , 16:20         , 14:05       , 21h 45m ,     1,  1794623, Hà Nội        , TP HCM      , Phổ thông   , 16/11/2025
VJ-433     , VietJet Air                            , 15:25         , 08:35       , 17h 10m ,     1,  1810051, Hà Nội        , TP HCM      , Phổ thông   , 16/11/2025
VJ-433     , VietJet Air                            , 15:25         , 14:05       , 22h 40m ,     1,  1810051, Hà Nội        , TP HCM      , Phổ thông   , 16/11/2025
QH-1215    , "Bamboo Airways, Vietnam Airlines"     , 16:20         , 08:55       , 16h 35m ,     1,  1894842, Hà Nội        , TP HCM      , Phổ thông   , 16/11/2025
VJ-433     , "VietJet Air, Vietnam Airlines"        , 15:25         , 08:55       , 17h 30m ,     1,  1910270, Hà Nội        , TP HCM      , Phổ thông   , 16/11/2025
VJ-431     , VietJet Air                            , 07:10         , 14:05       , 6h 55m  ,     1,  2246257, Hà Nội        , TP HCM      , Phổ thông   , 16/11/2025
VJ-431     , "VietJet Air, Bamboo Airways"          , 07:10         , 19:30       , 12h 20m ,     1,  2248542, Hà Nội        , TP HCM      , Phổ thông   , 16/11/2025
VJ-431     , VietJet Air                            , 07:10         , 20:30       , 13h 20m ,     1,  2257833, Hà Nội        , TP HCM      , Phổ thông   , 16/11/2025
VJ-431     , "VietJet Air, Vietnam Airlines"        , 07:10         , 15:40       , 8h 30m  ,     1,  2580365, Hà Nội        , TP HCM      , Phổ thông   , 16/11/2025
VJ-421     , VietJet Air                            , 06:05         , 19:40       , 13h 35m ,     1,  2785634, Hà Nội        , TP HCM      , Phổ thông   , 16/11/2025
VJ-401     , VietJet Air                            , 05:50         , 20:55       , 15h 5m  ,     1,  2785634, Hà Nội        , TP HCM      , Phổ thông   , 16/11/2025
VJ-433     , VietJet Air                            , 15:25         , 20:30       , 5h 5m   ,     1,  2818835, Hà Nội        , TP HCM      , Phổ thông   , 16/11/2025
VJ-423     , VietJet Air                            , 15:55         , 19:40       , 3h 45m  ,     1,  2972654, Hà Nội        , TP HCM      , Phổ thông   , 16/11/2025
VJ-403     , VietJet Air                            , 10:45         , 20:55       , 10h 10m ,     1,  3044253, Hà Nội        , TP HCM      , Phổ thông   , 16/11/2025
VJ-503     , VietJet Air                            , 05:55         , 00:40       , 18h 45m ,     1,  3044253, Hà Nội        , TP HCM      , Phổ thông   , 16/11/2025
VJ-521     , VietJet Air                            , 20:50         , 07:50       , 11h 0m  ,     1,  3080734, Hà Nội        , TP HCM      , Phổ thông   , 16/11/2025
VJ-501     , VietJet Air                            , 20:35         , 07:50       , 11h 15m ,     1,  3080734, Hà Nội        , TP HCM      , Phổ thông   , 16/11/2025
VJ-521     , VietJet Air                            , 20:50         , 06:50       , 10h 0m  ,     1,  3194237, Hà Nội        , TP HCM      , Phổ thông   , 16/11/2025
VJ-501     , VietJet Air                            , 20:35         , 06:50       , 10h 15m ,     1,  3194237, Hà Nội        , TP HCM      , Phổ thông   , 16/11/2025
VJ-521     , VietJet Air                            , 20:50         , 09:15       , 12h 25m ,     1,  3194237, Hà Nội        , TP HCM      , Phổ thông   , 16/11/2025
VJ-501     , VietJet Air                            , 20:35         , 09:15       , 12h 40m ,     1,  3194237, Hà Nội        , TP HCM      , Phổ thông   , 16/11/2025
VJ-503     , VietJet Air                            , 05:55         , 23:55       , 18h 0m  ,     1,  3241529, Hà Nội        , TP HCM      , Phổ thông   , 16/11/2025
VJ-421     , VietJet Air                            , 06:05         , 11:10       , 5h 5m   ,     1,  3344195, Hà Nội        , TP HCM      , Phổ thông   , 16/11/2025
VJ-517     , VietJet Air                            , 19:05         , 23:59       , 4h 54m  ,     1,  3371761, Hà Nội        , TP HCM      , Phổ thông   , 16/11/2025
VJ-569     , VietJet Air                            , 19:15         , 23:35       , 4h 20m  ,     1,  3926858, Hà Nội        , TP HCM      , Phổ thông   , 16/11/2025
VJ-515     , VietJet Air                            , 16:25         , 21:30       , 5h 5m   ,     1,  4120077, Hà Nội        , TP HCM      , Phổ thông   , 16/11/2025
VJ-569     , VietJet Air                            , 19:15         , 22:30       , 3h 15m  ,     1,  4127374, Hà Nội        , TP HCM      , Phổ thông   , 16/11/2025
VN-1651    , Vietnam Airlines                       , 12:00         , 10:20       , 22h 20m ,     1,  4688092, Hà Nội        , TP HCM      , Phổ thông   , 16/11/2025
VN-1641    , Vietnam Airlines                       , 07:15         , 19:05       , 11h 50m ,     1,  4836840, Hà Nội        , TP HCM      , Phổ thông   , 16/11/2025
VN-1575    , Vietnam Airlines                       , 12:00         , 08:35       , 20h 35m ,     1,  5130237, Hà Nội        , TP HCM      , Phổ thông   , 16/11/2025
VN-1575    , Vietnam Airlines                       , 12:00         , 09:20       , 21h 20m ,     1,  5130237, Hà Nội        , TP HCM      , Phổ thông   , 16/11/2025
VN-1641    , Vietnam Airlines                       , 07:15         , 15:00       , 7h 45m  ,     1,  5278710, Hà Nội        , TP HCM      , Phổ thông   , 16/11/2025
VN-1615    , Vietnam Airlines                       , 07:30         , 17:55       , 10h 25m ,     1,  5278710, Hà Nội        , TP HCM      , Phổ thông   , 16/11/2025
VN-1573    , Vietnam Airlines                       , 07:00         , 08:35       , 25h 35m ,     1,  5428003, Hà Nội        , TP HCM      , Phổ thông   , 16/11/2025
VN-1575    , Vietnam Airlines                       , 12:00         , 20:45       , 8h 45m  ,     1,  6163000, Hà Nội        , TP HCM      , Phổ thông   , 16/11/2025
VN-1573    , Vietnam Airlines                       , 07:00         , 20:45       , 13h 45m ,     1,  6163000, Hà Nội        , TP HCM      , Phổ thông   , 16/11/2025
VN-1237    , Vietnam Airlines                       , 07:00         , 23:15       , 16h 15m ,     1,  6605143, Hà Nội        , TP HCM      , Phổ thông   , 16/11/2025
VN-1237    , Vietnam Airlines                       , 07:00         , 08:25       , 25h 25m ,     1,  6605143, Hà Nội        , TP HCM      , Phổ thông   , 16/11/2025
VN-1563    , Vietnam Airlines                       , 16:45         , 22:35       , 5h 50m  ,     1,  6754163, Hà Nội        , TP HCM      , Phổ thông   , 16/11/2025
VN-1563    , Vietnam Airlines                       , 16:45         , 21:50       , 5h 5m   ,     1,  7043466, Hà Nội        , TP HCM      , Phổ thông   , 16/11/2025
VN-7569    , Vietnam Airlines                       , 12:05         , 22:35       , 10h 30m ,     1,  7043466, Hà Nội        , TP HCM      , Phổ thông   , 16/11/2025
VN-157     , Vietnam Airlines                       , 06:00         , 22:20       , 16h 20m ,     1,  7191939, Hà Nội        , TP HCM      , Phổ thông   , 16/11/2025
VN-7569    , Vietnam Airlines                       , 12:05         , 21:50       , 9h 45m  ,     1,  7340959, Hà Nội        , TP HCM      , Phổ thông   , 16/11/2025
VN-1237    , Vietnam Airlines                       , 07:00         , 18:05       , 11h 5m  ,     1,  7340959, Hà Nội        , TP HCM      , Phổ thông   , 16/11/2025
VN-1237    , Vietnam Airlines                       , 07:00         , 12:40       , 5h 40m  ,     1,  7489432, Hà Nội        , TP HCM      , Phổ thông   , 16/11/2025
VN-1563    , Vietnam Airlines                       , 16:45         , 10:30       , 17h 45m ,     1,  7489432, Hà Nội        , TP HCM      , Phổ thông   , 16/11/2025
VN-7193    , Vietnam Airlines                       , 21:05         , 21:50       , 24h 45m ,     1,  7489432, Hà Nội        , TP HCM      , Phổ thông   , 16/11/2025
VN-1553    , Vietnam Airlines                       , 09:55         , 22:35       , 12h 40m ,     1,  7637904, Hà Nội        , TP HCM      , Phổ thông   , 16/11/2025
VN-7569    , Vietnam Airlines                       , 12:05         , 10:30       , 22h 25m ,     1,  7912573, Hà Nội        , TP HCM      , Phổ thông   , 16/11/2025
VN-1237    , Vietnam Airlines                       , 07:00         , 14:00       , 7h 0m   ,     1,  7928028, Hà Nội        , TP HCM      , Phổ thông   , 16/11/2025
VN-1553    , Vietnam Airlines                       , 09:55         , 21:50       , 11h 55m ,     1,  7928028, Hà Nội        , TP HCM      , Phổ thông   , 16/11/2025
VN-157     , Vietnam Airlines                       , 06:00         , 10:25       , 4h 25m  ,     1,  8076501, Hà Nội        , TP HCM      , Phổ thông   , 16/11/2025
VN-6401    , Vietnam Airlines                       , 12:30         , 23:15       , 10h 45m ,     1,  8076501, Hà Nội        , TP HCM      , Phổ thông   , 16/11/2025
VN-157     , Vietnam Airlines                       , 06:00         , 14:25       , 8h 25m  ,     1,  8216892, Hà Nội        , TP HCM      , Phổ thông   , 16/11/2025
VN-157     , Vietnam Airlines                       , 06:00         , 15:15       , 9h 15m  ,     1,  8216892, Hà Nội        , TP HCM      , Phổ thông   , 16/11/2025
VN-157     , Vietnam Airlines                       , 06:00         , 15:30       , 9h 30m  ,     1,  8216892, Hà Nội        , TP HCM      , Phổ thông   , 16/11/2025
VN-1237    , Vietnam Airlines                       , 07:00         , 16:45       , 9h 45m  ,     1,  8363456, Hà Nội        , TP HCM      , Phổ thông   , 16/11/2025
VN-1563    , Vietnam Airlines                       , 16:45         , 11:35       , 18h 50m ,     1,  8517937, Hà Nội        , TP HCM      , Phổ thông   , 16/11/2025
VN-1553    , Vietnam Airlines                       , 09:55         , 10:30       , 24h 35m ,     1,  8517937, Hà Nội        , TP HCM      , Phổ thông   , 16/11/2025
VN-7569    , Vietnam Airlines                       , 12:05         , 11:35       , 23h 30m ,     1,  8814340, Hà Nội        , TP HCM      , Phổ thông   , 16/11/2025
VN-1553    , Vietnam Airlines                       , 09:55         , 11:35       , 25h 40m ,     1,  9412334, Hà Nội        , TP HCM      , Phổ thông   , 16/11/2025
9G-885     , SUN PhuQuoc AIRWAYS                    , 21:15         , 23:25       , 2h 10m  ,     0,  5796200, Hà Nội        , TP HCM      , Thương gia  , 16/11/2025
VN-205     , Vietnam Airlines                       , 05:00         , 07:10       , 2h 10m  ,     0,  4008189, Hà Nội        , TP HCM      , Thương gia  , 16/11/2025
VN-243     , Vietnam Airlines                       , 06:00         , 08:10       , 2h 10m  ,     0,  4008189, Hà Nội        , TP HCM      , Thương gia  , 16/11/2025
VN-265     , Vietnam Airlines                       , 22:45         , 00:55       , 2h 10m  ,     0,  4008189, Hà Nội        , TP HCM      , Thương gia  , 16/11/2025
VN-6025    , Vietnam Airlines                       , 23:00         , 01:10       , 2h 10m  ,     0,  4008189, Hà Nội        , TP HCM      , Thương gia  , 16/11/2025
VN-221     , Vietnam Airlines                       , 21:00         , 23:10       , 2h 10m  ,     0,  4779930, Hà Nội        , TP HCM      , Thương gia  , 16/11/2025
9G-853     , SUN PhuQuoc AIRWAYS                    , 15:15         , 17:25       , 2h 10m  ,     0,  5796200, Hà Nội        , TP HCM      , Thương gia  , 16/11/2025
9G-869     , SUN PhuQuoc AIRWAYS                    , 18:55         , 21:05       , 2h 10m  ,     0,  5796200, Hà Nội        , TP HCM      , Thương gia  , 16/11/2025
9G-885     , SUN PhuQuoc AIRWAYS                    , 21:15         , 23:25       , 2h 10m  ,     0,  5796200, Hà Nội        , TP HCM      , Thương gia  , 16/11/2025
VN-227     , Vietnam Airlines                       , 05:45         , 07:55       , 2h 10m  ,     0,  5950811, Hà Nội        , TP HCM      , Thương gia  , 16/11/2025
QH-299     , Bamboo Airways                         , 23:05         , 01:20       , 2h 15m  ,     0,  7215480, Hà Nội        , TP HCM      , Thương gia  , 16/11/2025
QH-203     , Bamboo Airways                         , 07:05         , 09:20       , 2h 15m  ,     0,  7545960, Hà Nội        , TP HCM      , Thương gia  , 16/11/2025
QH-255     , Bamboo Airways                         , 16:30         , 18:45       , 2h 15m  ,     0,  7545960, Hà Nội        , TP HCM      , Thương gia  , 16/11/2025
VN-207     , Vietnam Airlines                       , 07:00         , 09:10       , 2h 10m  ,     0,  8927526, Hà Nội        , TP HCM      , Thương gia  , 16/11/2025
VN-209     , Vietnam Airlines                       , 09:00         , 11:10       , 2h 10m  ,     0,  8927526, Hà Nội        , TP HCM      , Thương gia  , 16/11/2025
VN-253     , Vietnam Airlines                       , 14:00         , 16:10       , 2h 10m  ,     0,  8927526, Hà Nội        , TP HCM      , Thương gia  , 16/11/2025
VN-215     , Vietnam Airlines                       , 15:00         , 17:10       , 2h 10m  ,     0,  8927526, Hà Nội        , TP HCM      , Thương gia  , 16/11/2025
VN-249     , Vietnam Airlines                       , 15:30         , 17:40       , 2h 10m  ,     0,  8927526, Hà Nội        , TP HCM      , Thương gia  , 16/11/2025
VN-273     , Vietnam Airlines                       , 16:00         , 18:10       , 2h 10m  ,     0,  8927526, Hà Nội        , TP HCM      , Thương gia  , 16/11/2025
VN-217     , Vietnam Airlines                       , 17:00         , 19:10       , 2h 10m  ,     0,  8927526, Hà Nội        , TP HCM      , Thương gia  , 16/11/2025
VN-257     , Vietnam Airlines                       , 17:40         , 19:50       , 2h 10m  ,     0,  8927526, Hà Nội        , TP HCM      , Thương gia  , 16/11/2025
VN-259     , Vietnam Airlines                       , 18:00         , 20:10       , 2h 10m  ,     0,  8927526, Hà Nội        , TP HCM      , Thương gia  , 16/11/2025
VN-231     , Vietnam Airlines                       , 18:30         , 20:40       , 2h 10m  ,     0,  8927526, Hà Nội        , TP HCM      , Thương gia  , 16/11/2025
VN-219     , Vietnam Airlines                       , 19:00         , 21:10       , 2h 10m  ,     0,  8927526, Hà Nội        , TP HCM      , Thương gia  , 16/11/2025
VN-263     , Vietnam Airlines                       , 20:00         , 22:10       , 2h 10m  ,     0,  8927526, Hà Nội        , TP HCM      , Thương gia  , 16/11/2025
VN-7215    , Vietnam Airlines                       , 09:25         , 11:40       , 2h 15m  ,     0,  8927526, Hà Nội        , TP HCM      , Thương gia  , 16/11/2025
VN-211     , Vietnam Airlines                       , 11:00         , 13:10       , 2h 10m  ,     0,  9112841, Hà Nội        , TP HCM      , Thương gia  , 16/11/2025
VN-1201    , Vietnam Airlines                       , 06:45         , 09:00       , 2h 15m  ,     0,  4504779, Hà Nội        , Cần Thơ     , Phổ thông   , 13/11/2025
VJ-465     , VietJet Air                            , 17:45         , 19:55       , 2h 10m  ,     0,  1814307, Hà Nội        , Cần Thơ     , Phổ thông   , 13/11/2025
VJ-461     , VietJet Air                            , 05:30         , 07:40       , 2h 10m  ,     0,  2004746, Hà Nội        , Cần Thơ     , Phổ thông   , 13/11/2025
VN-1201    , Vietnam Airlines                       , 06:45         , 09:00       , 2h 15m  ,     0,  4696337, Hà Nội        , Cần Thơ     , Phổ thông   , 13/11/2025
VN-1207    , Vietnam Airlines                       , 16:35         , 18:50       , 2h 15m  ,     0,  4696337, Hà Nội        , Cần Thơ     , Phổ thông   , 13/11/2025
VJ-503     , VietJet Air                            , 05:55         , 14:30       , 8h 35m  ,     1,  2815449, Hà Nội        , Cần Thơ     , Phổ thông   , 13/11/2025
VU-635     , "Vietravel Airlines, VietJet Air"      , 06:25         , 14:30       , 8h 5m   ,     1,  2816351, Hà Nội        , Cần Thơ     , Phổ thông   , 13/11/2025
VN-157     , "Vietnam Airlines, VietJet Air"        , 06:00         , 14:30       , 8h 30m  ,     1,  3398072, Hà Nội        , Cần Thơ     , Phổ thông   , 13/11/2025
VN-7193    , Vietnam Airlines                       , 21:05         , 14:55       , 17h 50m ,     1,  6315582, Hà Nội        , Cần Thơ     , Phổ thông   , 13/11/2025
VN-1237    , Vietnam Airlines                       , 07:00         , 14:10       , 7h 10m  ,     1,  8455018, Hà Nội        , Cần Thơ     , Phổ thông   , 13/11/2025
VN-1201    , Vietnam Airlines                       , 06:45         , 09:00       , 2h 15m  ,     0,  4785923, Hà Nội        , Cần Thơ     , Thương gia  , 13/11/2025
VN-1201    , Vietnam Airlines                       , 06:45         , 09:00       , 2h 15m  ,     0,  4504779, Hà Nội        , Cần Thơ     , Phổ thông   , 14/11/2025
VJ-465     , VietJet Air                            , 17:45         , 19:55       , 2h 10m  ,     0,  1814307, Hà Nội        , Cần Thơ     , Phổ thông   , 14/11/2025
VJ-461     , VietJet Air                            , 05:30         , 07:40       , 2h 10m  ,     0,  2004746, Hà Nội        , Cần Thơ     , Phổ thông   , 14/11/2025
VN-1201    , Vietnam Airlines                       , 06:45         , 09:00       , 2h 15m  ,     0,  4696337, Hà Nội        , Cần Thơ     , Phổ thông   , 14/11/2025
VN-1207    , Vietnam Airlines                       , 16:35         , 18:50       , 2h 15m  ,     0,  4696337, Hà Nội        , Cần Thơ     , Phổ thông   , 14/11/2025
VJ-503     , VietJet Air                            , 05:55         , 14:30       , 8h 35m  ,     1,  2815449, Hà Nội        , Cần Thơ     , Phổ thông   , 14/11/2025
VU-635     , "Vietravel Airlines, VietJet Air"      , 06:25         , 14:30       , 8h 5m   ,     1,  2816351, Hà Nội        , Cần Thơ     , Phổ thông   , 14/11/2025
VN-157     , "Vietnam Airlines, VietJet Air"        , 06:00         , 14:30       , 8h 30m  ,     1,  3398072, Hà Nội        , Cần Thơ     , Phổ thông   , 14/11/2025
VN-7193    , Vietnam Airlines                       , 21:05         , 14:55       , 17h 50m ,     1,  6315582, Hà Nội        , Cần Thơ     , Phổ thông   , 14/11/2025
VN-1237    , Vietnam Airlines                       , 07:00         , 14:10       , 7h 10m  ,     1,  8455018, Hà Nội        , Cần Thơ     , Phổ thông   , 14/11/2025
VN-1201    , Vietnam Airlines                       , 06:45         , 09:00       , 2h 15m  ,     0,  4785923, Hà Nội        , Cần Thơ     , Thương gia  , 14/11/2025
VN-1201    , Vietnam Airlines                       , 06:45         , 09:00       , 2h 15m  ,     0,  4504779, Hà Nội        , Cần Thơ     , Phổ thông   , 15/11/2025
VJ-465     , VietJet Air                            , 17:45         , 19:55       , 2h 10m  ,     0,  1814307, Hà Nội        , Cần Thơ     , Phổ thông   , 15/11/2025
VJ-461     , VietJet Air                            , 05:30         , 07:40       , 2h 10m  ,     0,  2004746, Hà Nội        , Cần Thơ     , Phổ thông   , 15/11/2025
VN-1201    , Vietnam Airlines                       , 06:45         , 09:00       , 2h 15m  ,     0,  4696337, Hà Nội        , Cần Thơ     , Phổ thông   , 15/11/2025
VN-1207    , Vietnam Airlines                       , 16:35         , 18:50       , 2h 15m  ,     0,  4696337, Hà Nội        , Cần Thơ     , Phổ thông   , 15/11/2025
VJ-503     , VietJet Air                            , 05:55         , 14:30       , 8h 35m  ,     1,  2815449, Hà Nội        , Cần Thơ     , Phổ thông   , 15/11/2025
VU-635     , "Vietravel Airlines, VietJet Air"      , 06:25         , 14:30       , 8h 5m   ,     1,  2816351, Hà Nội        , Cần Thơ     , Phổ thông   , 15/11/2025
VN-157     , "Vietnam Airlines, VietJet Air"        , 06:00         , 14:30       , 8h 30m  ,     1,  3398072, Hà Nội        , Cần Thơ     , Phổ thông   , 15/11/2025
VN-7193    , Vietnam Airlines                       , 21:05         , 14:55       , 17h 50m ,     1,  6315582, Hà Nội        , Cần Thơ     , Phổ thông   , 15/11/2025
VN-1237    , Vietnam Airlines                       , 07:00         , 14:10       , 7h 10m  ,     1,  8455018, Hà Nội        , Cần Thơ     , Phổ thông   , 15/11/2025
VN-1201    , Vietnam Airlines                       , 06:45         , 09:00       , 2h 15m  ,     0,  4785923, Hà Nội        , Cần Thơ     , Thương gia  , 15/11/2025
VN-1201    , Vietnam Airlines                       , 06:45         , 09:00       , 2h 15m  ,     0,  4504779, Hà Nội        , Cần Thơ     , Phổ thông   , 16/11/2025
VJ-465     , VietJet Air                            , 17:45         , 19:55       , 2h 10m  ,     0,  1814307, Hà Nội        , Cần Thơ     , Phổ thông   , 16/11/2025
VJ-461     , VietJet Air                            , 05:30         , 07:40       , 2h 10m  ,     0,  2004746, Hà Nội        , Cần Thơ     , Phổ thông   , 16/11/2025
VN-1201    , Vietnam Airlines                       , 06:45         , 09:00       , 2h 15m  ,     0,  4696337, Hà Nội        , Cần Thơ     , Phổ thông   , 16/11/2025
VN-1207    , Vietnam Airlines                       , 16:35         , 18:50       , 2h 15m  ,     0,  4696337, Hà Nội        , Cần Thơ     , Phổ thông   , 16/11/2025
VJ-503     , VietJet Air                            , 05:55         , 14:30       , 8h 35m  ,     1,  2815449, Hà Nội        , Cần Thơ     , Phổ thông   , 16/11/2025
VU-635     , "Vietravel Airlines, VietJet Air"      , 06:25         , 14:30       , 8h 5m   ,     1,  2816351, Hà Nội        , Cần Thơ     , Phổ thông   , 16/11/2025
VN-157     , "Vietnam Airlines, VietJet Air"        , 06:00         , 14:30       , 8h 30m  ,     1,  3398072, Hà Nội        , Cần Thơ     , Phổ thông   , 16/11/2025
VN-7193    , Vietnam Airlines                       , 21:05         , 14:55       , 17h 50m ,     1,  6315582, Hà Nội        , Cần Thơ     , Phổ thông   , 16/11/2025
VN-1237    , Vietnam Airlines                       , 07:00         , 14:10       , 7h 10m  ,     1,  8455018, Hà Nội        , Cần Thơ     , Phổ thông   , 16/11/2025
VN-1201    , Vietnam Airlines                       , 06:45         , 09:00       , 2h 15m  ,     0,  4785923, Hà Nội        , Cần Thơ     , Thương gia  , 16/11/2025
VJ-721     , VietJet Air                            , 12:10         , 00:00       , 11h 50m ,     1,  1395060, Hải Phòng     , Hà Nội      , Phổ thông   , 13/11/2025
VJ-721     , VietJet Air                            , 12:10         , 22:55       , 10h 45m ,     1,  1416651, Hải Phòng     , Hà Nội      , Phổ thông   , 13/11/2025
VJ-721     , "VietJet Air, Vietravel Airlines"      , 12:10         , 20:15       , 8h 5m   ,     1,  1561225, Hải Phòng     , Hà Nội      , Phổ thông   , 13/11/2025
VJ-721     , VietJet Air                            , 12:10         , 07:05       , 18h 55m ,     1,  1619308, Hải Phòng     , Hà Nội      , Phổ thông   , 13/11/2025
VJ-721     , VietJet Air                            , 12:10         , 19:35       , 7h 25m  ,     1,  1842934, Hải Phòng     , Hà Nội      , Phổ thông   , 13/11/2025
VN-1671    , "Vietnam Airlines, VietJet Air"        , 11:20         , 00:00       , 12h 40m ,     1,  1912281, Hải Phòng     , Hà Nội      , Phổ thông   , 13/11/2025
VJ-721     , "VietJet Air, Vietravel Airlines"      , 12:10         , 09:50       , 21h 40m ,     1,  1915445, Hải Phòng     , Hà Nội      , Phổ thông   , 13/11/2025
VJ-721     , VietJet Air                            , 12:10         , 16:45       , 4h 35m  ,     1,  1932800, Hải Phòng     , Hà Nội      , Phổ thông   , 13/11/2025
VJ-721     , VietJet Air                            , 12:10         , 09:00       , 20h 50m ,     1,  1936340, Hải Phòng     , Hà Nội      , Phổ thông   , 13/11/2025
VJ-721     , VietJet Air                            , 12:10         , 12:40       , 24h 30m ,     1,  1936340, Hải Phòng     , Hà Nội      , Phổ thông   , 13/11/2025
VN-1671    , "Vietnam Airlines, VietJet Air"        , 11:20         , 07:05       , 19h 45m ,     1,  2136529, Hải Phòng     , Hà Nội      , Phổ thông   , 13/11/2025
VN-1671    , "Vietnam Airlines, VietJet Air"        , 11:20         , 16:45       , 5h 25m  ,     1,  2450021, Hải Phòng     , Hà Nội      , Phổ thông   , 13/11/2025
VJ-721     , "VietJet Air, Vietnam Airlines"        , 12:10         , 19:30       , 7h 20m  ,     1,  2778373, Hải Phòng     , Hà Nội      , Phổ thông   , 13/11/2025
VJ-721     , "VietJet Air, Vietnam Airlines"        , 12:10         , 19:25       , 7h 15m  ,     1,  2808160, Hải Phòng     , Hà Nội      , Phổ thông   , 13/11/2025
VJ-721     , VietJet Air                            , 12:10         , 00:00       , 11h 50m ,     1,  1395060, Hải Phòng     , Hà Nội      , Phổ thông   , 14/11/2025
VJ-721     , VietJet Air                            , 12:10         , 22:55       , 10h 45m ,     1,  1416651, Hải Phòng     , Hà Nội      , Phổ thông   , 14/11/2025
VJ-721     , "VietJet Air, Vietravel Airlines"      , 12:10         , 20:15       , 8h 5m   ,     1,  1561225, Hải Phòng     , Hà Nội      , Phổ thông   , 14/11/2025
VJ-721     , VietJet Air                            , 12:10         , 07:05       , 18h 55m ,     1,  1619308, Hải Phòng     , Hà Nội      , Phổ thông   , 14/11/2025
VJ-721     , VietJet Air                            , 12:10         , 19:35       , 7h 25m  ,     1,  1842934, Hải Phòng     , Hà Nội      , Phổ thông   , 14/11/2025
VN-1671    , "Vietnam Airlines, VietJet Air"        , 11:20         , 00:00       , 12h 40m ,     1,  1912281, Hải Phòng     , Hà Nội      , Phổ thông   , 14/11/2025
VJ-721     , "VietJet Air, Vietravel Airlines"      , 12:10         , 09:50       , 21h 40m ,     1,  1915445, Hải Phòng     , Hà Nội      , Phổ thông   , 14/11/2025
VJ-721     , VietJet Air                            , 12:10         , 16:45       , 4h 35m  ,     1,  1932800, Hải Phòng     , Hà Nội      , Phổ thông   , 14/11/2025
VJ-721     , VietJet Air                            , 12:10         , 09:00       , 20h 50m ,     1,  1936340, Hải Phòng     , Hà Nội      , Phổ thông   , 14/11/2025
VJ-721     , VietJet Air                            , 12:10         , 12:40       , 24h 30m ,     1,  1936340, Hải Phòng     , Hà Nội      , Phổ thông   , 14/11/2025
VN-1671    , "Vietnam Airlines, VietJet Air"        , 11:20         , 07:05       , 19h 45m ,     1,  2136529, Hải Phòng     , Hà Nội      , Phổ thông   , 14/11/2025
VN-1671    , "Vietnam Airlines, VietJet Air"        , 11:20         , 16:45       , 5h 25m  ,     1,  2450021, Hải Phòng     , Hà Nội      , Phổ thông   , 14/11/2025
VJ-721     , "VietJet Air, Vietnam Airlines"        , 12:10         , 19:30       , 7h 20m  ,     1,  2778373, Hải Phòng     , Hà Nội      , Phổ thông   , 14/11/2025
VJ-721     , "VietJet Air, Vietnam Airlines"        , 12:10         , 19:25       , 7h 15m  ,     1,  2808160, Hải Phòng     , Hà Nội      , Phổ thông   , 14/11/2025
VJ-721     , VietJet Air                            , 12:10         , 00:00       , 11h 50m ,     1,  1395060, Hải Phòng     , Hà Nội      , Phổ thông   , 15/11/2025
VJ-721     , VietJet Air                            , 12:10         , 22:55       , 10h 45m ,     1,  1416651, Hải Phòng     , Hà Nội      , Phổ thông   , 15/11/2025
VJ-721     , "VietJet Air, Vietravel Airlines"      , 12:10         , 20:15       , 8h 5m   ,     1,  1561225, Hải Phòng     , Hà Nội      , Phổ thông   , 15/11/2025
VJ-721     , VietJet Air                            , 12:10         , 07:05       , 18h 55m ,     1,  1619308, Hải Phòng     , Hà Nội      , Phổ thông   , 15/11/2025
VJ-721     , VietJet Air                            , 12:10         , 19:35       , 7h 25m  ,     1,  1842934, Hải Phòng     , Hà Nội      , Phổ thông   , 15/11/2025
VN-1671    , "Vietnam Airlines, VietJet Air"        , 11:20         , 00:00       , 12h 40m ,     1,  1912281, Hải Phòng     , Hà Nội      , Phổ thông   , 15/11/2025
VJ-721     , "VietJet Air, Vietravel Airlines"      , 12:10         , 09:50       , 21h 40m ,     1,  1915445, Hải Phòng     , Hà Nội      , Phổ thông   , 15/11/2025
VJ-721     , VietJet Air                            , 12:10         , 16:45       , 4h 35m  ,     1,  1932800, Hải Phòng     , Hà Nội      , Phổ thông   , 15/11/2025
VJ-721     , VietJet Air                            , 12:10         , 09:00       , 20h 50m ,     1,  1936340, Hải Phòng     , Hà Nội      , Phổ thông   , 15/11/2025
VJ-721     , VietJet Air                            , 12:10         , 12:40       , 24h 30m ,     1,  1936340, Hải Phòng     , Hà Nội      , Phổ thông   , 15/11/2025
VN-1671    , "Vietnam Airlines, VietJet Air"        , 11:20         , 07:05       , 19h 45m ,     1,  2136529, Hải Phòng     , Hà Nội      , Phổ thông   , 15/11/2025
VN-1671    , "Vietnam Airlines, VietJet Air"        , 11:20         , 16:45       , 5h 25m  ,     1,  2450021, Hải Phòng     , Hà Nội      , Phổ thông   , 15/11/2025
VJ-721     , "VietJet Air, Vietnam Airlines"        , 12:10         , 19:30       , 7h 20m  ,     1,  2778373, Hải Phòng     , Hà Nội      , Phổ thông   , 15/11/2025
VJ-721     , "VietJet Air, Vietnam Airlines"        , 12:10         , 19:25       , 7h 15m  ,     1,  2808160, Hải Phòng     , Hà Nội      , Phổ thông   , 15/11/2025
VJ-721     , VietJet Air                            , 12:10         , 00:00       , 11h 50m ,     1,  1395060, Hải Phòng     , Hà Nội      , Phổ thông   , 16/11/2025
VJ-721     , VietJet Air                            , 12:10         , 22:55       , 10h 45m ,     1,  1416651, Hải Phòng     , Hà Nội      , Phổ thông   , 16/11/2025
VJ-721     , "VietJet Air, Vietravel Airlines"      , 12:10         , 20:15       , 8h 5m   ,     1,  1561225, Hải Phòng     , Hà Nội      , Phổ thông   , 16/11/2025
VJ-721     , VietJet Air                            , 12:10         , 07:05       , 18h 55m ,     1,  1619308, Hải Phòng     , Hà Nội      , Phổ thông   , 16/11/2025
VJ-721     , VietJet Air                            , 12:10         , 19:35       , 7h 25m  ,     1,  1842934, Hải Phòng     , Hà Nội      , Phổ thông   , 16/11/2025
VN-1671    , "Vietnam Airlines, VietJet Air"        , 11:20         , 00:00       , 12h 40m ,     1,  1912281, Hải Phòng     , Hà Nội      , Phổ thông   , 16/11/2025
VJ-721     , "VietJet Air, Vietravel Airlines"      , 12:10         , 09:50       , 21h 40m ,     1,  1915445, Hải Phòng     , Hà Nội      , Phổ thông   , 16/11/2025
N/A        , VietJet Air                            , 12:10         , 16:45       , 4h 35m  ,     1,  1932800, Hải Phòng     , Hà Nội      , Phổ thông   , 16/11/2025
VJ-721     , VietJet Air                            , 12:10         , 09:00       , 20h 50m ,     1,  1936340, Hải Phòng     , Hà Nội      , Phổ thông   , 16/11/2025
VJ-721     , VietJet Air                            , 12:10         , 12:40       , 24h 30m ,     1,  1936340, Hải Phòng     , Hà Nội      , Phổ thông   , 16/11/2025
VN-1671    , "Vietnam Airlines, VietJet Air"        , 11:20         , 07:05       , 19h 45m ,     1,  2136529, Hải Phòng     , Hà Nội      , Phổ thông   , 16/11/2025
VN-1671    , "Vietnam Airlines, VietJet Air"        , 11:20         , 16:45       , 5h 25m  ,     1,  2450021, Hải Phòng     , Hà Nội      , Phổ thông   , 16/11/2025
VJ-721     , "VietJet Air, Vietnam Airlines"        , 12:10         , 19:30       , 7h 20m  ,     1,  2778373, Hải Phòng     , Hà Nội      , Phổ thông   , 16/11/2025
VJ-721     , "VietJet Air, Vietnam Airlines"        , 12:10         , 19:25       , 7h 15m  ,     1,  2808160, Hải Phòng     , Hà Nội      , Phổ thông   , 16/11/2025
VN-1671    , Vietnam Airlines                       , 11:20         , 12:40       , 1h 20m  ,     0,  1197821, Hải Phòng     , Đà Nẵng     , Phổ thông   , 13/11/2025
VJ-721     , VietJet Air                            , 12:10         , 13:25       , 1h 15m  ,     0,   680600, Hải Phòng     , Đà Nẵng     , Phổ thông   , 13/11/2025
VJ-289     , VietJet Air                            , 21:20         , 09:40       , 12h 20m ,     1,  3333640, Hải Phòng     , Đà Nẵng     , Phổ thông   , 13/11/2025
VJ-285     , VietJet Air                            , 23:25         , 00:20       , 24h 55m ,     1,  3333640, Hải Phòng     , Đà Nẵng     , Phổ thông   , 13/11/2025
VJ-285     , VietJet Air                            , 23:25         , 07:50       , 8h 25m  ,     1,  3343085, Hải Phòng     , Đà Nẵng     , Phổ thông   , 13/11/2025
VJ-285     , VietJet Air                            , 23:25         , 08:40       , 9h 15m  ,     1,  3343085, Hải Phòng     , Đà Nẵng     , Phổ thông   , 13/11/2025
VJ-285     , VietJet Air                            , 23:25         , 22:00       , 22h 35m ,     1,  3479308, Hải Phòng     , Đà Nẵng     , Phổ thông   , 13/11/2025
VJ-289     , VietJet Air                            , 21:20         , 07:50       , 10h 30m ,     1,  3497414, Hải Phòng     , Đà Nẵng     , Phổ thông   , 13/11/2025
VJ-289     , VietJet Air                            , 21:20         , 08:40       , 11h 20m ,     1,  3497414, Hải Phòng     , Đà Nẵng     , Phổ thông   , 13/11/2025
VJ-285     , VietJet Air                            , 23:25         , 09:40       , 10h 15m ,     1,  3510196, Hải Phòng     , Đà Nẵng     , Phổ thông   , 13/11/2025
VJ-275     , VietJet Air                            , 13:20         , 19:35       , 6h 15m  ,     1,  3548493, Hải Phòng     , Đà Nẵng     , Phổ thông   , 13/11/2025
VJ-275     , VietJet Air                            , 13:20         , 22:05       , 8h 45m  ,     1,  3548493, Hải Phòng     , Đà Nẵng     , Phổ thông   , 13/11/2025
VJ-273     , VietJet Air                            , 10:15         , 19:35       , 9h 20m  ,     1,  3548493, Hải Phòng     , Đà Nẵng     , Phổ thông   , 13/11/2025
VJ-271     , VietJet Air                            , 08:45         , 19:35       , 10h 50m ,     1,  3548493, Hải Phòng     , Đà Nẵng     , Phổ thông   , 13/11/2025
VJ-273     , VietJet Air                            , 10:15         , 22:05       , 11h 50m ,     1,  3548493, Hải Phòng     , Đà Nẵng     , Phổ thông   , 13/11/2025
VJ-271     , VietJet Air                            , 08:45         , 22:05       , 13h 20m ,     1,  3548493, Hải Phòng     , Đà Nẵng     , Phổ thông   , 13/11/2025
VJ-285     , VietJet Air                            , 23:25         , 22:45       , 23h 20m ,     1,  3625249, Hải Phòng     , Đà Nẵng     , Phổ thông   , 13/11/2025
VJ-271     , VietJet Air                            , 08:45         , 14:30       , 5h 45m  ,     1,  3807400, Hải Phòng     , Đà Nẵng     , Phổ thông   , 13/11/2025
VJ-279     , VietJet Air                            , 18:25         , 00:20       , 5h 55m  ,     1,  3898652, Hải Phòng     , Đà Nẵng     , Phổ thông   , 13/11/2025
VN-7185    , Vietnam Airlines                       , 23:10         , 07:25       , 8h 15m  ,     1,  6908104, Hải Phòng     , Đà Nẵng     , Phổ thông   , 13/11/2025
VN-7185    , Vietnam Airlines                       , 23:10         , 08:20       , 9h 10m  ,     1,  7499518, Hải Phòng     , Đà Nẵng     , Phổ thông   , 13/11/2025
VN-7185    , Vietnam Airlines                       , 23:10         , 09:20       , 10h 10m ,     1,  7499518, Hải Phòng     , Đà Nẵng     , Phổ thông   , 13/11/2025
VN-7185    , Vietnam Airlines                       , 23:10         , 22:15       , 23h 5m  ,     1,  7793311, Hải Phòng     , Đà Nẵng     , Phổ thông   , 13/11/2025
VN-7185    , Vietnam Airlines                       , 23:10         , 12:20       , 13h 10m ,     1,  8087378, Hải Phòng     , Đà Nẵng     , Phổ thông   , 13/11/2025
VN-7185    , Vietnam Airlines                       , 23:10         , 10:45       , 11h 35m ,     1,  8384724, Hải Phòng     , Đà Nẵng     , Phổ thông   , 13/11/2025
VN-7185    , Vietnam Airlines                       , 23:10         , 11:25       , 12h 15m ,     1,  8384724, Hải Phòng     , Đà Nẵng     , Phổ thông   , 13/11/2025
VN-7185    , Vietnam Airlines                       , 23:10         , 13:20       , 14h 10m ,     1,  8384724, Hải Phòng     , Đà Nẵng     , Phổ thông   , 13/11/2025
VN-1171    , Vietnam Airlines                       , 06:15         , 21:05       , 14h 50m ,     1,  8384724, Hải Phòng     , Đà Nẵng     , Phổ thông   , 13/11/2025
VN-7185    , Vietnam Airlines                       , 23:10         , 19:35       , 20h 25m ,     1,  8384724, Hải Phòng     , Đà Nẵng     , Phổ thông   , 13/11/2025
VN-1187    , Vietnam Airlines                       , 21:10         , 07:25       , 10h 15m ,     1,  8678791, Hải Phòng     , Đà Nẵng     , Phổ thông   , 13/11/2025
VN-1177    , Vietnam Airlines                       , 10:15         , 21:05       , 10h 50m ,     1,  8972310, Hải Phòng     , Đà Nẵng     , Phổ thông   , 13/11/2025
VN-1171    , Vietnam Airlines                       , 06:15         , 18:05       , 11h 50m ,     1,  8972310, Hải Phòng     , Đà Nẵng     , Phổ thông   , 13/11/2025
VN-7185    , Vietnam Airlines                       , 23:10         , 21:00       , 21h 50m ,     1,  9010298, Hải Phòng     , Đà Nẵng     , Phổ thông   , 13/11/2025
VN-1171    , Vietnam Airlines                       , 06:15         , 16:35       , 10h 20m ,     1,  9266650, Hải Phòng     , Đà Nẵng     , Phổ thông   , 13/11/2025
VN-1171    , Vietnam Airlines                       , 06:15         , 22:15       , 16h 0m  ,     1,  9266650, Hải Phòng     , Đà Nẵng     , Phổ thông   , 13/11/2025
VN-1171    , Vietnam Airlines                       , 06:15         , 12:20       , 6h 5m   ,     1,  9308465, Hải Phòng     , Đà Nẵng     , Phổ thông   , 13/11/2025
VN-1171    , Vietnam Airlines                       , 06:15         , 13:40       , 7h 25m  ,     1,  9308465, Hải Phòng     , Đà Nẵng     , Phổ thông   , 13/11/2025
VN-1171    , Vietnam Airlines                       , 06:15         , 14:50       , 8h 35m  ,     1,  9308465, Hải Phòng     , Đà Nẵng     , Phổ thông   , 13/11/2025
VN-1187    , Vietnam Airlines                       , 21:10         , 08:20       , 11h 10m ,     1,  9308465, Hải Phòng     , Đà Nẵng     , Phổ thông   , 13/11/2025
VN-1177    , Vietnam Airlines                       , 10:15         , 18:05       , 7h 50m  ,     1,  9564269, Hải Phòng     , Đà Nẵng     , Phổ thông   , 13/11/2025
VN-1671    , Vietnam Airlines                       , 11:20         , 12:40       , 1h 20m  ,     0,  1197821, Hải Phòng     , Đà Nẵng     , Phổ thông   , 14/11/2025
VJ-721     , VietJet Air                            , 12:10         , 13:25       , 1h 15m  ,     0,   680600, Hải Phòng     , Đà Nẵng     , Phổ thông   , 14/11/2025
VN-1671    , Vietnam Airlines                       , 11:20         , 12:40       , 1h 20m  ,     0,  2654431, Hải Phòng     , Đà Nẵng     , Phổ thông   , 14/11/2025
VJ-721     , VietJet Air                            , 12:10         , 13:25       , 1h 15m  ,     0,  3030443, Hải Phòng     , Đà Nẵng     , Phổ thông   , 14/11/2025
VJ-289     , VietJet Air                            , 21:20         , 09:40       , 12h 20m ,     1,  3333640, Hải Phòng     , Đà Nẵng     , Phổ thông   , 14/11/2025
VJ-285     , VietJet Air                            , 23:25         , 00:20       , 24h 55m ,     1,  3333640, Hải Phòng     , Đà Nẵng     , Phổ thông   , 14/11/2025
VJ-285     , VietJet Air                            , 23:25         , 07:50       , 8h 25m  ,     1,  3343085, Hải Phòng     , Đà Nẵng     , Phổ thông   , 14/11/2025
VJ-285     , VietJet Air                            , 23:25         , 08:40       , 9h 15m  ,     1,  3343085, Hải Phòng     , Đà Nẵng     , Phổ thông   , 14/11/2025
VJ-285     , VietJet Air                            , 23:25         , 22:00       , 22h 35m ,     1,  3479308, Hải Phòng     , Đà Nẵng     , Phổ thông   , 14/11/2025
VJ-289     , VietJet Air                            , 21:20         , 07:50       , 10h 30m ,     1,  3497414, Hải Phòng     , Đà Nẵng     , Phổ thông   , 14/11/2025
VJ-289     , VietJet Air                            , 21:20         , 08:40       , 11h 20m ,     1,  3497414, Hải Phòng     , Đà Nẵng     , Phổ thông   , 14/11/2025
VJ-285     , VietJet Air                            , 23:25         , 09:40       , 10h 15m ,     1,  3510196, Hải Phòng     , Đà Nẵng     , Phổ thông   , 14/11/2025
VJ-275     , VietJet Air                            , 13:20         , 19:35       , 6h 15m  ,     1,  3548493, Hải Phòng     , Đà Nẵng     , Phổ thông   , 14/11/2025
VJ-275     , VietJet Air                            , 13:20         , 22:05       , 8h 45m  ,     1,  3548493, Hải Phòng     , Đà Nẵng     , Phổ thông   , 14/11/2025
VJ-273     , VietJet Air                            , 10:15         , 19:35       , 9h 20m  ,     1,  3548493, Hải Phòng     , Đà Nẵng     , Phổ thông   , 14/11/2025
VJ-271     , VietJet Air                            , 08:45         , 19:35       , 10h 50m ,     1,  3548493, Hải Phòng     , Đà Nẵng     , Phổ thông   , 14/11/2025
VJ-273     , VietJet Air                            , 10:15         , 22:05       , 11h 50m ,     1,  3548493, Hải Phòng     , Đà Nẵng     , Phổ thông   , 14/11/2025
VJ-271     , VietJet Air                            , 08:45         , 22:05       , 13h 20m ,     1,  3548493, Hải Phòng     , Đà Nẵng     , Phổ thông   , 14/11/2025
VJ-285     , VietJet Air                            , 23:25         , 22:45       , 23h 20m ,     1,  3625249, Hải Phòng     , Đà Nẵng     , Phổ thông   , 14/11/2025
VJ-271     , VietJet Air                            , 08:45         , 14:30       , 5h 45m  ,     1,  3807400, Hải Phòng     , Đà Nẵng     , Phổ thông   , 14/11/2025
VJ-279     , VietJet Air                            , 18:25         , 00:20       , 5h 55m  ,     1,  3898652, Hải Phòng     , Đà Nẵng     , Phổ thông   , 14/11/2025
VN-7185    , Vietnam Airlines                       , 23:10         , 07:25       , 8h 15m  ,     1,  6908104, Hải Phòng     , Đà Nẵng     , Phổ thông   , 14/11/2025
VN-7185    , Vietnam Airlines                       , 23:10         , 08:20       , 9h 10m  ,     1,  7499518, Hải Phòng     , Đà Nẵng     , Phổ thông   , 14/11/2025
VN-7185    , Vietnam Airlines                       , 23:10         , 09:20       , 10h 10m ,     1,  7499518, Hải Phòng     , Đà Nẵng     , Phổ thông   , 14/11/2025
VN-7185    , Vietnam Airlines                       , 23:10         , 22:15       , 23h 5m  ,     1,  7793311, Hải Phòng     , Đà Nẵng     , Phổ thông   , 14/11/2025
VN-7185    , Vietnam Airlines                       , 23:10         , 12:20       , 13h 10m ,     1,  8087378, Hải Phòng     , Đà Nẵng     , Phổ thông   , 14/11/2025
VN-7185    , Vietnam Airlines                       , 23:10         , 10:45       , 11h 35m ,     1,  8384724, Hải Phòng     , Đà Nẵng     , Phổ thông   , 14/11/2025
VN-7185    , Vietnam Airlines                       , 23:10         , 11:25       , 12h 15m ,     1,  8384724, Hải Phòng     , Đà Nẵng     , Phổ thông   , 14/11/2025
VN-7185    , Vietnam Airlines                       , 23:10         , 13:20       , 14h 10m ,     1,  8384724, Hải Phòng     , Đà Nẵng     , Phổ thông   , 14/11/2025
VN-1171    , Vietnam Airlines                       , 06:15         , 21:05       , 14h 50m ,     1,  8384724, Hải Phòng     , Đà Nẵng     , Phổ thông   , 14/11/2025
VN-7185    , Vietnam Airlines                       , 23:10         , 19:35       , 20h 25m ,     1,  8384724, Hải Phòng     , Đà Nẵng     , Phổ thông   , 14/11/2025
VN-1187    , Vietnam Airlines                       , 21:10         , 07:25       , 10h 15m ,     1,  8678791, Hải Phòng     , Đà Nẵng     , Phổ thông   , 14/11/2025
VN-1177    , Vietnam Airlines                       , 10:15         , 21:05       , 10h 50m ,     1,  8972310, Hải Phòng     , Đà Nẵng     , Phổ thông   , 14/11/2025
VN-1171    , Vietnam Airlines                       , 06:15         , 18:05       , 11h 50m ,     1,  8972310, Hải Phòng     , Đà Nẵng     , Phổ thông   , 14/11/2025
VN-7185    , Vietnam Airlines                       , 23:10         , 21:00       , 21h 50m ,     1,  9010298, Hải Phòng     , Đà Nẵng     , Phổ thông   , 14/11/2025
VN-1171    , Vietnam Airlines                       , 06:15         , 16:35       , 10h 20m ,     1,  9266650, Hải Phòng     , Đà Nẵng     , Phổ thông   , 14/11/2025
VN-1171    , Vietnam Airlines                       , 06:15         , 22:15       , 16h 0m  ,     1,  9266650, Hải Phòng     , Đà Nẵng     , Phổ thông   , 14/11/2025
VN-1171    , Vietnam Airlines                       , 06:15         , 12:20       , 6h 5m   ,     1,  9308465, Hải Phòng     , Đà Nẵng     , Phổ thông   , 14/11/2025
VN-1171    , Vietnam Airlines                       , 06:15         , 13:40       , 7h 25m  ,     1,  9308465, Hải Phòng     , Đà Nẵng     , Phổ thông   , 14/11/2025
VN-1171    , Vietnam Airlines                       , 06:15         , 14:50       , 8h 35m  ,     1,  9308465, Hải Phòng     , Đà Nẵng     , Phổ thông   , 14/11/2025
VN-1187    , Vietnam Airlines                       , 21:10         , 08:20       , 11h 10m ,     1,  9308465, Hải Phòng     , Đà Nẵng     , Phổ thông   , 14/11/2025
VN-1177    , Vietnam Airlines                       , 10:15         , 18:05       , 7h 50m  ,     1,  9564269, Hải Phòng     , Đà Nẵng     , Phổ thông   , 14/11/2025
VN-1671    , Vietnam Airlines                       , 11:20         , 12:40       , 1h 20m  ,     0,  1197821, Hải Phòng     , Đà Nẵng     , Phổ thông   , 15/11/2025
VJ-721     , VietJet Air                            , 12:10         , 13:25       , 1h 15m  ,     0,   680600, Hải Phòng     , Đà Nẵng     , Phổ thông   , 15/11/2025
VN-1671    , Vietnam Airlines                       , 11:20         , 12:40       , 1h 20m  ,     0,  2654431, Hải Phòng     , Đà Nẵng     , Phổ thông   , 15/11/2025
VJ-721     , VietJet Air                            , 12:10         , 13:25       , 1h 15m  ,     0,  3030443, Hải Phòng     , Đà Nẵng     , Phổ thông   , 15/11/2025
VJ-289     , VietJet Air                            , 21:20         , 09:40       , 12h 20m ,     1,  3333640, Hải Phòng     , Đà Nẵng     , Phổ thông   , 15/11/2025
VJ-285     , VietJet Air                            , 23:25         , 00:20       , 24h 55m ,     1,  3333640, Hải Phòng     , Đà Nẵng     , Phổ thông   , 15/11/2025
VJ-285     , VietJet Air                            , 23:25         , 07:50       , 8h 25m  ,     1,  3343085, Hải Phòng     , Đà Nẵng     , Phổ thông   , 15/11/2025
VJ-285     , VietJet Air                            , 23:25         , 08:40       , 9h 15m  ,     1,  3343085, Hải Phòng     , Đà Nẵng     , Phổ thông   , 15/11/2025
VJ-285     , VietJet Air                            , 23:25         , 22:00       , 22h 35m ,     1,  3479308, Hải Phòng     , Đà Nẵng     , Phổ thông   , 15/11/2025
VJ-289     , VietJet Air                            , 21:20         , 07:50       , 10h 30m ,     1,  3497414, Hải Phòng     , Đà Nẵng     , Phổ thông   , 15/11/2025
VJ-289     , VietJet Air                            , 21:20         , 08:40       , 11h 20m ,     1,  3497414, Hải Phòng     , Đà Nẵng     , Phổ thông   , 15/11/2025
VJ-285     , VietJet Air                            , 23:25         , 09:40       , 10h 15m ,     1,  3510196, Hải Phòng     , Đà Nẵng     , Phổ thông   , 15/11/2025
VJ-275     , VietJet Air                            , 13:20         , 19:35       , 6h 15m  ,     1,  3548493, Hải Phòng     , Đà Nẵng     , Phổ thông   , 15/11/2025
VJ-275     , VietJet Air                            , 13:20         , 22:05       , 8h 45m  ,     1,  3548493, Hải Phòng     , Đà Nẵng     , Phổ thông   , 15/11/2025
VJ-273     , VietJet Air                            , 10:15         , 19:35       , 9h 20m  ,     1,  3548493, Hải Phòng     , Đà Nẵng     , Phổ thông   , 15/11/2025
VJ-271     , VietJet Air                            , 08:45         , 19:35       , 10h 50m ,     1,  3548493, Hải Phòng     , Đà Nẵng     , Phổ thông   , 15/11/2025
VJ-273     , VietJet Air                            , 10:15         , 22:05       , 11h 50m ,     1,  3548493, Hải Phòng     , Đà Nẵng     , Phổ thông   , 15/11/2025
VJ-271     , VietJet Air                            , 08:45         , 22:05       , 13h 20m ,     1,  3548493, Hải Phòng     , Đà Nẵng     , Phổ thông   , 15/11/2025
VJ-285     , VietJet Air                            , 23:25         , 22:45       , 23h 20m ,     1,  3625249, Hải Phòng     , Đà Nẵng     , Phổ thông   , 15/11/2025
VJ-271     , VietJet Air                            , 08:45         , 14:30       , 5h 45m  ,     1,  3807400, Hải Phòng     , Đà Nẵng     , Phổ thông   , 15/11/2025
VJ-279     , VietJet Air                            , 18:25         , 00:20       , 5h 55m  ,     1,  3898652, Hải Phòng     , Đà Nẵng     , Phổ thông   , 15/11/2025
VN-7185    , Vietnam Airlines                       , 23:10         , 07:25       , 8h 15m  ,     1,  6908104, Hải Phòng     , Đà Nẵng     , Phổ thông   , 15/11/2025
VN-7185    , Vietnam Airlines                       , 23:10         , 08:20       , 9h 10m  ,     1,  7499518, Hải Phòng     , Đà Nẵng     , Phổ thông   , 15/11/2025
VN-7185    , Vietnam Airlines                       , 23:10         , 09:20       , 10h 10m ,     1,  7499518, Hải Phòng     , Đà Nẵng     , Phổ thông   , 15/11/2025
VN-7185    , Vietnam Airlines                       , 23:10         , 22:15       , 23h 5m  ,     1,  7793311, Hải Phòng     , Đà Nẵng     , Phổ thông   , 15/11/2025
VN-7185    , Vietnam Airlines                       , 23:10         , 12:20       , 13h 10m ,     1,  8087378, Hải Phòng     , Đà Nẵng     , Phổ thông   , 15/11/2025
VN-7185    , Vietnam Airlines                       , 23:10         , 10:45       , 11h 35m ,     1,  8384724, Hải Phòng     , Đà Nẵng     , Phổ thông   , 15/11/2025
VN-7185    , Vietnam Airlines                       , 23:10         , 11:25       , 12h 15m ,     1,  8384724, Hải Phòng     , Đà Nẵng     , Phổ thông   , 15/11/2025
VN-7185    , Vietnam Airlines                       , 23:10         , 13:20       , 14h 10m ,     1,  8384724, Hải Phòng     , Đà Nẵng     , Phổ thông   , 15/11/2025
VN-1171    , Vietnam Airlines                       , 06:15         , 21:05       , 14h 50m ,     1,  8384724, Hải Phòng     , Đà Nẵng     , Phổ thông   , 15/11/2025
VN-7185    , Vietnam Airlines                       , 23:10         , 19:35       , 20h 25m ,     1,  8384724, Hải Phòng     , Đà Nẵng     , Phổ thông   , 15/11/2025
VN-1187    , Vietnam Airlines                       , 21:10         , 07:25       , 10h 15m ,     1,  8678791, Hải Phòng     , Đà Nẵng     , Phổ thông   , 15/11/2025
VN-1177    , Vietnam Airlines                       , 10:15         , 21:05       , 10h 50m ,     1,  8972310, Hải Phòng     , Đà Nẵng     , Phổ thông   , 15/11/2025
VN-1171    , Vietnam Airlines                       , 06:15         , 18:05       , 11h 50m ,     1,  8972310, Hải Phòng     , Đà Nẵng     , Phổ thông   , 15/11/2025
VN-7185    , Vietnam Airlines                       , 23:10         , 21:00       , 21h 50m ,     1,  9010298, Hải Phòng     , Đà Nẵng     , Phổ thông   , 15/11/2025
VN-1171    , Vietnam Airlines                       , 06:15         , 16:35       , 10h 20m ,     1,  9266650, Hải Phòng     , Đà Nẵng     , Phổ thông   , 15/11/2025
VN-1171    , Vietnam Airlines                       , 06:15         , 22:15       , 16h 0m  ,     1,  9266650, Hải Phòng     , Đà Nẵng     , Phổ thông   , 15/11/2025
VN-1171    , Vietnam Airlines                       , 06:15         , 12:20       , 6h 5m   ,     1,  9308465, Hải Phòng     , Đà Nẵng     , Phổ thông   , 15/11/2025
VN-1171    , Vietnam Airlines                       , 06:15         , 13:40       , 7h 25m  ,     1,  9308465, Hải Phòng     , Đà Nẵng     , Phổ thông   , 15/11/2025
VN-1171    , Vietnam Airlines                       , 06:15         , 14:50       , 8h 35m  ,     1,  9308465, Hải Phòng     , Đà Nẵng     , Phổ thông   , 15/11/2025
VN-1187    , Vietnam Airlines                       , 21:10         , 08:20       , 11h 10m ,     1,  9308465, Hải Phòng     , Đà Nẵng     , Phổ thông   , 15/11/2025
VN-1177    , Vietnam Airlines                       , 10:15         , 18:05       , 7h 50m  ,     1,  9564269, Hải Phòng     , Đà Nẵng     , Phổ thông   , 15/11/2025
VN-1671    , Vietnam Airlines                       , 11:20         , 12:40       , 1h 20m  ,     0,  1197821, Hải Phòng     , Đà Nẵng     , Phổ thông   , 16/11/2025
VJ-721     , VietJet Air                            , 12:10         , 13:25       , 1h 15m  ,     0,   680600, Hải Phòng     , Đà Nẵng     , Phổ thông   , 16/11/2025
VN-1671    , Vietnam Airlines                       , 11:20         , 12:40       , 1h 20m  ,     0,  2654431, Hải Phòng     , Đà Nẵng     , Phổ thông   , 16/11/2025
VJ-721     , VietJet Air                            , 12:10         , 13:25       , 1h 15m  ,     0,  3030443, Hải Phòng     , Đà Nẵng     , Phổ thông   , 16/11/2025
VJ-289     , VietJet Air                            , 21:20         , 09:40       , 12h 20m ,     1,  3333640, Hải Phòng     , Đà Nẵng     , Phổ thông   , 16/11/2025
VJ-285     , VietJet Air                            , 23:25         , 00:20       , 24h 55m ,     1,  3333640, Hải Phòng     , Đà Nẵng     , Phổ thông   , 16/11/2025
VJ-285     , VietJet Air                            , 23:25         , 07:50       , 8h 25m  ,     1,  3343085, Hải Phòng     , Đà Nẵng     , Phổ thông   , 16/11/2025
VJ-285     , VietJet Air                            , 23:25         , 08:40       , 9h 15m  ,     1,  3343085, Hải Phòng     , Đà Nẵng     , Phổ thông   , 16/11/2025
VJ-285     , VietJet Air                            , 23:25         , 22:00       , 22h 35m ,     1,  3479308, Hải Phòng     , Đà Nẵng     , Phổ thông   , 16/11/2025
VJ-289     , VietJet Air                            , 21:20         , 07:50       , 10h 30m ,     1,  3497414, Hải Phòng     , Đà Nẵng     , Phổ thông   , 16/11/2025
VJ-289     , VietJet Air                            , 21:20         , 08:40       , 11h 20m ,     1,  3497414, Hải Phòng     , Đà Nẵng     , Phổ thông   , 16/11/2025
VJ-285     , VietJet Air                            , 23:25         , 09:40       , 10h 15m ,     1,  3510196, Hải Phòng     , Đà Nẵng     , Phổ thông   , 16/11/2025
VJ-275     , VietJet Air                            , 13:20         , 19:35       , 6h 15m  ,     1,  3548493, Hải Phòng     , Đà Nẵng     , Phổ thông   , 16/11/2025
VJ-275     , VietJet Air                            , 13:20         , 22:05       , 8h 45m  ,     1,  3548493, Hải Phòng     , Đà Nẵng     , Phổ thông   , 16/11/2025
VJ-273     , VietJet Air                            , 10:15         , 19:35       , 9h 20m  ,     1,  3548493, Hải Phòng     , Đà Nẵng     , Phổ thông   , 16/11/2025
VJ-271     , VietJet Air                            , 08:45         , 19:35       , 10h 50m ,     1,  3548493, Hải Phòng     , Đà Nẵng     , Phổ thông   , 16/11/2025
VJ-273     , VietJet Air                            , 10:15         , 22:05       , 11h 50m ,     1,  3548493, Hải Phòng     , Đà Nẵng     , Phổ thông   , 16/11/2025
VJ-271     , VietJet Air                            , 08:45         , 22:05       , 13h 20m ,     1,  3548493, Hải Phòng     , Đà Nẵng     , Phổ thông   , 16/11/2025
VJ-285     , VietJet Air                            , 23:25         , 22:45       , 23h 20m ,     1,  3625249, Hải Phòng     , Đà Nẵng     , Phổ thông   , 16/11/2025
VJ-271     , VietJet Air                            , 08:45         , 14:30       , 5h 45m  ,     1,  3807400, Hải Phòng     , Đà Nẵng     , Phổ thông   , 16/11/2025
VJ-279     , VietJet Air                            , 18:25         , 00:20       , 5h 55m  ,     1,  3898652, Hải Phòng     , Đà Nẵng     , Phổ thông   , 16/11/2025
VN-7185    , Vietnam Airlines                       , 23:10         , 07:25       , 8h 15m  ,     1,  6908104, Hải Phòng     , Đà Nẵng     , Phổ thông   , 16/11/2025
VN-7185    , Vietnam Airlines                       , 23:10         , 08:20       , 9h 10m  ,     1,  7499518, Hải Phòng     , Đà Nẵng     , Phổ thông   , 16/11/2025
VN-7185    , Vietnam Airlines                       , 23:10         , 09:20       , 10h 10m ,     1,  7499518, Hải Phòng     , Đà Nẵng     , Phổ thông   , 16/11/2025
VN-7185    , Vietnam Airlines                       , 23:10         , 22:15       , 23h 5m  ,     1,  7793311, Hải Phòng     , Đà Nẵng     , Phổ thông   , 16/11/2025
VN-7185    , Vietnam Airlines                       , 23:10         , 12:20       , 13h 10m ,     1,  8087378, Hải Phòng     , Đà Nẵng     , Phổ thông   , 16/11/2025
VN-7185    , Vietnam Airlines                       , 23:10         , 10:45       , 11h 35m ,     1,  8384724, Hải Phòng     , Đà Nẵng     , Phổ thông   , 16/11/2025
VN-7185    , Vietnam Airlines                       , 23:10         , 11:25       , 12h 15m ,     1,  8384724, Hải Phòng     , Đà Nẵng     , Phổ thông   , 16/11/2025
VN-7185    , Vietnam Airlines                       , 23:10         , 13:20       , 14h 10m ,     1,  8384724, Hải Phòng     , Đà Nẵng     , Phổ thông   , 16/11/2025
VN-1171    , Vietnam Airlines                       , 06:15         , 21:05       , 14h 50m ,     1,  8384724, Hải Phòng     , Đà Nẵng     , Phổ thông   , 16/11/2025
VN-7185    , Vietnam Airlines                       , 23:10         , 19:35       , 20h 25m ,     1,  8384724, Hải Phòng     , Đà Nẵng     , Phổ thông   , 16/11/2025
VN-1187    , Vietnam Airlines                       , 21:10         , 07:25       , 10h 15m ,     1,  8678791, Hải Phòng     , Đà Nẵng     , Phổ thông   , 16/11/2025
VN-1177    , Vietnam Airlines                       , 10:15         , 21:05       , 10h 50m ,     1,  8972310, Hải Phòng     , Đà Nẵng     , Phổ thông   , 16/11/2025
VN-1171    , Vietnam Airlines                       , 06:15         , 18:05       , 11h 50m ,     1,  8972310, Hải Phòng     , Đà Nẵng     , Phổ thông   , 16/11/2025
VN-7185    , Vietnam Airlines                       , 23:10         , 21:00       , 21h 50m ,     1,  9010298, Hải Phòng     , Đà Nẵng     , Phổ thông   , 16/11/2025
VN-1171    , Vietnam Airlines                       , 06:15         , 16:35       , 10h 20m ,     1,  9266650, Hải Phòng     , Đà Nẵng     , Phổ thông   , 16/11/2025
VN-1171    , Vietnam Airlines                       , 06:15         , 22:15       , 16h 0m  ,     1,  9266650, Hải Phòng     , Đà Nẵng     , Phổ thông   , 16/11/2025
VN-1171    , Vietnam Airlines                       , 06:15         , 12:20       , 6h 5m   ,     1,  9308465, Hải Phòng     , Đà Nẵng     , Phổ thông   , 16/11/2025
VN-1171    , Vietnam Airlines                       , 06:15         , 13:40       , 7h 25m  ,     1,  9308465, Hải Phòng     , Đà Nẵng     , Phổ thông   , 16/11/2025
VN-1171    , Vietnam Airlines                       , 06:15         , 14:50       , 8h 35m  ,     1,  9308465, Hải Phòng     , Đà Nẵng     , Phổ thông   , 16/11/2025
VN-1187    , Vietnam Airlines                       , 21:10         , 08:20       , 11h 10m ,     1,  9308465, Hải Phòng     , Đà Nẵng     , Phổ thông   , 16/11/2025
VN-1177    , Vietnam Airlines                       , 10:15         , 18:05       , 7h 50m  ,     1,  9564269, Hải Phòng     , Đà Nẵng     , Phổ thông   , 16/11/2025
VJ-285     , VietJet Air                            , 23:25         , 06:55       , 7h 30m  ,     1,  2157197, Hải Phòng     , Phú Bài     , Phổ thông   , 13/11/2025
VJ-285     , VietJet Air                            , 23:25         , 14:05       , 14h 40m ,     1,  2157197, Hải Phòng     , Phú Bài     , Phổ thông   , 13/11/2025
VJ-285     , VietJet Air                            , 23:25         , 18:00       , 18h 35m ,     1,  2157197, Hải Phòng     , Phú Bài     , Phổ thông   , 13/11/2025
VJ-285     , VietJet Air                            , 23:25         , 20:35       , 21h 10m ,     1,  2157197, Hải Phòng     , Phú Bài     , Phổ thông   , 13/11/2025
VJ-285     , VietJet Air                            , 23:25         , 21:40       , 22h 15m ,     1,  2157197, Hải Phòng     , Phú Bài     , Phổ thông   , 13/11/2025
VJ-285     , VietJet Air                            , 23:25         , 22:30       , 23h 5m  ,     1,  2157197, Hải Phòng     , Phú Bài     , Phổ thông   , 13/11/2025
VJ-285     , VietJet Air                            , 23:25         , 12:25       , 13h 0m  ,     1,  2212510, Hải Phòng     , Phú Bài     , Phổ thông   , 13/11/2025
VJ-273     , VietJet Air                            , 10:15         , 18:10       , 7h 55m  ,     1,  2721023, Hải Phòng     , Phú Bài     , Phổ thông   , 13/11/2025
VJ-271     , VietJet Air                            , 08:45         , 18:10       , 9h 25m  ,     1,  2721023, Hải Phòng     , Phú Bài     , Phổ thông   , 13/11/2025
VJ-275     , VietJet Air                            , 13:20         , 21:40       , 8h 20m  ,     1,  2748395, Hải Phòng     , Phú Bài     , Phổ thông   , 13/11/2025
VJ-275     , VietJet Air                            , 13:20         , 20:35       , 7h 15m  ,     1,  2759971, Hải Phòng     , Phú Bài     , Phổ thông   , 13/11/2025
VJ-273     , "VietJet Air, Vietnam Airlines"        , 10:15         , 17:05       , 6h 50m  ,     1,  3572285, Hải Phòng     , Phú Bài     , Phổ thông   , 13/11/2025
VN-1177    , "Vietnam Airlines, VietJet Air"        , 10:15         , 18:10       , 7h 55m  ,     1,  4147579, Hải Phòng     , Phú Bài     , Phổ thông   , 13/11/2025
VJ-285     , "VietJet Air, Vietnam Airlines"        , 00:45         , 07:15       , 6h 30m  ,     1,  4306577, Hải Phòng     , Phú Bài     , Phổ thông   , 13/11/2025
VN-6441    , "Vietnam Airlines, VietJet Air"        , 16:15         , 22:30       , 6h 15m  ,     1,  4568305, Hải Phòng     , Phú Bài     , Phổ thông   , 13/11/2025
VN-1171    , "Vietnam Airlines, VietJet Air"        , 06:15         , 14:05       , 7h 50m  ,     1,  4771680, Hải Phòng     , Phú Bài     , Phổ thông   , 13/11/2025
VN-1177    , Vietnam Airlines                       , 10:15         , 17:05       , 6h 50m  ,     1,  4998841, Hải Phòng     , Phú Bài     , Phổ thông   , 13/11/2025
VJ-285     , VietJet Air                            , 23:25         , 06:55       , 7h 30m  ,     1,  2157197, Hải Phòng     , Phú Bài     , Phổ thông   , 14/11/2025
VJ-285     , VietJet Air                            , 23:25         , 14:05       , 14h 40m ,     1,  2157197, Hải Phòng     , Phú Bài     , Phổ thông   , 14/11/2025
VJ-285     , VietJet Air                            , 23:25         , 18:00       , 18h 35m ,     1,  2157197, Hải Phòng     , Phú Bài     , Phổ thông   , 14/11/2025
VJ-285     , VietJet Air                            , 23:25         , 20:35       , 21h 10m ,     1,  2157197, Hải Phòng     , Phú Bài     , Phổ thông   , 14/11/2025
VJ-285     , VietJet Air                            , 23:25         , 21:40       , 22h 15m ,     1,  2157197, Hải Phòng     , Phú Bài     , Phổ thông   , 14/11/2025
VJ-285     , VietJet Air                            , 23:25         , 22:30       , 23h 5m  ,     1,  2157197, Hải Phòng     , Phú Bài     , Phổ thông   , 14/11/2025
VJ-285     , VietJet Air                            , 23:25         , 12:25       , 13h 0m  ,     1,  2212510, Hải Phòng     , Phú Bài     , Phổ thông   , 14/11/2025
VJ-273     , VietJet Air                            , 10:15         , 18:10       , 7h 55m  ,     1,  2721023, Hải Phòng     , Phú Bài     , Phổ thông   , 14/11/2025
VJ-271     , VietJet Air                            , 08:45         , 18:10       , 9h 25m  ,     1,  2721023, Hải Phòng     , Phú Bài     , Phổ thông   , 14/11/2025
VJ-275     , VietJet Air                            , 13:20         , 21:40       , 8h 20m  ,     1,  2748395, Hải Phòng     , Phú Bài     , Phổ thông   , 14/11/2025
VJ-275     , VietJet Air                            , 13:20         , 20:35       , 7h 15m  ,     1,  2759971, Hải Phòng     , Phú Bài     , Phổ thông   , 14/11/2025
VJ-273     , "VietJet Air, Vietnam Airlines"        , 10:15         , 17:05       , 6h 50m  ,     1,  3572285, Hải Phòng     , Phú Bài     , Phổ thông   , 14/11/2025
VN-1177    , "Vietnam Airlines, VietJet Air"        , 10:15         , 18:10       , 7h 55m  ,     1,  4147579, Hải Phòng     , Phú Bài     , Phổ thông   , 14/11/2025
VJ-285     , "VietJet Air, Vietnam Airlines"        , 00:45         , 07:15       , 6h 30m  ,     1,  4306577, Hải Phòng     , Phú Bài     , Phổ thông   , 14/11/2025
VJ-285     , VietJet Air                            , 23:25         , 06:55       , 7h 30m  ,     1,  2157197, Hải Phòng     , Phú Bài     , Phổ thông   , 15/11/2025
VJ-285     , VietJet Air                            , 23:25         , 14:05       , 14h 40m ,     1,  2157197, Hải Phòng     , Phú Bài     , Phổ thông   , 15/11/2025
VJ-285     , VietJet Air                            , 23:25         , 18:00       , 18h 35m ,     1,  2157197, Hải Phòng     , Phú Bài     , Phổ thông   , 15/11/2025
VJ-285     , VietJet Air                            , 23:25         , 20:35       , 21h 10m ,     1,  2157197, Hải Phòng     , Phú Bài     , Phổ thông   , 15/11/2025
VJ-285     , VietJet Air                            , 23:25         , 21:40       , 22h 15m ,     1,  2157197, Hải Phòng     , Phú Bài     , Phổ thông   , 15/11/2025
VJ-285     , VietJet Air                            , 23:25         , 22:30       , 23h 5m  ,     1,  2157197, Hải Phòng     , Phú Bài     , Phổ thông   , 15/11/2025
VJ-285     , VietJet Air                            , 23:25         , 12:25       , 13h 0m  ,     1,  2212510, Hải Phòng     , Phú Bài     , Phổ thông   , 15/11/2025
VJ-273     , VietJet Air                            , 10:15         , 18:10       , 7h 55m  ,     1,  2721023, Hải Phòng     , Phú Bài     , Phổ thông   , 15/11/2025
VJ-271     , VietJet Air                            , 08:45         , 18:10       , 9h 25m  ,     1,  2721023, Hải Phòng     , Phú Bài     , Phổ thông   , 15/11/2025
VJ-275     , VietJet Air                            , 13:20         , 21:40       , 8h 20m  ,     1,  2748395, Hải Phòng     , Phú Bài     , Phổ thông   , 15/11/2025
VJ-275     , VietJet Air                            , 13:20         , 20:35       , 7h 15m  ,     1,  2759971, Hải Phòng     , Phú Bài     , Phổ thông   , 15/11/2025
VJ-273     , "VietJet Air, Vietnam Airlines"        , 10:15         , 17:05       , 6h 50m  ,     1,  3572285, Hải Phòng     , Phú Bài     , Phổ thông   , 15/11/2025
VN-1177    , "Vietnam Airlines, VietJet Air"        , 10:15         , 18:10       , 7h 55m  ,     1,  4147579, Hải Phòng     , Phú Bài     , Phổ thông   , 15/11/2025
VJ-285     , "VietJet Air, Vietnam Airlines"        , 00:45         , 07:15       , 6h 30m  ,     1,  4306577, Hải Phòng     , Phú Bài     , Phổ thông   , 15/11/2025
VJ-285     , VietJet Air                            , 23:25         , 06:55       , 7h 30m  ,     1,  2157197, Hải Phòng     , Phú Bài     , Phổ thông   , 16/11/2025
VJ-285     , VietJet Air                            , 23:25         , 14:05       , 14h 40m ,     1,  2157197, Hải Phòng     , Phú Bài     , Phổ thông   , 16/11/2025
VJ-285     , VietJet Air                            , 23:25         , 18:00       , 18h 35m ,     1,  2157197, Hải Phòng     , Phú Bài     , Phổ thông   , 16/11/2025
VJ-285     , VietJet Air                            , 23:25         , 20:35       , 21h 10m ,     1,  2157197, Hải Phòng     , Phú Bài     , Phổ thông   , 16/11/2025
VJ-285     , VietJet Air                            , 23:25         , 21:40       , 22h 15m ,     1,  2157197, Hải Phòng     , Phú Bài     , Phổ thông   , 16/11/2025
VJ-285     , VietJet Air                            , 23:25         , 22:30       , 23h 5m  ,     1,  2157197, Hải Phòng     , Phú Bài     , Phổ thông   , 16/11/2025
VJ-285     , VietJet Air                            , 23:25         , 12:25       , 13h 0m  ,     1,  2212510, Hải Phòng     , Phú Bài     , Phổ thông   , 16/11/2025
VJ-273     , VietJet Air                            , 10:15         , 18:10       , 7h 55m  ,     1,  2721023, Hải Phòng     , Phú Bài     , Phổ thông   , 16/11/2025
VJ-271     , VietJet Air                            , 08:45         , 18:10       , 9h 25m  ,     1,  2721023, Hải Phòng     , Phú Bài     , Phổ thông   , 16/11/2025
VJ-275     , VietJet Air                            , 13:20         , 21:40       , 8h 20m  ,     1,  2748395, Hải Phòng     , Phú Bài     , Phổ thông   , 16/11/2025
VJ-275     , VietJet Air                            , 13:20         , 20:35       , 7h 15m  ,     1,  2759971, Hải Phòng     , Phú Bài     , Phổ thông   , 16/11/2025
VJ-273     , "VietJet Air, Vietnam Airlines"        , 10:15         , 17:05       , 6h 50m  ,     1,  3572285, Hải Phòng     , Phú Bài     , Phổ thông   , 16/11/2025
VN-1177    , "Vietnam Airlines, VietJet Air"        , 10:15         , 18:10       , 7h 55m  ,     1,  4147579, Hải Phòng     , Phú Bài     , Phổ thông   , 16/11/2025
VJ-285     , "VietJet Air, Vietnam Airlines"        , 00:45         , 07:15       , 6h 30m  ,     1,  4306577, Hải Phòng     , Phú Bài     , Phổ thông   , 16/11/2025
VJ-285     , VietJet Air                            , 23:25         , 01:25       , 2h 0m   ,     0,  1223225, Hải Phòng     , TP HCM      , Phổ thông   , 13/11/2025
VJ-289     , VietJet Air                            , 21:20         , 23:20       , 2h 0m   ,     0,  1575383, Hải Phòng     , TP HCM      , Phổ thông   , 13/11/2025
VJ-271     , VietJet Air                            , 08:45         , 10:45       , 2h 0m   ,     0,  1814423, Hải Phòng     , TP HCM      , Phổ thông   , 13/11/2025
VJ-273     , VietJet Air                            , 10:15         , 12:15       , 2h 0m   ,     0,  1814423, Hải Phòng     , TP HCM      , Phổ thông   , 13/11/2025
VJ-275     , VietJet Air                            , 13:20         , 15:20       , 2h 0m   ,     0,  1814423, Hải Phòng     , TP HCM      , Phổ thông   , 13/11/2025
VJ-279     , VietJet Air                            , 18:25         , 20:25       , 2h 0m   ,     0,  1814423, Hải Phòng     , TP HCM      , Phổ thông   , 13/11/2025
VN-7185    , Vietnam Airlines                       , 23:10         , 01:20       , 2h 10m  ,     0,  1815447, Hải Phòng     , TP HCM      , Phổ thông   , 13/11/2025
VN-1187    , Vietnam Airlines                       , 21:10         , 23:15       , 2h 5m   ,     0,  2769961, Hải Phòng     , TP HCM      , Phổ thông   , 13/11/2025
VN-6441    , Vietnam Airlines                       , 16:15         , 18:25       , 2h 10m  ,     0,  3064217, Hải Phòng     , TP HCM      , Phổ thông   , 13/11/2025
VN-1171    , Vietnam Airlines                       , 06:15         , 08:20       , 2h 5m   ,     0,  3186297, Hải Phòng     , TP HCM      , Phổ thông   , 13/11/2025
VN-1177    , Vietnam Airlines                       , 10:15         , 12:20       , 2h 5m   ,     0,  3240979, Hải Phòng     , TP HCM      , Phổ thông   , 13/11/2025
VJ-281     , VietJet Air                            , 20:45         , 22:45       , 2h 0m   ,     0,  3729564, Hải Phòng     , TP HCM      , Phổ thông   , 13/11/2025
VJ-283     , VietJet Air                            , 22:30         , 00:30       , 2h 0m   ,     0,  3729564, Hải Phòng     , TP HCM      , Phổ thông   , 13/11/2025
VJ-721     , VietJet Air                            , 12:10         , 23:55       , 11h 45m ,     1,  1402785, Hải Phòng     , TP HCM      , Phổ thông   , 13/11/2025
VJ-721     , VietJet Air                            , 12:10         , 00:40       , 12h 30m ,     1,  1402785, Hải Phòng     , TP HCM      , Phổ thông   , 13/11/2025
VJ-721     , "VietJet Air, Vietravel Airlines"      , 12:10         , 22:45       , 10h 35m ,     1,  1404015, Hải Phòng     , TP HCM      , Phổ thông   , 13/11/2025
VJ-721     , "VietJet Air, Bamboo Airways"          , 12:10         , 01:05       , 12h 55m ,     1,  1512669, Hải Phòng     , TP HCM      , Phổ thông   , 13/11/2025
VJ-721     , VietJet Air                            , 12:10         , 07:50       , 19h 40m ,     1,  1854774, Hải Phòng     , TP HCM      , Phổ thông   , 13/11/2025
VJ-721     , VietJet Air                            , 12:10         , 09:15       , 21h 5m  ,     1,  1854774, Hải Phòng     , TP HCM      , Phổ thông   , 13/11/2025
VN-1671    , "Vietnam Airlines, Vietravel Airlines" , 11:20         , 22:45       , 11h 25m ,     1,  1921236, Hải Phòng     , TP HCM      , Phổ thông   , 13/11/2025
VJ-721     , VietJet Air                            , 12:10         , 06:50       , 18h 40m ,     1,  2363326, Hải Phòng     , TP HCM      , Phổ thông   , 13/11/2025
VJ-721     , VietJet Air                            , 12:10         , 21:30       , 9h 20m  ,     1,  2514044, Hải Phòng     , TP HCM      , Phổ thông   , 13/11/2025
VJ-721     , VietJet Air                            , 12:10         , 07:50       , 19h 40m ,     1,  2666039, Hải Phòng     , TP HCM      , Phổ thông   , 13/11/2025
VJ-721     , VietJet Air                            , 12:10         , 09:15       , 21h 5m  ,     1,  2666039, Hải Phòng     , TP HCM      , Phổ thông   , 13/11/2025
VJ-731     , "VietJet Air, Vietnam Airlines"        , 17:35         , 22:35       , 5h 0m   ,     1,  2861187, Hải Phòng     , TP HCM      , Phổ thông   , 13/11/2025
VJ-721     , VietJet Air                            , 12:10         , 11:35       , 23h 25m ,     1,  2932534, Hải Phòng     , TP HCM      , Phổ thông   , 13/11/2025
VJ-721     , VietJet Air                            , 12:10         , 12:40       , 24h 30m ,     1,  2932534, Hải Phòng     , TP HCM      , Phổ thông   , 13/11/2025
VJ-671     , VietJet Air                            , 11:50         , 17:45       , 5h 55m  ,     1,  3501475, Hải Phòng     , TP HCM      , Phổ thông   , 13/11/2025
VJ-671     , VietJet Air                            , 11:50         , 09:05       , 21h 15m ,     1,  3501475, Hải Phòng     , TP HCM      , Phổ thông   , 13/11/2025
VJ-721     , VietJet Air                            , 12:10         , 11:10       , 23h 0m  ,     2,  3866080, Hải Phòng     , TP HCM      , Phổ thông   , 13/11/2025
VJ-721     , VietJet Air                            , 12:10         , 11:40       , 23h 30m ,     2,  3866080, Hải Phòng     , TP HCM      , Phổ thông   , 13/11/2025
VJ-721     , VietJet Air                            , 12:10         , 12:10       , 24h 0m  ,     2,  3866080, Hải Phòng     , TP HCM      , Phổ thông   , 13/11/2025
VJ-721     , VietJet Air                            , 12:10         , 13:20       , 25h 10m ,     2,  3866080, Hải Phòng     , TP HCM      , Phổ thông   , 13/11/2025
VJ-721     , VietJet Air                            , 12:10         , 13:50       , 25h 40m ,     2,  3866080, Hải Phòng     , TP HCM      , Phổ thông   , 13/11/2025
VJ-721     , VietJet Air                            , 12:10         , 15:45       , 27h 35m ,     2,  3866080, Hải Phòng     , TP HCM      , Phổ thông   , 13/11/2025
VJ-721     , VietJet Air                            , 12:10         , 16:10       , 28h 0m  ,     2,  3866080, Hải Phòng     , TP HCM      , Phổ thông   , 13/11/2025
VJ-721     , VietJet Air                            , 12:10         , 17:20       , 29h 10m ,     2,  3866080, Hải Phòng     , TP HCM      , Phổ thông   , 13/11/2025
VJ-721     , VietJet Air                            , 12:10         , 17:30       , 29h 20m ,     2,  3866080, Hải Phòng     , TP HCM      , Phổ thông   , 13/11/2025
VJ-721     , VietJet Air                            , 12:10         , 07:10       , 19h 0m  ,     2,  3986626, Hải Phòng     , TP HCM      , Phổ thông   , 13/11/2025
VJ-721     , VietJet Air                            , 12:10         , 07:10       , 19h 0m  ,     2,  3986626, Hải Phòng     , TP HCM      , Phổ thông   , 13/11/2025
VJ-721     , VietJet Air                            , 12:10         , 11:40       , 23h 30m ,     2,  4063115, Hải Phòng     , TP HCM      , Phổ thông   , 13/11/2025
VN-1671    , Vietnam Airlines                       , 11:20         , 22:20       , 11h 0m  ,     1,  4872515, Hải Phòng     , TP HCM      , Phổ thông   , 13/11/2025
VN-1671    , Vietnam Airlines                       , 11:20         , 15:15       , 3h 55m  ,     1,  5157085, Hải Phòng     , TP HCM      , Phổ thông   , 13/11/2025
VN-1671    , Vietnam Airlines                       , 11:20         , 15:30       , 4h 10m  ,     1,  5157085, Hải Phòng     , TP HCM      , Phổ thông   , 13/11/2025
VN-1671    , Vietnam Airlines                       , 11:20         , 15:45       , 4h 25m  ,     1,  5441655, Hải Phòng     , TP HCM      , Phổ thông   , 13/11/2025
VN-1671    , Vietnam Airlines                       , 11:20         , 12:45       , 25h 25m ,     1,  6007810, Hải Phòng     , TP HCM      , Phổ thông   , 13/11/2025
VN-1671    , Vietnam Airlines                       , 11:20         , 13:20       , 26h 0m  ,     1,  6296360, Hải Phòng     , TP HCM      , Phổ thông   , 13/11/2025
VN-1671    , Vietnam Airlines                       , 11:20         , 07:30       , 20h 10m ,     1,  6463541, Hải Phòng     , TP HCM      , Phổ thông   , 13/11/2025
VN-1671    , Vietnam Airlines                       , 11:20         , 19:35       , 8h 15m  ,     1,  6636976, Hải Phòng     , TP HCM      , Phổ thông   , 13/11/2025
VN-1671    , Vietnam Airlines                       , 11:20         , 11:25       , 24h 5m  ,     1,  6903310, Hải Phòng     , TP HCM      , Phổ thông   , 13/11/2025
VN-1671    , Vietnam Airlines                       , 11:20         , 17:10       , 5h 50m  ,     1,  6942811, Hải Phòng     , TP HCM      , Phổ thông   , 13/11/2025
VN-1171    , Vietnam Airlines                       , 06:15         , 08:20       , 2h 5m   ,     0,  3902248, Hải Phòng     , TP HCM      , Thương gia  , 13/11/2025
VN-7185    , Vietnam Airlines                       , 23:10         , 01:20       , 2h 10m  ,     0,  3902248, Hải Phòng     , TP HCM      , Thương gia  , 13/11/2025
VN-1177    , Vietnam Airlines                       , 10:15         , 12:20       , 2h 5m   ,     0,  4964044, Hải Phòng     , TP HCM      , Thương gia  , 13/11/2025
VN-1187    , Vietnam Airlines                       , 21:10         , 23:15       , 2h 5m   ,     0,  5515892, Hải Phòng     , TP HCM      , Thương gia  , 13/11/2025
VJ-285     , VietJet Air                            , 23:25         , 01:25       , 2h 0m   ,     0,  1223225, Hải Phòng     , TP HCM      , Phổ thông   , 14/11/2025
VJ-289     , VietJet Air                            , 21:20         , 23:20       , 2h 0m   ,     0,  1575383, Hải Phòng     , TP HCM      , Phổ thông   , 14/11/2025
VJ-271     , VietJet Air                            , 08:45         , 10:45       , 2h 0m   ,     0,  1814423, Hải Phòng     , TP HCM      , Phổ thông   , 14/11/2025
VJ-273     , VietJet Air                            , 10:15         , 12:15       , 2h 0m   ,     0,  1814423, Hải Phòng     , TP HCM      , Phổ thông   , 14/11/2025
VJ-275     , VietJet Air                            , 13:20         , 15:20       , 2h 0m   ,     0,  1814423, Hải Phòng     , TP HCM      , Phổ thông   , 14/11/2025
VJ-279     , VietJet Air                            , 18:25         , 20:25       , 2h 0m   ,     0,  1814423, Hải Phòng     , TP HCM      , Phổ thông   , 14/11/2025
VN-7185    , Vietnam Airlines                       , 23:10         , 01:20       , 2h 10m  ,     0,  1815447, Hải Phòng     , TP HCM      , Phổ thông   , 14/11/2025
VN-1187    , Vietnam Airlines                       , 21:10         , 23:15       , 2h 5m   ,     0,  2769961, Hải Phòng     , TP HCM      , Phổ thông   , 14/11/2025
VN-6441    , Vietnam Airlines                       , 16:15         , 18:25       , 2h 10m  ,     0,  3064217, Hải Phòng     , TP HCM      , Phổ thông   , 14/11/2025
VN-1171    , Vietnam Airlines                       , 06:15         , 08:20       , 2h 5m   ,     0,  3186297, Hải Phòng     , TP HCM      , Phổ thông   , 14/11/2025
VN-1177    , Vietnam Airlines                       , 10:15         , 12:20       , 2h 5m   ,     0,  3240979, Hải Phòng     , TP HCM      , Phổ thông   , 14/11/2025
VJ-281     , VietJet Air                            , 20:45         , 22:45       , 2h 0m   ,     0,  3729564, Hải Phòng     , TP HCM      , Phổ thông   , 14/11/2025
VJ-283     , VietJet Air                            , 22:30         , 00:30       , 2h 0m   ,     0,  3729564, Hải Phòng     , TP HCM      , Phổ thông   , 14/11/2025
VJ-721     , "VietJet Air, Vietravel Airlines"      , 12:10         , 22:45       , 10h 35m ,     1,  1404015, Hải Phòng     , TP HCM      , Phổ thông   , 14/11/2025
VJ-721     , "VietJet Air, Bamboo Airways"          , 12:10         , 01:05       , 12h 55m ,     1,  1512669, Hải Phòng     , TP HCM      , Phổ thông   , 14/11/2025
VJ-721     , VietJet Air                            , 12:10         , 07:50       , 19h 40m ,     1,  1854774, Hải Phòng     , TP HCM      , Phổ thông   , 14/11/2025
VJ-721     , VietJet Air                            , 12:10         , 09:15       , 21h 5m  ,     1,  1854774, Hải Phòng     , TP HCM      , Phổ thông   , 14/11/2025
VN-1671    , "Vietnam Airlines, Vietravel Airlines" , 11:20         , 22:45       , 11h 25m ,     1,  1921236, Hải Phòng     , TP HCM      , Phổ thông   , 14/11/2025
VJ-721     , VietJet Air                            , 12:10         , 23:55       , 11h 45m ,     1,  2190313, Hải Phòng     , TP HCM      , Phổ thông   , 14/11/2025
VJ-721     , VietJet Air                            , 12:10         , 00:40       , 12h 30m ,     1,  2190313, Hải Phòng     , TP HCM      , Phổ thông   , 14/11/2025
VJ-721     , VietJet Air                            , 12:10         , 06:50       , 18h 40m ,     1,  2363326, Hải Phòng     , TP HCM      , Phổ thông   , 14/11/2025
VJ-721     , VietJet Air                            , 12:10         , 21:30       , 9h 20m  ,     1,  2514044, Hải Phòng     , TP HCM      , Phổ thông   , 14/11/2025
VJ-721     , VietJet Air                            , 12:10         , 07:50       , 19h 40m ,     1,  2666039, Hải Phòng     , TP HCM      , Phổ thông   , 14/11/2025
VJ-721     , VietJet Air                            , 12:10         , 09:15       , 21h 5m  ,     1,  2666039, Hải Phòng     , TP HCM      , Phổ thông   , 14/11/2025
VJ-731     , "VietJet Air, Vietnam Airlines"        , 17:35         , 22:35       , 5h 0m   ,     1,  2861187, Hải Phòng     , TP HCM      , Phổ thông   , 14/11/2025
VJ-721     , VietJet Air                            , 12:10         , 11:35       , 23h 25m ,     1,  2932534, Hải Phòng     , TP HCM      , Phổ thông   , 14/11/2025
VJ-721     , VietJet Air                            , 12:10         , 12:40       , 24h 30m ,     1,  2932534, Hải Phòng     , TP HCM      , Phổ thông   , 14/11/2025
VJ-671     , VietJet Air                            , 11:50         , 17:45       , 5h 55m  ,     1,  3501475, Hải Phòng     , TP HCM      , Phổ thông   , 14/11/2025
VJ-671     , VietJet Air                            , 11:50         , 09:05       , 21h 15m ,     1,  3501475, Hải Phòng     , TP HCM      , Phổ thông   , 14/11/2025
VJ-721     , VietJet Air                            , 12:10         , 11:10       , 23h 0m  ,     2,  3866080, Hải Phòng     , TP HCM      , Phổ thông   , 14/11/2025
VJ-721     , VietJet Air                            , 12:10         , 11:40       , 23h 30m ,     2,  3866080, Hải Phòng     , TP HCM      , Phổ thông   , 14/11/2025
VJ-721     , VietJet Air                            , 12:10         , 12:10       , 24h 0m  ,     2,  3866080, Hải Phòng     , TP HCM      , Phổ thông   , 14/11/2025
VJ-721     , VietJet Air                            , 12:10         , 13:20       , 25h 10m ,     2,  3866080, Hải Phòng     , TP HCM      , Phổ thông   , 14/11/2025
VJ-721     , VietJet Air                            , 12:10         , 13:50       , 25h 40m ,     2,  3866080, Hải Phòng     , TP HCM      , Phổ thông   , 14/11/2025
VJ-721     , VietJet Air                            , 12:10         , 15:45       , 27h 35m ,     2,  3866080, Hải Phòng     , TP HCM      , Phổ thông   , 14/11/2025
VJ-721     , VietJet Air                            , 12:10         , 16:10       , 28h 0m  ,     2,  3866080, Hải Phòng     , TP HCM      , Phổ thông   , 14/11/2025
VJ-721     , VietJet Air                            , 12:10         , 17:20       , 29h 10m ,     2,  3866080, Hải Phòng     , TP HCM      , Phổ thông   , 14/11/2025
VJ-721     , VietJet Air                            , 12:10         , 17:30       , 29h 20m ,     2,  3866080, Hải Phòng     , TP HCM      , Phổ thông   , 14/11/2025
VJ-721     , VietJet Air                            , 12:10         , 07:10       , 19h 0m  ,     2,  3986626, Hải Phòng     , TP HCM      , Phổ thông   , 14/11/2025
VJ-721     , VietJet Air                            , 12:10         , 07:10       , 19h 0m  ,     2,  3986626, Hải Phòng     , TP HCM      , Phổ thông   , 14/11/2025
VJ-721     , VietJet Air                            , 12:10         , 11:40       , 23h 30m ,     2,  4063115, Hải Phòng     , TP HCM      , Phổ thông   , 14/11/2025
VN-1671    , Vietnam Airlines                       , 11:20         , 22:20       , 11h 0m  ,     1,  4872515, Hải Phòng     , TP HCM      , Phổ thông   , 14/11/2025
VN-1671    , Vietnam Airlines                       , 11:20         , 15:15       , 3h 55m  ,     1,  5157085, Hải Phòng     , TP HCM      , Phổ thông   , 14/11/2025
VN-1671    , Vietnam Airlines                       , 11:20         , 15:30       , 4h 10m  ,     1,  5157085, Hải Phòng     , TP HCM      , Phổ thông   , 14/11/2025
VN-1671    , Vietnam Airlines                       , 11:20         , 15:45       , 4h 25m  ,     1,  5441655, Hải Phòng     , TP HCM      , Phổ thông   , 14/11/2025
VN-1671    , Vietnam Airlines                       , 11:20         , 12:45       , 25h 25m ,     1,  6007810, Hải Phòng     , TP HCM      , Phổ thông   , 14/11/2025
VN-1671    , Vietnam Airlines                       , 11:20         , 13:20       , 26h 0m  ,     1,  6296360, Hải Phòng     , TP HCM      , Phổ thông   , 14/11/2025
VN-1671    , Vietnam Airlines                       , 11:20         , 07:30       , 20h 10m ,     1,  6463541, Hải Phòng     , TP HCM      , Phổ thông   , 14/11/2025
VN-1671    , Vietnam Airlines                       , 11:20         , 19:35       , 8h 15m  ,     1,  6636976, Hải Phòng     , TP HCM      , Phổ thông   , 14/11/2025
VN-1671    , Vietnam Airlines                       , 11:20         , 11:25       , 24h 5m  ,     1,  6903310, Hải Phòng     , TP HCM      , Phổ thông   , 14/11/2025
VN-1671    , Vietnam Airlines                       , 11:20         , 17:10       , 5h 50m  ,     1,  6942811, Hải Phòng     , TP HCM      , Phổ thông   , 14/11/2025
VN-1171    , Vietnam Airlines                       , 06:15         , 08:20       , 2h 5m   ,     0,  3902248, Hải Phòng     , TP HCM      , Thương gia  , 14/11/2025
VN-7185    , Vietnam Airlines                       , 23:10         , 01:20       , 2h 10m  ,     0,  3902248, Hải Phòng     , TP HCM      , Thương gia  , 14/11/2025
VN-1177    , Vietnam Airlines                       , 10:15         , 12:20       , 2h 5m   ,     0,  4964044, Hải Phòng     , TP HCM      , Thương gia  , 14/11/2025
VN-1187    , Vietnam Airlines                       , 21:10         , 23:15       , 2h 5m   ,     0,  5515892, Hải Phòng     , TP HCM      , Thương gia  , 14/11/2025
VJ-285     , VietJet Air                            , 23:25         , 01:25       , 2h 0m   ,     0,  1223225, Hải Phòng     , TP HCM      , Phổ thông   , 15/11/2025
VJ-289     , VietJet Air                            , 21:20         , 23:20       , 2h 0m   ,     0,  1575383, Hải Phòng     , TP HCM      , Phổ thông   , 15/11/2025
VJ-271     , VietJet Air                            , 08:45         , 10:45       , 2h 0m   ,     0,  1814423, Hải Phòng     , TP HCM      , Phổ thông   , 15/11/2025
VJ-273     , VietJet Air                            , 10:15         , 12:15       , 2h 0m   ,     0,  1814423, Hải Phòng     , TP HCM      , Phổ thông   , 15/11/2025
VJ-275     , VietJet Air                            , 13:20         , 15:20       , 2h 0m   ,     0,  1814423, Hải Phòng     , TP HCM      , Phổ thông   , 15/11/2025
VJ-279     , VietJet Air                            , 18:25         , 20:25       , 2h 0m   ,     0,  1814423, Hải Phòng     , TP HCM      , Phổ thông   , 15/11/2025
VN-7185    , Vietnam Airlines                       , 23:10         , 01:20       , 2h 10m  ,     0,  1815447, Hải Phòng     , TP HCM      , Phổ thông   , 15/11/2025
VN-1187    , Vietnam Airlines                       , 21:10         , 23:15       , 2h 5m   ,     0,  2769961, Hải Phòng     , TP HCM      , Phổ thông   , 15/11/2025
VN-6441    , Vietnam Airlines                       , 16:15         , 18:25       , 2h 10m  ,     0,  3064217, Hải Phòng     , TP HCM      , Phổ thông   , 15/11/2025
VN-1171    , Vietnam Airlines                       , 06:15         , 08:20       , 2h 5m   ,     0,  3186297, Hải Phòng     , TP HCM      , Phổ thông   , 15/11/2025
VN-1177    , Vietnam Airlines                       , 10:15         , 12:20       , 2h 5m   ,     0,  3240979, Hải Phòng     , TP HCM      , Phổ thông   , 15/11/2025
VJ-281     , VietJet Air                            , 20:45         , 22:45       , 2h 0m   ,     0,  3729564, Hải Phòng     , TP HCM      , Phổ thông   , 15/11/2025
VJ-283     , VietJet Air                            , 22:30         , 00:30       , 2h 0m   ,     0,  3729564, Hải Phòng     , TP HCM      , Phổ thông   , 15/11/2025
VJ-721     , "VietJet Air, Vietravel Airlines"      , 12:10         , 22:45       , 10h 35m ,     1,  1404015, Hải Phòng     , TP HCM      , Phổ thông   , 15/11/2025
VJ-721     , "VietJet Air, Bamboo Airways"          , 12:10         , 01:05       , 12h 55m ,     1,  1512669, Hải Phòng     , TP HCM      , Phổ thông   , 15/11/2025
VJ-721     , VietJet Air                            , 12:10         , 07:50       , 19h 40m ,     1,  1854774, Hải Phòng     , TP HCM      , Phổ thông   , 15/11/2025
VJ-721     , VietJet Air                            , 12:10         , 09:15       , 21h 5m  ,     1,  1854774, Hải Phòng     , TP HCM      , Phổ thông   , 15/11/2025
VN-1671    , "Vietnam Airlines, Vietravel Airlines" , 11:20         , 22:45       , 11h 25m ,     1,  1921236, Hải Phòng     , TP HCM      , Phổ thông   , 15/11/2025
VJ-721     , VietJet Air                            , 12:10         , 23:55       , 11h 45m ,     1,  2190313, Hải Phòng     , TP HCM      , Phổ thông   , 15/11/2025
VJ-721     , VietJet Air                            , 12:10         , 00:40       , 12h 30m ,     1,  2190313, Hải Phòng     , TP HCM      , Phổ thông   , 15/11/2025
VJ-721     , VietJet Air                            , 12:10         , 06:50       , 18h 40m ,     1,  2363326, Hải Phòng     , TP HCM      , Phổ thông   , 15/11/2025
VJ-721     , VietJet Air                            , 12:10         , 21:30       , 9h 20m  ,     1,  2514044, Hải Phòng     , TP HCM      , Phổ thông   , 15/11/2025
VJ-721     , VietJet Air                            , 12:10         , 07:50       , 19h 40m ,     1,  2666039, Hải Phòng     , TP HCM      , Phổ thông   , 15/11/2025
VJ-721     , VietJet Air                            , 12:10         , 09:15       , 21h 5m  ,     1,  2666039, Hải Phòng     , TP HCM      , Phổ thông   , 15/11/2025
VJ-731     , "VietJet Air, Vietnam Airlines"        , 17:35         , 22:35       , 5h 0m   ,     1,  2861187, Hải Phòng     , TP HCM      , Phổ thông   , 15/11/2025
VJ-721     , VietJet Air                            , 12:10         , 11:35       , 23h 25m ,     1,  2932534, Hải Phòng     , TP HCM      , Phổ thông   , 15/11/2025
VJ-721     , VietJet Air                            , 12:10         , 12:40       , 24h 30m ,     1,  2932534, Hải Phòng     , TP HCM      , Phổ thông   , 15/11/2025
VJ-671     , VietJet Air                            , 11:50         , 17:45       , 5h 55m  ,     1,  3501475, Hải Phòng     , TP HCM      , Phổ thông   , 15/11/2025
VJ-671     , VietJet Air                            , 11:50         , 09:05       , 21h 15m ,     1,  3501475, Hải Phòng     , TP HCM      , Phổ thông   , 15/11/2025
VJ-721     , VietJet Air                            , 12:10         , 11:10       , 23h 0m  ,     2,  3866080, Hải Phòng     , TP HCM      , Phổ thông   , 15/11/2025
VJ-721     , VietJet Air                            , 12:10         , 11:40       , 23h 30m ,     2,  3866080, Hải Phòng     , TP HCM      , Phổ thông   , 15/11/2025
VJ-721     , VietJet Air                            , 12:10         , 12:10       , 24h 0m  ,     2,  3866080, Hải Phòng     , TP HCM      , Phổ thông   , 15/11/2025
VJ-721     , VietJet Air                            , 12:10         , 13:20       , 25h 10m ,     2,  3866080, Hải Phòng     , TP HCM      , Phổ thông   , 15/11/2025
VJ-721     , VietJet Air                            , 12:10         , 13:50       , 25h 40m ,     2,  3866080, Hải Phòng     , TP HCM      , Phổ thông   , 15/11/2025
VJ-721     , VietJet Air                            , 12:10         , 15:45       , 27h 35m ,     2,  3866080, Hải Phòng     , TP HCM      , Phổ thông   , 15/11/2025
VJ-721     , VietJet Air                            , 12:10         , 16:10       , 28h 0m  ,     2,  3866080, Hải Phòng     , TP HCM      , Phổ thông   , 15/11/2025
VJ-721     , VietJet Air                            , 12:10         , 17:20       , 29h 10m ,     2,  3866080, Hải Phòng     , TP HCM      , Phổ thông   , 15/11/2025
VJ-721     , VietJet Air                            , 12:10         , 17:30       , 29h 20m ,     2,  3866080, Hải Phòng     , TP HCM      , Phổ thông   , 15/11/2025
VJ-721     , VietJet Air                            , 12:10         , 07:10       , 19h 0m  ,     2,  3986626, Hải Phòng     , TP HCM      , Phổ thông   , 15/11/2025
VJ-721     , VietJet Air                            , 12:10         , 07:10       , 19h 0m  ,     2,  3986626, Hải Phòng     , TP HCM      , Phổ thông   , 15/11/2025
VJ-721     , VietJet Air                            , 12:10         , 11:40       , 23h 30m ,     2,  4063115, Hải Phòng     , TP HCM      , Phổ thông   , 15/11/2025
VN-1671    , Vietnam Airlines                       , 11:20         , 22:20       , 11h 0m  ,     1,  4872515, Hải Phòng     , TP HCM      , Phổ thông   , 15/11/2025
VN-1671    , Vietnam Airlines                       , 11:20         , 15:15       , 3h 55m  ,     1,  5157085, Hải Phòng     , TP HCM      , Phổ thông   , 15/11/2025
VN-1671    , Vietnam Airlines                       , 11:20         , 15:30       , 4h 10m  ,     1,  5157085, Hải Phòng     , TP HCM      , Phổ thông   , 15/11/2025
VN-1671    , Vietnam Airlines                       , 11:20         , 15:45       , 4h 25m  ,     1,  5441655, Hải Phòng     , TP HCM      , Phổ thông   , 15/11/2025
VN-1671    , Vietnam Airlines                       , 11:20         , 12:45       , 25h 25m ,     1,  6007810, Hải Phòng     , TP HCM      , Phổ thông   , 15/11/2025
VN-1671    , Vietnam Airlines                       , 11:20         , 13:20       , 26h 0m  ,     1,  6296360, Hải Phòng     , TP HCM      , Phổ thông   , 15/11/2025
VN-1671    , Vietnam Airlines                       , 11:20         , 07:30       , 20h 10m ,     1,  6463541, Hải Phòng     , TP HCM      , Phổ thông   , 15/11/2025
VN-1671    , Vietnam Airlines                       , 11:20         , 19:35       , 8h 15m  ,     1,  6636976, Hải Phòng     , TP HCM      , Phổ thông   , 15/11/2025
VN-1671    , Vietnam Airlines                       , 11:20         , 11:25       , 24h 5m  ,     1,  6903310, Hải Phòng     , TP HCM      , Phổ thông   , 15/11/2025
VN-1671    , Vietnam Airlines                       , 11:20         , 17:10       , 5h 50m  ,     1,  6942811, Hải Phòng     , TP HCM      , Phổ thông   , 15/11/2025
VN-1171    , Vietnam Airlines                       , 06:15         , 08:20       , 2h 5m   ,     0,  3902248, Hải Phòng     , TP HCM      , Thương gia  , 15/11/2025
VN-7185    , Vietnam Airlines                       , 23:10         , 01:20       , 2h 10m  ,     0,  3902248, Hải Phòng     , TP HCM      , Thương gia  , 15/11/2025
VN-1177    , Vietnam Airlines                       , 10:15         , 12:20       , 2h 5m   ,     0,  4964044, Hải Phòng     , TP HCM      , Thương gia  , 15/11/2025
VN-1187    , Vietnam Airlines                       , 21:10         , 23:15       , 2h 5m   ,     0,  5515892, Hải Phòng     , TP HCM      , Thương gia  , 15/11/2025
VJ-285     , VietJet Air                            , 23:25         , 01:25       , 2h 0m   ,     0,  1223225, Hải Phòng     , TP HCM      , Phổ thông   , 16/11/2025
VJ-289     , VietJet Air                            , 21:20         , 23:20       , 2h 0m   ,     0,  1575383, Hải Phòng     , TP HCM      , Phổ thông   , 16/11/2025
VJ-271     , VietJet Air                            , 08:45         , 10:45       , 2h 0m   ,     0,  1814423, Hải Phòng     , TP HCM      , Phổ thông   , 16/11/2025
VJ-273     , VietJet Air                            , 10:15         , 12:15       , 2h 0m   ,     0,  1814423, Hải Phòng     , TP HCM      , Phổ thông   , 16/11/2025
VJ-275     , VietJet Air                            , 13:20         , 15:20       , 2h 0m   ,     0,  1814423, Hải Phòng     , TP HCM      , Phổ thông   , 16/11/2025
VJ-279     , VietJet Air                            , 18:25         , 20:25       , 2h 0m   ,     0,  1814423, Hải Phòng     , TP HCM      , Phổ thông   , 16/11/2025
VN-7185    , Vietnam Airlines                       , 23:10         , 01:20       , 2h 10m  ,     0,  1815447, Hải Phòng     , TP HCM      , Phổ thông   , 16/11/2025
VN-1187    , Vietnam Airlines                       , 21:10         , 23:15       , 2h 5m   ,     0,  2769961, Hải Phòng     , TP HCM      , Phổ thông   , 16/11/2025
VN-6441    , Vietnam Airlines                       , 16:15         , 18:25       , 2h 10m  ,     0,  3064217, Hải Phòng     , TP HCM      , Phổ thông   , 16/11/2025
VN-1171    , Vietnam Airlines                       , 06:15         , 08:20       , 2h 5m   ,     0,  3186297, Hải Phòng     , TP HCM      , Phổ thông   , 16/11/2025
VN-1177    , Vietnam Airlines                       , 10:15         , 12:20       , 2h 5m   ,     0,  3240979, Hải Phòng     , TP HCM      , Phổ thông   , 16/11/2025
VJ-281     , VietJet Air                            , 20:45         , 22:45       , 2h 0m   ,     0,  3729564, Hải Phòng     , TP HCM      , Phổ thông   , 16/11/2025
VJ-283     , VietJet Air                            , 22:30         , 00:30       , 2h 0m   ,     0,  3729564, Hải Phòng     , TP HCM      , Phổ thông   , 16/11/2025
VJ-721     , "VietJet Air, Vietravel Airlines"      , 12:10         , 22:45       , 10h 35m ,     1,  1404015, Hải Phòng     , TP HCM      , Phổ thông   , 16/11/2025
VJ-721     , "VietJet Air, Bamboo Airways"          , 12:10         , 01:05       , 12h 55m ,     1,  1512669, Hải Phòng     , TP HCM      , Phổ thông   , 16/11/2025
VN-1671    , "Vietnam Airlines, VietJet Air"        , 11:20         , 00:00       , 12h 40m ,     1,  1896065, Hải Phòng     , TP HCM      , Phổ thông   , 16/11/2025
VN-1671    , "Vietnam Airlines, VietJet Air"        , 11:20         , 00:40       , 13h 20m ,     1,  1896065, Hải Phòng     , TP HCM      , Phổ thông   , 16/11/2025
VN-1671    , "Vietnam Airlines, Vietravel Airlines" , 11:20         , 22:45       , 11h 25m ,     1,  1921236, Hải Phòng     , TP HCM      , Phổ thông   , 16/11/2025
VJ-721     , VietJet Air                            , 12:10         , 23:55       , 11h 45m ,     1,  2190313, Hải Phòng     , TP HCM      , Phổ thông   , 16/11/2025
VJ-721     , VietJet Air                            , 12:10         , 00:40       , 12h 30m ,     1,  2190313, Hải Phòng     , TP HCM      , Phổ thông   , 16/11/2025
VJ-721     , VietJet Air                            , 12:10         , 06:50       , 18h 40m ,     1,  2363326, Hải Phòng     , TP HCM      , Phổ thông   , 16/11/2025
VJ-721     , VietJet Air                            , 12:10         , 21:30       , 9h 20m  ,     1,  2514044, Hải Phòng     , TP HCM      , Phổ thông   , 16/11/2025
VJ-721     , VietJet Air                            , 12:10         , 07:50       , 19h 40m ,     1,  2666039, Hải Phòng     , TP HCM      , Phổ thông   , 16/11/2025
VJ-721     , VietJet Air                            , 12:10         , 09:15       , 21h 5m  ,     1,  2666039, Hải Phòng     , TP HCM      , Phổ thông   , 16/11/2025
VJ-731     , "VietJet Air, Vietnam Airlines"        , 17:35         , 22:35       , 5h 0m   ,     1,  2861187, Hải Phòng     , TP HCM      , Phổ thông   , 16/11/2025
VJ-721     , VietJet Air                            , 12:10         , 11:35       , 23h 25m ,     1,  2932534, Hải Phòng     , TP HCM      , Phổ thông   , 16/11/2025
VJ-721     , VietJet Air                            , 12:10         , 12:40       , 24h 30m ,     1,  2932534, Hải Phòng     , TP HCM      , Phổ thông   , 16/11/2025
VJ-671     , VietJet Air                            , 11:50         , 17:45       , 5h 55m  ,     1,  3501475, Hải Phòng     , TP HCM      , Phổ thông   , 16/11/2025
VJ-671     , VietJet Air                            , 11:50         , 09:05       , 21h 15m ,     1,  3501475, Hải Phòng     , TP HCM      , Phổ thông   , 16/11/2025
VJ-721     , VietJet Air                            , 12:10         , 11:10       , 23h 0m  ,     2,  3866080, Hải Phòng     , TP HCM      , Phổ thông   , 16/11/2025
VJ-721     , VietJet Air                            , 12:10         , 11:40       , 23h 30m ,     2,  3866080, Hải Phòng     , TP HCM      , Phổ thông   , 16/11/2025
VJ-721     , VietJet Air                            , 12:10         , 12:10       , 24h 0m  ,     2,  3866080, Hải Phòng     , TP HCM      , Phổ thông   , 16/11/2025
VJ-721     , VietJet Air                            , 12:10         , 13:20       , 25h 10m ,     2,  3866080, Hải Phòng     , TP HCM      , Phổ thông   , 16/11/2025
VJ-721     , VietJet Air                            , 12:10         , 13:50       , 25h 40m ,     2,  3866080, Hải Phòng     , TP HCM      , Phổ thông   , 16/11/2025
VJ-721     , VietJet Air                            , 12:10         , 15:45       , 27h 35m ,     2,  3866080, Hải Phòng     , TP HCM      , Phổ thông   , 16/11/2025
VJ-721     , VietJet Air                            , 12:10         , 16:10       , 28h 0m  ,     2,  3866080, Hải Phòng     , TP HCM      , Phổ thông   , 16/11/2025
VJ-721     , VietJet Air                            , 12:10         , 17:20       , 29h 10m ,     2,  3866080, Hải Phòng     , TP HCM      , Phổ thông   , 16/11/2025
VJ-721     , VietJet Air                            , 12:10         , 17:30       , 29h 20m ,     2,  3866080, Hải Phòng     , TP HCM      , Phổ thông   , 16/11/2025
VJ-721     , VietJet Air                            , 12:10         , 07:10       , 19h 0m  ,     2,  3986626, Hải Phòng     , TP HCM      , Phổ thông   , 16/11/2025
VJ-721     , VietJet Air                            , 12:10         , 07:10       , 19h 0m  ,     2,  3986626, Hải Phòng     , TP HCM      , Phổ thông   , 16/11/2025
VJ-721     , VietJet Air                            , 12:10         , 11:40       , 23h 30m ,     2,  4063115, Hải Phòng     , TP HCM      , Phổ thông   , 16/11/2025
VN-1671    , Vietnam Airlines                       , 11:20         , 22:20       , 11h 0m  ,     1,  4872515, Hải Phòng     , TP HCM      , Phổ thông   , 16/11/2025
VN-1671    , Vietnam Airlines                       , 11:20         , 15:15       , 3h 55m  ,     1,  5157085, Hải Phòng     , TP HCM      , Phổ thông   , 16/11/2025
VN-1671    , Vietnam Airlines                       , 11:20         , 15:30       , 4h 10m  ,     1,  5157085, Hải Phòng     , TP HCM      , Phổ thông   , 16/11/2025
VN-1671    , Vietnam Airlines                       , 11:20         , 15:45       , 4h 25m  ,     1,  5441655, Hải Phòng     , TP HCM      , Phổ thông   , 16/11/2025
VN-1671    , Vietnam Airlines                       , 11:20         , 12:45       , 25h 25m ,     1,  6007810, Hải Phòng     , TP HCM      , Phổ thông   , 16/11/2025
VN-1671    , Vietnam Airlines                       , 11:20         , 13:20       , 26h 0m  ,     1,  6296360, Hải Phòng     , TP HCM      , Phổ thông   , 16/11/2025
VN-1671    , Vietnam Airlines                       , 11:20         , 07:30       , 20h 10m ,     1,  6463541, Hải Phòng     , TP HCM      , Phổ thông   , 16/11/2025
VN-1671    , Vietnam Airlines                       , 11:20         , 19:35       , 8h 15m  ,     1,  6636976, Hải Phòng     , TP HCM      , Phổ thông   , 16/11/2025
VN-1671    , Vietnam Airlines                       , 11:20         , 11:25       , 24h 5m  ,     1,  6903310, Hải Phòng     , TP HCM      , Phổ thông   , 16/11/2025
VN-1671    , Vietnam Airlines                       , 11:20         , 17:10       , 5h 50m  ,     1,  6942811, Hải Phòng     , TP HCM      , Phổ thông   , 16/11/2025
VN-1171    , Vietnam Airlines                       , 06:15         , 08:20       , 2h 5m   ,     0,  3902248, Hải Phòng     , TP HCM      , Thương gia  , 16/11/2025
VN-7185    , Vietnam Airlines                       , 23:10         , 01:20       , 2h 10m  ,     0,  3902248, Hải Phòng     , TP HCM      , Thương gia  , 16/11/2025
VN-1177    , Vietnam Airlines                       , 10:15         , 12:20       , 2h 5m   ,     0,  4964044, Hải Phòng     , TP HCM      , Thương gia  , 16/11/2025
VN-1187    , Vietnam Airlines                       , 21:10         , 23:15       , 2h 5m   ,     0,  5515892, Hải Phòng     , TP HCM      , Thương gia  , 16/11/2025
VJ-489     , VietJet Air                            , 16:10         , 18:15       , 2h 5m   ,     0,  2762120, Hải Phòng     , Cần Thơ     , Phổ thông   , 13/11/2025
VJ-489     , VietJet Air                            , 16:10         , 18:15       , 2h 5m   ,     0,  2762120, Hải Phòng     , Cần Thơ     , Phổ thông   , 14/11/2025
VJ-489     , VietJet Air                            , 16:10         , 18:15       , 2h 5m   ,     0,  3942089, Hải Phòng     , Cần Thơ     , Phổ thông   , 14/11/2025
VJ-489     , VietJet Air                            , 16:10         , 18:15       , 2h 5m   ,     0,  2762120, Hải Phòng     , Cần Thơ     , Phổ thông   , 15/11/2025
VJ-489     , VietJet Air                            , 16:10         , 18:15       , 2h 5m   ,     0,  3942089, Hải Phòng     , Cần Thơ     , Phổ thông   , 15/11/2025
VJ-489     , VietJet Air                            , 16:10         , 18:15       , 2h 5m   ,     0,  2762120, Hải Phòng     , Cần Thơ     , Phổ thông   , 16/11/2025
VJ-489     , VietJet Air                            , 16:10         , 18:15       , 2h 5m   ,     0,  3942089, Hải Phòng     , Cần Thơ     , Phổ thông   , 16/11/2025
VU-658     , Vietravel Airlines                     , 18:55         , 20:15       , 1h 20m  ,     0,   882565, Đà Nẵng       , Hà Nội      , Phổ thông   , 13/11/2025
VJ-522     , VietJet Air                            , 22:40         , 00:00       , 1h 20m  ,     0,   704460, Đà Nẵng       , Hà Nội      , Phổ thông   , 13/11/2025
VJ-520     , VietJet Air                            , 21:35         , 22:55       , 1h 20m  ,     0,   737569, Đà Nẵng       , Hà Nội      , Phổ thông   , 13/11/2025
VJ-518     , VietJet Air                            , 20:55         , 22:15       , 1h 20m  ,     0,   923972, Đà Nẵng       , Hà Nội      , Phổ thông   , 13/11/2025
VJ-516     , VietJet Air                            , 18:15         , 19:35       , 1h 20m  ,     0,  1146020, Đà Nẵng       , Hà Nội      , Phổ thông   , 13/11/2025
VJ-504     , VietJet Air                            , 07:40         , 09:00       , 1h 20m  ,     0,  1242200, Đà Nẵng       , Hà Nội      , Phổ thông   , 13/11/2025
VJ-514     , VietJet Air                            , 15:25         , 16:45       , 1h 20m  ,     0,  1242200, Đà Nẵng       , Hà Nội      , Phổ thông   , 13/11/2025
VU-638     , Vietravel Airlines                     , 08:30         , 09:50       , 1h 20m  ,     0,  1329320, Đà Nẵng       , Hà Nội      , Phổ thông   , 13/11/2025
VN-6070    , Vietnam Airlines                       , 20:20         , 21:45       , 1h 25m  ,     0,  1462027, Đà Nẵng       , Hà Nội      , Phổ thông   , 13/11/2025
QH-104     , Bamboo Airways                         , 09:30         , 10:55       , 1h 25m  ,     0,  1619562, Đà Nẵng       , Hà Nội      , Phổ thông   , 13/11/2025
VN-156     , Vietnam Airlines                       , 06:35         , 08:00       , 1h 25m  ,     0,  1954091, Đà Nẵng       , Hà Nội      , Phổ thông   , 13/11/2025
VN-174     , Vietnam Airlines                       , 18:00         , 19:25       , 1h 25m  ,     0,  2117560, Đà Nẵng       , Hà Nội      , Phổ thông   , 13/11/2025
VN-180     , Vietnam Airlines                       , 18:05         , 19:30       , 1h 25m  ,     0,  2117560, Đà Nẵng       , Hà Nội      , Phổ thông   , 13/11/2025
VN-188     , Vietnam Airlines                       , 19:00         , 20:25       , 1h 25m  ,     0,  2117560, Đà Nẵng       , Hà Nội      , Phổ thông   , 13/11/2025
VN-7192    , Vietnam Airlines                       , 22:55         , 00:20       , 1h 25m  ,     0,  2270781, Đà Nẵng       , Hà Nội      , Phổ thông   , 13/11/2025
VN-166     , Vietnam Airlines                       , 12:10         , 13:35       , 1h 25m  ,     0,  2452565, Đà Nẵng       , Hà Nội      , Phổ thông   , 13/11/2025
VN-168     , Vietnam Airlines                       , 13:50         , 15:20       , 1h 30m  ,     0,  2452565, Đà Nẵng       , Hà Nội      , Phổ thông   , 13/11/2025
VJ-512     , VietJet Air                            , 16:10         , 17:30       , 1h 20m  ,     0,  2464101, Đà Nẵng       , Hà Nội      , Phổ thông   , 13/11/2025
VN-172     , Vietnam Airlines                       , 15:35         , 17:00       , 1h 25m  ,     0,  2531146, Đà Nẵng       , Hà Nội      , Phổ thông   , 13/11/2025
VN-158     , Vietnam Airlines                       , 07:55         , 09:20       , 1h 25m  ,     0,  2583879, Đà Nẵng       , Hà Nội      , Phổ thông   , 13/11/2025
VN-164     , Vietnam Airlines                       , 09:40         , 11:05       , 1h 25m  ,     0,  2583879, Đà Nẵng       , Hà Nội      , Phổ thông   , 13/11/2025
VN-6080    , Vietnam Airlines                       , 10:15         , 11:45       , 1h 30m  ,     0,  2583879, Đà Nẵng       , Hà Nội      , Phổ thông   , 13/11/2025
VN-170     , Vietnam Airlines                       , 14:55         , 16:20       , 1h 25m  ,     0,  4074070, Đà Nẵng       , Hà Nội      , Phổ thông   , 13/11/2025
VJ-621     , VietJet Air                            , 06:25         , 11:10       , 28h 45m ,     1,  2877155, Đà Nẵng       , Hà Nội      , Phổ thông   , 13/11/2025
VJ-623     , VietJet Air                            , 05:25         , 10:40       , 29h 15m ,     1,  2877155, Đà Nẵng       , Hà Nội      , Phổ thông   , 13/11/2025
VJ-623     , VietJet Air                            , 05:25         , 14:50       , 33h 25m ,     1,  2877155, Đà Nẵng       , Hà Nội      , Phổ thông   , 13/11/2025
VJ-643     , VietJet Air                            , 23:15         , 08:25       , 9h 10m  ,     1,  3048952, Đà Nẵng       , Hà Nội      , Phổ thông   , 13/11/2025
VJ-643     , VietJet Air                            , 23:15         , 09:00       , 9h 45m  ,     1,  3048952, Đà Nẵng       , Hà Nội      , Phổ thông   , 13/11/2025
VJ-643     , VietJet Air                            , 23:15         , 11:10       , 11h 55m ,     1,  3048952, Đà Nẵng       , Hà Nội      , Phổ thông   , 13/11/2025
VJ-643     , VietJet Air                            , 23:15         , 12:10       , 12h 55m ,     1,  3048952, Đà Nẵng       , Hà Nội      , Phổ thông   , 13/11/2025
VJ-643     , VietJet Air                            , 23:15         , 07:30       , 8h 15m  ,     1,  3091834, Đà Nẵng       , Hà Nội      , Phổ thông   , 13/11/2025
VJ-631     , VietJet Air                            , 15:00         , 21:00       , 30h 0m  ,     1,  3160766, Đà Nẵng       , Hà Nội      , Phổ thông   , 13/11/2025
VJ-643     , VietJet Air                            , 23:15         , 10:40       , 11h 25m ,     1,  3169214, Đà Nẵng       , Hà Nội      , Phổ thông   , 13/11/2025
VJ-643     , VietJet Air                            , 23:15         , 21:00       , 21h 45m ,     1,  3212724, Đà Nẵng       , Hà Nội      , Phổ thông   , 13/11/2025
VJ-643     , VietJet Air                            , 23:15         , 21:10       , 21h 55m ,     1,  3212724, Đà Nẵng       , Hà Nội      , Phổ thông   , 13/11/2025
VJ-643     , VietJet Air                            , 23:15         , 21:15       , 22h 0m  ,     1,  3212724, Đà Nẵng       , Hà Nội      , Phổ thông   , 13/11/2025
VJ-647     , VietJet Air                            , 22:35         , 21:00       , 22h 25m ,     1,  3212724, Đà Nẵng       , Hà Nội      , Phổ thông   , 13/11/2025
VJ-647     , VietJet Air                            , 22:35         , 21:10       , 22h 35m ,     1,  3212724, Đà Nẵng       , Hà Nội      , Phổ thông   , 13/11/2025
VJ-647     , VietJet Air                            , 22:35         , 21:15       , 22h 40m ,     1,  3212724, Đà Nẵng       , Hà Nội      , Phổ thông   , 13/11/2025
VJ-647     , VietJet Air                            , 22:30         , 07:30       , 9h 0m   ,     1,  3253261, Đà Nẵng       , Hà Nội      , Phổ thông   , 13/11/2025
VJ-647     , VietJet Air                            , 22:30         , 08:25       , 9h 55m  ,     1,  3253261, Đà Nẵng       , Hà Nội      , Phổ thông   , 13/11/2025
VJ-647     , VietJet Air                            , 22:30         , 09:00       , 10h 30m ,     1,  3253261, Đà Nẵng       , Hà Nội      , Phổ thông   , 13/11/2025
VJ-647     , VietJet Air                            , 22:35         , 10:40       , 12h 5m  ,     1,  3358930, Đà Nẵng       , Hà Nội      , Phổ thông   , 13/11/2025
VJ-643     , VietJet Air                            , 23:15         , 14:40       , 15h 25m ,     1,  3358930, Đà Nẵng       , Hà Nội      , Phổ thông   , 13/11/2025
VJ-643     , VietJet Air                            , 23:15         , 15:10       , 15h 55m ,     1,  3358930, Đà Nẵng       , Hà Nội      , Phổ thông   , 13/11/2025
VJ-647     , VietJet Air                            , 22:35         , 14:40       , 16h 5m  ,     1,  3358930, Đà Nẵng       , Hà Nội      , Phổ thông   , 13/11/2025
VJ-647     , VietJet Air                            , 22:35         , 15:10       , 16h 35m ,     1,  3358930, Đà Nẵng       , Hà Nội      , Phổ thông   , 13/11/2025
VJ-729     , VietJet Air                            , 17:00         , 10:10       , 17h 10m ,     1,  3417305, Đà Nẵng       , Hà Nội      , Phổ thông   , 13/11/2025
VJ-621     , VietJet Air                            , 06:25         , 23:55       , 17h 30m ,     1,  3438922, Đà Nẵng       , Hà Nội      , Phổ thông   , 13/11/2025
VJ-623     , VietJet Air                            , 05:25         , 23:55       , 18h 30m ,     1,  3438922, Đà Nẵng       , Hà Nội      , Phổ thông   , 13/11/2025
VJ-621     , VietJet Air                            , 06:25         , 00:55       , 18h 30m ,     1,  3438922, Đà Nẵng       , Hà Nội      , Phổ thông   , 13/11/2025
VN-109     , Vietnam Airlines                       , 08:55         , 01:05       , 16h 10m ,     1,  3841577, Đà Nẵng       , Hà Nội      , Phổ thông   , 13/11/2025
VN-127     , Vietnam Airlines                       , 12:55         , 01:05       , 12h 10m ,     1,  3915091, Đà Nẵng       , Hà Nội      , Phổ thông   , 13/11/2025
VN-7135    , Vietnam Airlines                       , 13:55         , 01:05       , 11h 10m ,     1,  3974188, Đà Nẵng       , Hà Nội      , Phổ thông   , 13/11/2025
VN-107     , Vietnam Airlines                       , 08:00         , 01:05       , 17h 5m  ,     1,  4186819, Đà Nẵng       , Hà Nội      , Phổ thông   , 13/11/2025
VN-123     , Vietnam Airlines                       , 12:00         , 01:05       , 13h 5m  ,     1,  4276364, Đà Nẵng       , Hà Nội      , Phổ thông   , 13/11/2025
VN-119     , Vietnam Airlines                       , 11:00         , 01:05       , 14h 5m  ,     1,  4321684, Đà Nẵng       , Hà Nội      , Phổ thông   , 13/11/2025
VN-135     , Vietnam Airlines                       , 17:10         , 01:05       , 7h 55m  ,     1,  4457229, Đà Nẵng       , Hà Nội      , Phổ thông   , 13/11/2025
VN-127     , Vietnam Airlines                       , 12:55         , 00:05       , 35h 10m ,     1,  4546459, Đà Nẵng       , Hà Nội      , Phổ thông   , 13/11/2025
VN-7135    , Vietnam Airlines                       , 13:55         , 00:05       , 34h 10m ,     1,  4605556, Đà Nẵng       , Hà Nội      , Phổ thông   , 13/11/2025
VJ-641     , VietJet Air                            , 19:30         , 01:30       , 6h 0m   ,     1,  4795573, Đà Nẵng       , Hà Nội      , Phổ thông   , 13/11/2025
VJ-627     , VietJet Air                            , 11:15         , 16:50       , 5h 35m  ,     1,  4820977, Đà Nẵng       , Hà Nội      , Phổ thông   , 13/11/2025
VN-135     , Vietnam Airlines                       , 17:10         , 00:05       , 30h 55m ,     1,  5088597, Đà Nẵng       , Hà Nội      , Phổ thông   , 13/11/2025
VN-137     , Vietnam Airlines                       , 19:05         , 00:05       , 5h 0m   ,     1,  5108776, Đà Nẵng       , Hà Nội      , Phổ thông   , 13/11/2025
VN-1955    , Vietnam Airlines                       , 05:45         , 11:20       , 5h 35m  ,     1,  5396209, Đà Nẵng       , Hà Nội      , Phổ thông   , 13/11/2025
VN-129     , Vietnam Airlines                       , 14:00         , 18:45       , 4h 45m  ,     1,  5774900, Đà Nẵng       , Hà Nội      , Phổ thông   , 13/11/2025
VN-127     , Vietnam Airlines                       , 12:55         , 17:35       , 4h 40m  ,     1,  5913153, Đà Nẵng       , Hà Nội      , Phổ thông   , 13/11/2025
VN-7135    , Vietnam Airlines                       , 13:55         , 18:45       , 4h 50m  ,     1,  5913153, Đà Nẵng       , Hà Nội      , Phổ thông   , 13/11/2025
VN-7127    , Vietnam Airlines                       , 14:15         , 19:05       , 4h 50m  ,     1,  5913153, Đà Nẵng       , Hà Nội      , Phổ thông   , 13/11/2025
VN-143     , Vietnam Airlines                       , 20:50         , 23:30       , 26h 40m ,     1,  6314750, Đà Nẵng       , Hà Nội      , Phổ thông   , 13/11/2025
VN-1941    , Vietnam Airlines                       , 17:30         , 19:30       , 26h 0m  ,     1,  6507699, Đà Nẵng       , Hà Nội      , Phổ thông   , 13/11/2025
VN-129     , Vietnam Airlines                       , 14:00         , 21:25       , 7h 25m  ,     1,  6612576, Đà Nẵng       , Hà Nội      , Phổ thông   , 13/11/2025
VN-109     , Vietnam Airlines                       , 08:55         , 21:25       , 12h 30m ,     1,  6612576, Đà Nẵng       , Hà Nội      , Phổ thông   , 13/11/2025
VN-143     , Vietnam Airlines                       , 20:50         , 22:35       , 25h 45m ,     1,  6612576, Đà Nẵng       , Hà Nội      , Phổ thông   , 13/11/2025
VN-143     , Vietnam Airlines                       , 20:50         , 23:05       , 26h 15m ,     1,  6612576, Đà Nẵng       , Hà Nội      , Phổ thông   , 13/11/2025
VN-1941    , Vietnam Airlines                       , 17:30         , 12:00       , 18h 30m ,     1,  6808808, Đà Nẵng       , Hà Nội      , Phổ thông   , 13/11/2025
VN-1941    , Vietnam Airlines                       , 17:30         , 14:30       , 21h 0m  ,     1,  6808808, Đà Nẵng       , Hà Nội      , Phổ thông   , 13/11/2025
VN-1941    , Vietnam Airlines                       , 17:30         , 18:15       , 24h 45m ,     1,  6808808, Đà Nẵng       , Hà Nội      , Phổ thông   , 13/11/2025
VN-7127    , Vietnam Airlines                       , 14:15         , 21:25       , 7h 10m  ,     1,  6906577, Đà Nẵng       , Hà Nội      , Phổ thông   , 13/11/2025
VN-7135    , Vietnam Airlines                       , 13:55         , 21:25       , 7h 30m  ,     1,  6906577, Đà Nẵng       , Hà Nội      , Phổ thông   , 13/11/2025
VN-127     , Vietnam Airlines                       , 12:55         , 21:25       , 8h 30m  ,     1,  6906577, Đà Nẵng       , Hà Nội      , Phổ thông   , 13/11/2025
VN-129     , Vietnam Airlines                       , 14:00         , 23:15       , 9h 15m  ,     1,  6906577, Đà Nẵng       , Hà Nội      , Phổ thông   , 13/11/2025
VN-129     , Vietnam Airlines                       , 14:00         , 00:30       , 10h 30m ,     1,  6906577, Đà Nẵng       , Hà Nội      , Phổ thông   , 13/11/2025
VN-129     , Vietnam Airlines                       , 14:00         , 01:05       , 11h 5m  ,     1,  6906577, Đà Nẵng       , Hà Nội      , Phổ thông   , 13/11/2025
VN-109     , Vietnam Airlines                       , 08:55         , 23:15       , 14h 20m ,     1,  6906577, Đà Nẵng       , Hà Nội      , Phổ thông   , 13/11/2025
VN-109     , Vietnam Airlines                       , 08:55         , 00:30       , 15h 35m ,     1,  6906577, Đà Nẵng       , Hà Nội      , Phổ thông   , 13/11/2025
VN-7127    , Vietnam Airlines                       , 14:15         , 23:15       , 9h 0m   ,     1,  7200033, Đà Nẵng       , Hà Nội      , Phổ thông   , 13/11/2025
VN-7135    , Vietnam Airlines                       , 13:55         , 23:15       , 9h 20m  ,     1,  7200033, Đà Nẵng       , Hà Nội      , Phổ thông   , 13/11/2025
VN-7127    , Vietnam Airlines                       , 14:15         , 00:30       , 10h 15m ,     1,  7200033, Đà Nẵng       , Hà Nội      , Phổ thông   , 13/11/2025
VN-127     , Vietnam Airlines                       , 12:55         , 23:15       , 10h 20m ,     1,  7200033, Đà Nẵng       , Hà Nội      , Phổ thông   , 13/11/2025
VN-7135    , Vietnam Airlines                       , 13:55         , 00:30       , 10h 35m ,     1,  7200033, Đà Nẵng       , Hà Nội      , Phổ thông   , 13/11/2025
VN-7127    , Vietnam Airlines                       , 14:15         , 01:05       , 10h 50m ,     1,  7200033, Đà Nẵng       , Hà Nội      , Phổ thông   , 13/11/2025
VN-127     , Vietnam Airlines                       , 12:55         , 00:30       , 11h 35m ,     1,  7248993, Đà Nẵng       , Hà Nội      , Phổ thông   , 13/11/2025
VN-1911    , Vietnam Airlines                       , 13:20         , 11:15       , 21h 55m ,     1,  7990560, Đà Nẵng       , Hà Nội      , Phổ thông   , 13/11/2025
VN-129     , Vietnam Airlines                       , 14:00         , 19:05       , 5h 5m   ,     1, 10385037, Đà Nẵng       , Hà Nội      , Phổ thông   , 13/11/2025
VN-137     , Vietnam Airlines                       , 18:05         , 23:05       , 5h 0m   ,     1, 11218376, Đà Nẵng       , Hà Nội      , Phổ thông   , 13/11/2025
VN-123     , Vietnam Airlines                       , 12:00         , 17:05       , 5h 5m   ,     1, 12128219, Đà Nẵng       , Hà Nội      , Phổ thông   , 13/11/2025
VN-119     , Vietnam Airlines                       , 11:00         , 16:05       , 5h 5m   ,     1, 13035328, Đà Nẵng       , Hà Nội      , Phổ thông   , 13/11/2025
VN-109     , Vietnam Airlines                       , 08:55         , 14:05       , 5h 10m  ,     1, 15147364, Đà Nẵng       , Hà Nội      , Phổ thông   , 13/11/2025
VN-107     , Vietnam Airlines                       , 08:00         , 13:05       , 5h 5m   ,     1, 23846596, Đà Nẵng       , Hà Nội      , Phổ thông   , 13/11/2025
VN-6070    , Vietnam Airlines                       , 20:20         , 21:45       , 1h 25m  ,     0,  2633048, Đà Nẵng       , Hà Nội      , Thương gia  , 13/11/2025
VN-156     , Vietnam Airlines                       , 06:35         , 08:00       , 1h 25m  ,     0,  2633048, Đà Nẵng       , Hà Nội      , Thương gia  , 13/11/2025
VN-6080    , Vietnam Airlines                       , 10:15         , 11:45       , 1h 30m  ,     0,  3177752, Đà Nẵng       , Hà Nội      , Thương gia  , 13/11/2025
VN-158     , Vietnam Airlines                       , 07:55         , 09:20       , 1h 25m  ,     0,  3184906, Đà Nẵng       , Hà Nội      , Thương gia  , 13/11/2025
QH-104     , Bamboo Airways                         , 09:30         , 10:55       , 1h 25m  ,     0,  4261950, Đà Nẵng       , Hà Nội      , Thương gia  , 13/11/2025
VN-166     , Vietnam Airlines                       , 12:10         , 13:35       , 1h 25m  ,     0,  4412279, Đà Nẵng       , Hà Nội      , Thương gia  , 13/11/2025
VN-164     , Vietnam Airlines                       , 09:40         , 11:05       , 1h 25m  ,     0,  4853766, Đà Nẵng       , Hà Nội      , Thương gia  , 13/11/2025
VN-172     , Vietnam Airlines                       , 15:35         , 17:00       , 1h 25m  ,     0,  4853766, Đà Nẵng       , Hà Nội      , Thương gia  , 13/11/2025
VN-174     , Vietnam Airlines                       , 18:00         , 19:25       , 1h 25m  ,     0,  4853766, Đà Nẵng       , Hà Nội      , Thương gia  , 13/11/2025
VN-168     , Vietnam Airlines                       , 13:50         , 15:20       , 1h 30m  ,     0,  4853766, Đà Nẵng       , Hà Nội      , Thương gia  , 13/11/2025
VU-658     , Vietravel Airlines                     , 18:55         , 20:15       , 1h 20m  ,     0,   882565, Đà Nẵng       , Hà Nội      , Phổ thông   , 14/11/2025
VJ-522     , VietJet Air                            , 22:40         , 00:00       , 1h 20m  ,     0,   704460, Đà Nẵng       , Hà Nội      , Phổ thông   , 14/11/2025
VJ-520     , VietJet Air                            , 21:35         , 22:55       , 1h 20m  ,     0,   737569, Đà Nẵng       , Hà Nội      , Phổ thông   , 14/11/2025
VJ-518     , VietJet Air                            , 20:55         , 22:15       , 1h 20m  ,     0,   923972, Đà Nẵng       , Hà Nội      , Phổ thông   , 14/11/2025
VJ-516     , VietJet Air                            , 18:15         , 19:35       , 1h 20m  ,     0,  1146020, Đà Nẵng       , Hà Nội      , Phổ thông   , 14/11/2025
VJ-504     , VietJet Air                            , 07:40         , 09:00       , 1h 20m  ,     0,  1242200, Đà Nẵng       , Hà Nội      , Phổ thông   , 14/11/2025
VJ-514     , VietJet Air                            , 15:25         , 16:45       , 1h 20m  ,     0,  1242200, Đà Nẵng       , Hà Nội      , Phổ thông   , 14/11/2025
VU-638     , Vietravel Airlines                     , 08:30         , 09:50       , 1h 20m  ,     0,  1329320, Đà Nẵng       , Hà Nội      , Phổ thông   , 14/11/2025
VN-6070    , Vietnam Airlines                       , 20:20         , 21:45       , 1h 25m  ,     0,  1462027, Đà Nẵng       , Hà Nội      , Phổ thông   , 14/11/2025
QH-104     , Bamboo Airways                         , 09:30         , 10:55       , 1h 25m  ,     0,  1619562, Đà Nẵng       , Hà Nội      , Phổ thông   , 14/11/2025
VN-156     , Vietnam Airlines                       , 06:35         , 08:00       , 1h 25m  ,     0,  1954091, Đà Nẵng       , Hà Nội      , Phổ thông   , 14/11/2025
VN-174     , Vietnam Airlines                       , 18:00         , 19:25       , 1h 25m  ,     0,  2117560, Đà Nẵng       , Hà Nội      , Phổ thông   , 14/11/2025
VN-180     , Vietnam Airlines                       , 18:05         , 19:30       , 1h 25m  ,     0,  2117560, Đà Nẵng       , Hà Nội      , Phổ thông   , 14/11/2025
VN-188     , Vietnam Airlines                       , 19:00         , 20:25       , 1h 25m  ,     0,  2117560, Đà Nẵng       , Hà Nội      , Phổ thông   , 14/11/2025
VN-7192    , Vietnam Airlines                       , 22:55         , 00:20       , 1h 25m  ,     0,  2270781, Đà Nẵng       , Hà Nội      , Phổ thông   , 14/11/2025
VN-166     , Vietnam Airlines                       , 12:10         , 13:35       , 1h 25m  ,     0,  2452565, Đà Nẵng       , Hà Nội      , Phổ thông   , 14/11/2025
VN-168     , Vietnam Airlines                       , 13:50         , 15:20       , 1h 30m  ,     0,  2452565, Đà Nẵng       , Hà Nội      , Phổ thông   , 14/11/2025
VJ-512     , VietJet Air                            , 16:10         , 17:30       , 1h 20m  ,     0,  2464101, Đà Nẵng       , Hà Nội      , Phổ thông   , 14/11/2025
VN-172     , Vietnam Airlines                       , 15:35         , 17:00       , 1h 25m  ,     0,  2531146, Đà Nẵng       , Hà Nội      , Phổ thông   , 14/11/2025
VN-158     , Vietnam Airlines                       , 07:55         , 09:20       , 1h 25m  ,     0,  2583879, Đà Nẵng       , Hà Nội      , Phổ thông   , 14/11/2025
VN-164     , Vietnam Airlines                       , 09:40         , 11:05       , 1h 25m  ,     0,  2583879, Đà Nẵng       , Hà Nội      , Phổ thông   , 14/11/2025
VN-6080    , Vietnam Airlines                       , 10:15         , 11:45       , 1h 30m  ,     0,  2583879, Đà Nẵng       , Hà Nội      , Phổ thông   , 14/11/2025
VN-170     , Vietnam Airlines                       , 14:55         , 16:20       , 1h 25m  ,     0,  4074070, Đà Nẵng       , Hà Nội      , Phổ thông   , 14/11/2025
VJ-621     , VietJet Air                            , 06:25         , 11:10       , 28h 45m ,     1,  2877155, Đà Nẵng       , Hà Nội      , Phổ thông   , 14/11/2025
VJ-623     , VietJet Air                            , 05:25         , 10:40       , 29h 15m ,     1,  2877155, Đà Nẵng       , Hà Nội      , Phổ thông   , 14/11/2025
VJ-623     , VietJet Air                            , 05:25         , 14:50       , 33h 25m ,     1,  2877155, Đà Nẵng       , Hà Nội      , Phổ thông   , 14/11/2025
VJ-643     , VietJet Air                            , 23:15         , 08:25       , 9h 10m  ,     1,  3048952, Đà Nẵng       , Hà Nội      , Phổ thông   , 14/11/2025
VJ-643     , VietJet Air                            , 23:15         , 09:00       , 9h 45m  ,     1,  3048952, Đà Nẵng       , Hà Nội      , Phổ thông   , 14/11/2025
VJ-643     , VietJet Air                            , 23:15         , 11:10       , 11h 55m ,     1,  3048952, Đà Nẵng       , Hà Nội      , Phổ thông   , 14/11/2025
VJ-643     , VietJet Air                            , 23:15         , 12:10       , 12h 55m ,     1,  3048952, Đà Nẵng       , Hà Nội      , Phổ thông   , 14/11/2025
VJ-643     , VietJet Air                            , 23:15         , 07:30       , 8h 15m  ,     1,  3091834, Đà Nẵng       , Hà Nội      , Phổ thông   , 14/11/2025
VJ-631     , VietJet Air                            , 15:00         , 21:00       , 30h 0m  ,     1,  3160766, Đà Nẵng       , Hà Nội      , Phổ thông   , 14/11/2025
VJ-643     , VietJet Air                            , 23:15         , 10:40       , 11h 25m ,     1,  3169214, Đà Nẵng       , Hà Nội      , Phổ thông   , 14/11/2025
VJ-643     , VietJet Air                            , 23:15         , 21:00       , 21h 45m ,     1,  3212724, Đà Nẵng       , Hà Nội      , Phổ thông   , 14/11/2025
VJ-643     , VietJet Air                            , 23:15         , 21:10       , 21h 55m ,     1,  3212724, Đà Nẵng       , Hà Nội      , Phổ thông   , 14/11/2025
VJ-643     , VietJet Air                            , 23:15         , 21:15       , 22h 0m  ,     1,  3212724, Đà Nẵng       , Hà Nội      , Phổ thông   , 14/11/2025
VJ-647     , VietJet Air                            , 22:35         , 21:00       , 22h 25m ,     1,  3212724, Đà Nẵng       , Hà Nội      , Phổ thông   , 14/11/2025
VJ-647     , VietJet Air                            , 22:35         , 21:10       , 22h 35m ,     1,  3212724, Đà Nẵng       , Hà Nội      , Phổ thông   , 14/11/2025
VJ-647     , VietJet Air                            , 22:35         , 21:15       , 22h 40m ,     1,  3212724, Đà Nẵng       , Hà Nội      , Phổ thông   , 14/11/2025
VJ-647     , VietJet Air                            , 22:30         , 07:30       , 9h 0m   ,     1,  3253261, Đà Nẵng       , Hà Nội      , Phổ thông   , 14/11/2025
VJ-647     , VietJet Air                            , 22:30         , 08:25       , 9h 55m  ,     1,  3253261, Đà Nẵng       , Hà Nội      , Phổ thông   , 14/11/2025
VJ-647     , VietJet Air                            , 22:30         , 09:00       , 10h 30m ,     1,  3253261, Đà Nẵng       , Hà Nội      , Phổ thông   , 14/11/2025
VJ-647     , VietJet Air                            , 22:35         , 10:40       , 12h 5m  ,     1,  3358930, Đà Nẵng       , Hà Nội      , Phổ thông   , 14/11/2025
VJ-643     , VietJet Air                            , 23:15         , 14:40       , 15h 25m ,     1,  3358930, Đà Nẵng       , Hà Nội      , Phổ thông   , 14/11/2025
VJ-643     , VietJet Air                            , 23:15         , 15:10       , 15h 55m ,     1,  3358930, Đà Nẵng       , Hà Nội      , Phổ thông   , 14/11/2025
VJ-647     , VietJet Air                            , 22:35         , 14:40       , 16h 5m  ,     1,  3358930, Đà Nẵng       , Hà Nội      , Phổ thông   , 14/11/2025
VJ-647     , VietJet Air                            , 22:35         , 15:10       , 16h 35m ,     1,  3358930, Đà Nẵng       , Hà Nội      , Phổ thông   , 14/11/2025
VJ-729     , VietJet Air                            , 17:00         , 10:10       , 17h 10m ,     1,  3417305, Đà Nẵng       , Hà Nội      , Phổ thông   , 14/11/2025
VJ-621     , VietJet Air                            , 06:25         , 23:55       , 17h 30m ,     1,  3438922, Đà Nẵng       , Hà Nội      , Phổ thông   , 14/11/2025
VJ-623     , VietJet Air                            , 05:25         , 23:55       , 18h 30m ,     1,  3438922, Đà Nẵng       , Hà Nội      , Phổ thông   , 14/11/2025
VJ-621     , VietJet Air                            , 06:25         , 00:55       , 18h 30m ,     1,  3438922, Đà Nẵng       , Hà Nội      , Phổ thông   , 14/11/2025
VN-107     , Vietnam Airlines                       , 08:00         , 01:05       , 17h 5m  ,     1,  4186819, Đà Nẵng       , Hà Nội      , Phổ thông   , 14/11/2025
VN-123     , Vietnam Airlines                       , 12:00         , 01:05       , 13h 5m  ,     1,  4276364, Đà Nẵng       , Hà Nội      , Phổ thông   , 14/11/2025
VN-119     , Vietnam Airlines                       , 11:00         , 01:05       , 14h 5m  ,     1,  4321684, Đà Nẵng       , Hà Nội      , Phổ thông   , 14/11/2025
VN-135     , Vietnam Airlines                       , 17:10         , 01:05       , 7h 55m  ,     1,  4457229, Đà Nẵng       , Hà Nội      , Phổ thông   , 14/11/2025
VN-127     , Vietnam Airlines                       , 12:55         , 00:05       , 35h 10m ,     1,  4546459, Đà Nẵng       , Hà Nội      , Phổ thông   , 14/11/2025
VN-7135    , Vietnam Airlines                       , 13:55         , 00:05       , 34h 10m ,     1,  4605556, Đà Nẵng       , Hà Nội      , Phổ thông   , 14/11/2025
VJ-641     , VietJet Air                            , 19:30         , 01:30       , 6h 0m   ,     1,  4795573, Đà Nẵng       , Hà Nội      , Phổ thông   , 14/11/2025
VJ-627     , VietJet Air                            , 11:15         , 16:50       , 5h 35m  ,     1,  4820977, Đà Nẵng       , Hà Nội      , Phổ thông   , 14/11/2025
VN-135     , Vietnam Airlines                       , 17:10         , 00:05       , 30h 55m ,     1,  5088597, Đà Nẵng       , Hà Nội      , Phổ thông   , 14/11/2025
VN-137     , Vietnam Airlines                       , 19:05         , 00:05       , 5h 0m   ,     1,  5108776, Đà Nẵng       , Hà Nội      , Phổ thông   , 14/11/2025
VN-1955    , Vietnam Airlines                       , 05:45         , 11:20       , 5h 35m  ,     1,  5396209, Đà Nẵng       , Hà Nội      , Phổ thông   , 14/11/2025
VN-129     , Vietnam Airlines                       , 14:00         , 18:45       , 4h 45m  ,     1,  5774900, Đà Nẵng       , Hà Nội      , Phổ thông   , 14/11/2025
VN-127     , Vietnam Airlines                       , 12:55         , 17:35       , 4h 40m  ,     1,  5913153, Đà Nẵng       , Hà Nội      , Phổ thông   , 14/11/2025
VN-7135    , Vietnam Airlines                       , 13:55         , 18:45       , 4h 50m  ,     1,  5913153, Đà Nẵng       , Hà Nội      , Phổ thông   , 14/11/2025
VN-7127    , Vietnam Airlines                       , 14:15         , 19:05       , 4h 50m  ,     1,  5913153, Đà Nẵng       , Hà Nội      , Phổ thông   , 14/11/2025
VN-143     , Vietnam Airlines                       , 20:50         , 23:30       , 26h 40m ,     1,  6314750, Đà Nẵng       , Hà Nội      , Phổ thông   , 14/11/2025
VN-1941    , Vietnam Airlines                       , 17:30         , 19:30       , 26h 0m  ,     1,  6507699, Đà Nẵng       , Hà Nội      , Phổ thông   , 14/11/2025
VN-129     , Vietnam Airlines                       , 14:00         , 21:25       , 7h 25m  ,     1,  6612576, Đà Nẵng       , Hà Nội      , Phổ thông   , 14/11/2025
VN-109     , Vietnam Airlines                       , 08:55         , 21:25       , 12h 30m ,     1,  6612576, Đà Nẵng       , Hà Nội      , Phổ thông   , 14/11/2025
VN-143     , Vietnam Airlines                       , 20:50         , 22:35       , 25h 45m ,     1,  6612576, Đà Nẵng       , Hà Nội      , Phổ thông   , 14/11/2025
VN-143     , Vietnam Airlines                       , 20:50         , 23:05       , 26h 15m ,     1,  6612576, Đà Nẵng       , Hà Nội      , Phổ thông   , 14/11/2025
VN-1941    , Vietnam Airlines                       , 17:30         , 12:00       , 18h 30m ,     1,  6808808, Đà Nẵng       , Hà Nội      , Phổ thông   , 14/11/2025
VN-1941    , Vietnam Airlines                       , 17:30         , 14:30       , 21h 0m  ,     1,  6808808, Đà Nẵng       , Hà Nội      , Phổ thông   , 14/11/2025
VN-1941    , Vietnam Airlines                       , 17:30         , 18:15       , 24h 45m ,     1,  6808808, Đà Nẵng       , Hà Nội      , Phổ thông   , 14/11/2025
VN-7127    , Vietnam Airlines                       , 14:15         , 21:25       , 7h 10m  ,     1,  6906577, Đà Nẵng       , Hà Nội      , Phổ thông   , 14/11/2025
VN-7135    , Vietnam Airlines                       , 13:55         , 21:25       , 7h 30m  ,     1,  6906577, Đà Nẵng       , Hà Nội      , Phổ thông   , 14/11/2025
VN-127     , Vietnam Airlines                       , 12:55         , 21:25       , 8h 30m  ,     1,  6906577, Đà Nẵng       , Hà Nội      , Phổ thông   , 14/11/2025
VN-129     , Vietnam Airlines                       , 14:00         , 23:15       , 9h 15m  ,     1,  6906577, Đà Nẵng       , Hà Nội      , Phổ thông   , 14/11/2025
VN-129     , Vietnam Airlines                       , 14:00         , 00:30       , 10h 30m ,     1,  6906577, Đà Nẵng       , Hà Nội      , Phổ thông   , 14/11/2025
VN-129     , Vietnam Airlines                       , 14:00         , 01:05       , 11h 5m  ,     1,  6906577, Đà Nẵng       , Hà Nội      , Phổ thông   , 14/11/2025
VN-109     , Vietnam Airlines                       , 08:55         , 23:15       , 14h 20m ,     1,  6906577, Đà Nẵng       , Hà Nội      , Phổ thông   , 14/11/2025
VN-109     , Vietnam Airlines                       , 08:55         , 00:30       , 15h 35m ,     1,  6906577, Đà Nẵng       , Hà Nội      , Phổ thông   , 14/11/2025
VN-109     , Vietnam Airlines                       , 08:55         , 01:05       , 16h 10m ,     1,  6906577, Đà Nẵng       , Hà Nội      , Phổ thông   , 14/11/2025
VN-7127    , Vietnam Airlines                       , 14:15         , 23:15       , 9h 0m   ,     1,  7200033, Đà Nẵng       , Hà Nội      , Phổ thông   , 14/11/2025
VN-7135    , Vietnam Airlines                       , 13:55         , 23:15       , 9h 20m  ,     1,  7200033, Đà Nẵng       , Hà Nội      , Phổ thông   , 14/11/2025
VN-7127    , Vietnam Airlines                       , 14:15         , 00:30       , 10h 15m ,     1,  7200033, Đà Nẵng       , Hà Nội      , Phổ thông   , 14/11/2025
VN-127     , Vietnam Airlines                       , 12:55         , 23:15       , 10h 20m ,     1,  7200033, Đà Nẵng       , Hà Nội      , Phổ thông   , 14/11/2025
VN-7135    , Vietnam Airlines                       , 13:55         , 00:30       , 10h 35m ,     1,  7200033, Đà Nẵng       , Hà Nội      , Phổ thông   , 14/11/2025
VN-7127    , Vietnam Airlines                       , 14:15         , 01:05       , 10h 50m ,     1,  7200033, Đà Nẵng       , Hà Nội      , Phổ thông   , 14/11/2025
VN-7135    , Vietnam Airlines                       , 13:55         , 01:05       , 11h 10m ,     1,  7200033, Đà Nẵng       , Hà Nội      , Phổ thông   , 14/11/2025
VN-127     , Vietnam Airlines                       , 12:55         , 00:30       , 11h 35m ,     1,  7248993, Đà Nẵng       , Hà Nội      , Phổ thông   , 14/11/2025
VN-127     , Vietnam Airlines                       , 12:55         , 01:05       , 12h 10m ,     1,  7248993, Đà Nẵng       , Hà Nội      , Phổ thông   , 14/11/2025
VN-1911    , Vietnam Airlines                       , 13:20         , 11:15       , 21h 55m ,     1,  7990560, Đà Nẵng       , Hà Nội      , Phổ thông   , 14/11/2025
VN-129     , Vietnam Airlines                       , 14:00         , 19:05       , 5h 5m   ,     1, 10385037, Đà Nẵng       , Hà Nội      , Phổ thông   , 14/11/2025
VN-137     , Vietnam Airlines                       , 18:05         , 23:05       , 5h 0m   ,     1, 11218376, Đà Nẵng       , Hà Nội      , Phổ thông   , 14/11/2025
VN-123     , Vietnam Airlines                       , 12:00         , 17:05       , 5h 5m   ,     1, 12128219, Đà Nẵng       , Hà Nội      , Phổ thông   , 14/11/2025
VN-119     , Vietnam Airlines                       , 11:00         , 16:05       , 5h 5m   ,     1, 13035328, Đà Nẵng       , Hà Nội      , Phổ thông   , 14/11/2025
VN-109     , Vietnam Airlines                       , 08:55         , 14:05       , 5h 10m  ,     1, 15147364, Đà Nẵng       , Hà Nội      , Phổ thông   , 14/11/2025
VN-107     , Vietnam Airlines                       , 08:00         , 13:05       , 5h 5m   ,     1, 23846596, Đà Nẵng       , Hà Nội      , Phổ thông   , 14/11/2025
VN-6070    , Vietnam Airlines                       , 20:20         , 21:45       , 1h 25m  ,     0,  2633048, Đà Nẵng       , Hà Nội      , Thương gia  , 14/11/2025
VN-156     , Vietnam Airlines                       , 06:35         , 08:00       , 1h 25m  ,     0,  2633048, Đà Nẵng       , Hà Nội      , Thương gia  , 14/11/2025
VN-6080    , Vietnam Airlines                       , 10:15         , 11:45       , 1h 30m  ,     0,  3177752, Đà Nẵng       , Hà Nội      , Thương gia  , 14/11/2025
VN-158     , Vietnam Airlines                       , 07:55         , 09:20       , 1h 25m  ,     0,  3184906, Đà Nẵng       , Hà Nội      , Thương gia  , 14/11/2025
QH-104     , Bamboo Airways                         , 09:30         , 10:55       , 1h 25m  ,     0,  4261950, Đà Nẵng       , Hà Nội      , Thương gia  , 14/11/2025
VN-166     , Vietnam Airlines                       , 12:10         , 13:35       , 1h 25m  ,     0,  4412279, Đà Nẵng       , Hà Nội      , Thương gia  , 14/11/2025
VN-164     , Vietnam Airlines                       , 09:40         , 11:05       , 1h 25m  ,     0,  4853766, Đà Nẵng       , Hà Nội      , Thương gia  , 14/11/2025
VN-172     , Vietnam Airlines                       , 15:35         , 17:00       , 1h 25m  ,     0,  4853766, Đà Nẵng       , Hà Nội      , Thương gia  , 14/11/2025
VN-174     , Vietnam Airlines                       , 18:00         , 19:25       , 1h 25m  ,     0,  4853766, Đà Nẵng       , Hà Nội      , Thương gia  , 14/11/2025
VN-168     , Vietnam Airlines                       , 13:50         , 15:20       , 1h 30m  ,     0,  4853766, Đà Nẵng       , Hà Nội      , Thương gia  , 14/11/2025
VU-658     , Vietravel Airlines                     , 18:55         , 20:15       , 1h 20m  ,     0,   882565, Đà Nẵng       , Hà Nội      , Phổ thông   , 15/11/2025
VJ-522     , VietJet Air                            , 22:40         , 00:00       , 1h 20m  ,     0,   704460, Đà Nẵng       , Hà Nội      , Phổ thông   , 15/11/2025
VJ-520     , VietJet Air                            , 21:35         , 22:55       , 1h 20m  ,     0,   737569, Đà Nẵng       , Hà Nội      , Phổ thông   , 15/11/2025
VJ-518     , VietJet Air                            , 20:55         , 22:15       , 1h 20m  ,     0,   923972, Đà Nẵng       , Hà Nội      , Phổ thông   , 15/11/2025
VJ-516     , VietJet Air                            , 18:15         , 19:35       , 1h 20m  ,     0,  1146020, Đà Nẵng       , Hà Nội      , Phổ thông   , 15/11/2025
VJ-504     , VietJet Air                            , 07:40         , 09:00       , 1h 20m  ,     0,  1242200, Đà Nẵng       , Hà Nội      , Phổ thông   , 15/11/2025
VJ-514     , VietJet Air                            , 15:25         , 16:45       , 1h 20m  ,     0,  1242200, Đà Nẵng       , Hà Nội      , Phổ thông   , 15/11/2025
VU-638     , Vietravel Airlines                     , 08:30         , 09:50       , 1h 20m  ,     0,  1329320, Đà Nẵng       , Hà Nội      , Phổ thông   , 15/11/2025
VN-6070    , Vietnam Airlines                       , 20:20         , 21:45       , 1h 25m  ,     0,  1462027, Đà Nẵng       , Hà Nội      , Phổ thông   , 15/11/2025
QH-104     , Bamboo Airways                         , 09:30         , 10:55       , 1h 25m  ,     0,  1619562, Đà Nẵng       , Hà Nội      , Phổ thông   , 15/11/2025
VN-156     , Vietnam Airlines                       , 06:35         , 08:00       , 1h 25m  ,     0,  1954091, Đà Nẵng       , Hà Nội      , Phổ thông   , 15/11/2025
VN-174     , Vietnam Airlines                       , 18:00         , 19:25       , 1h 25m  ,     0,  2117560, Đà Nẵng       , Hà Nội      , Phổ thông   , 15/11/2025
VN-180     , Vietnam Airlines                       , 18:05         , 19:30       , 1h 25m  ,     0,  2117560, Đà Nẵng       , Hà Nội      , Phổ thông   , 15/11/2025
VN-188     , Vietnam Airlines                       , 19:00         , 20:25       , 1h 25m  ,     0,  2117560, Đà Nẵng       , Hà Nội      , Phổ thông   , 15/11/2025
VN-166     , Vietnam Airlines                       , 12:10         , 13:35       , 1h 25m  ,     0,  2452565, Đà Nẵng       , Hà Nội      , Phổ thông   , 15/11/2025
VN-168     , Vietnam Airlines                       , 13:50         , 15:20       , 1h 30m  ,     0,  2452565, Đà Nẵng       , Hà Nội      , Phổ thông   , 15/11/2025
VJ-512     , VietJet Air                            , 16:10         , 17:30       , 1h 20m  ,     0,  2464101, Đà Nẵng       , Hà Nội      , Phổ thông   , 15/11/2025
VN-172     , Vietnam Airlines                       , 15:35         , 17:00       , 1h 25m  ,     0,  2531146, Đà Nẵng       , Hà Nội      , Phổ thông   , 15/11/2025
VN-158     , Vietnam Airlines                       , 07:55         , 09:20       , 1h 25m  ,     0,  2583879, Đà Nẵng       , Hà Nội      , Phổ thông   , 15/11/2025
VN-164     , Vietnam Airlines                       , 09:40         , 11:05       , 1h 25m  ,     0,  2583879, Đà Nẵng       , Hà Nội      , Phổ thông   , 15/11/2025
VN-6080    , Vietnam Airlines                       , 10:15         , 11:45       , 1h 30m  ,     0,  2583879, Đà Nẵng       , Hà Nội      , Phổ thông   , 15/11/2025
VJ-621     , VietJet Air                            , 06:25         , 11:10       , 28h 45m ,     1,  2877155, Đà Nẵng       , Hà Nội      , Phổ thông   , 15/11/2025
VJ-623     , VietJet Air                            , 05:25         , 10:40       , 29h 15m ,     1,  2877155, Đà Nẵng       , Hà Nội      , Phổ thông   , 15/11/2025
VJ-623     , VietJet Air                            , 05:25         , 14:50       , 33h 25m ,     1,  2877155, Đà Nẵng       , Hà Nội      , Phổ thông   , 15/11/2025
VJ-643     , VietJet Air                            , 23:15         , 08:25       , 9h 10m  ,     1,  3048952, Đà Nẵng       , Hà Nội      , Phổ thông   , 15/11/2025
VJ-643     , VietJet Air                            , 23:15         , 09:00       , 9h 45m  ,     1,  3048952, Đà Nẵng       , Hà Nội      , Phổ thông   , 15/11/2025
VJ-643     , VietJet Air                            , 23:15         , 11:10       , 11h 55m ,     1,  3048952, Đà Nẵng       , Hà Nội      , Phổ thông   , 15/11/2025
VJ-643     , VietJet Air                            , 23:15         , 12:10       , 12h 55m ,     1,  3048952, Đà Nẵng       , Hà Nội      , Phổ thông   , 15/11/2025
VJ-643     , VietJet Air                            , 23:15         , 07:30       , 8h 15m  ,     1,  3091834, Đà Nẵng       , Hà Nội      , Phổ thông   , 15/11/2025
VJ-631     , VietJet Air                            , 15:00         , 21:00       , 30h 0m  ,     1,  3160766, Đà Nẵng       , Hà Nội      , Phổ thông   , 15/11/2025
VJ-643     , VietJet Air                            , 23:15         , 10:40       , 11h 25m ,     1,  3169214, Đà Nẵng       , Hà Nội      , Phổ thông   , 15/11/2025
VJ-643     , VietJet Air                            , 23:15         , 21:00       , 21h 45m ,     1,  3212724, Đà Nẵng       , Hà Nội      , Phổ thông   , 15/11/2025
VJ-643     , VietJet Air                            , 23:15         , 21:10       , 21h 55m ,     1,  3212724, Đà Nẵng       , Hà Nội      , Phổ thông   , 15/11/2025
VJ-643     , VietJet Air                            , 23:15         , 21:15       , 22h 0m  ,     1,  3212724, Đà Nẵng       , Hà Nội      , Phổ thông   , 15/11/2025
VJ-647     , VietJet Air                            , 22:35         , 21:00       , 22h 25m ,     1,  3212724, Đà Nẵng       , Hà Nội      , Phổ thông   , 15/11/2025
VJ-647     , VietJet Air                            , 22:35         , 21:10       , 22h 35m ,     1,  3212724, Đà Nẵng       , Hà Nội      , Phổ thông   , 15/11/2025
VJ-647     , VietJet Air                            , 22:35         , 21:15       , 22h 40m ,     1,  3212724, Đà Nẵng       , Hà Nội      , Phổ thông   , 15/11/2025
VJ-647     , VietJet Air                            , 22:30         , 07:30       , 9h 0m   ,     1,  3253261, Đà Nẵng       , Hà Nội      , Phổ thông   , 15/11/2025
VJ-647     , VietJet Air                            , 22:30         , 08:25       , 9h 55m  ,     1,  3253261, Đà Nẵng       , Hà Nội      , Phổ thông   , 15/11/2025
VJ-647     , VietJet Air                            , 22:30         , 09:00       , 10h 30m ,     1,  3253261, Đà Nẵng       , Hà Nội      , Phổ thông   , 15/11/2025
VJ-647     , VietJet Air                            , 22:35         , 10:40       , 12h 5m  ,     1,  3358930, Đà Nẵng       , Hà Nội      , Phổ thông   , 15/11/2025
VJ-643     , VietJet Air                            , 23:15         , 14:40       , 15h 25m ,     1,  3358930, Đà Nẵng       , Hà Nội      , Phổ thông   , 15/11/2025
VJ-643     , VietJet Air                            , 23:15         , 15:10       , 15h 55m ,     1,  3358930, Đà Nẵng       , Hà Nội      , Phổ thông   , 15/11/2025
VJ-647     , VietJet Air                            , 22:35         , 14:40       , 16h 5m  ,     1,  3358930, Đà Nẵng       , Hà Nội      , Phổ thông   , 15/11/2025
VJ-647     , VietJet Air                            , 22:35         , 15:10       , 16h 35m ,     1,  3358930, Đà Nẵng       , Hà Nội      , Phổ thông   , 15/11/2025
VJ-729     , VietJet Air                            , 17:00         , 10:10       , 17h 10m ,     1,  3417305, Đà Nẵng       , Hà Nội      , Phổ thông   , 15/11/2025
VJ-621     , VietJet Air                            , 06:25         , 23:55       , 17h 30m ,     1,  3438922, Đà Nẵng       , Hà Nội      , Phổ thông   , 15/11/2025
VJ-623     , VietJet Air                            , 05:25         , 23:55       , 18h 30m ,     1,  3438922, Đà Nẵng       , Hà Nội      , Phổ thông   , 15/11/2025
VJ-621     , VietJet Air                            , 06:25         , 00:55       , 18h 30m ,     1,  3438922, Đà Nẵng       , Hà Nội      , Phổ thông   , 15/11/2025
VN-109     , Vietnam Airlines                       , 08:55         , 01:05       , 16h 10m ,     1,  3841577, Đà Nẵng       , Hà Nội      , Phổ thông   , 15/11/2025
VN-127     , Vietnam Airlines                       , 12:55         , 01:05       , 12h 10m ,     1,  3915091, Đà Nẵng       , Hà Nội      , Phổ thông   , 15/11/2025
VN-7135    , Vietnam Airlines                       , 13:55         , 01:05       , 11h 10m ,     1,  3974188, Đà Nẵng       , Hà Nội      , Phổ thông   , 15/11/2025
VN-107     , Vietnam Airlines                       , 08:00         , 01:05       , 17h 5m  ,     1,  4186819, Đà Nẵng       , Hà Nội      , Phổ thông   , 15/11/2025
VN-123     , Vietnam Airlines                       , 12:00         , 01:05       , 13h 5m  ,     1,  4276364, Đà Nẵng       , Hà Nội      , Phổ thông   , 15/11/2025
VN-119     , Vietnam Airlines                       , 11:00         , 01:05       , 14h 5m  ,     1,  4321684, Đà Nẵng       , Hà Nội      , Phổ thông   , 15/11/2025
VN-135     , Vietnam Airlines                       , 17:10         , 01:05       , 7h 55m  ,     1,  4457229, Đà Nẵng       , Hà Nội      , Phổ thông   , 15/11/2025
VN-127     , Vietnam Airlines                       , 12:55         , 00:05       , 35h 10m ,     1,  4546459, Đà Nẵng       , Hà Nội      , Phổ thông   , 15/11/2025
VN-7135    , Vietnam Airlines                       , 13:55         , 00:05       , 34h 10m ,     1,  4605556, Đà Nẵng       , Hà Nội      , Phổ thông   , 15/11/2025
VJ-641     , VietJet Air                            , 19:30         , 01:30       , 6h 0m   ,     1,  4795573, Đà Nẵng       , Hà Nội      , Phổ thông   , 15/11/2025
VJ-627     , VietJet Air                            , 11:15         , 16:50       , 5h 35m  ,     1,  4820977, Đà Nẵng       , Hà Nội      , Phổ thông   , 15/11/2025
VN-135     , Vietnam Airlines                       , 17:10         , 00:05       , 30h 55m ,     1,  5088597, Đà Nẵng       , Hà Nội      , Phổ thông   , 15/11/2025
VN-137     , Vietnam Airlines                       , 19:05         , 00:05       , 5h 0m   ,     1,  5164241, Đà Nẵng       , Hà Nội      , Phổ thông   , 15/11/2025
VN-129     , Vietnam Airlines                       , 14:00         , 18:45       , 4h 45m  ,     1,  5774900, Đà Nẵng       , Hà Nội      , Phổ thông   , 15/11/2025
VN-127     , Vietnam Airlines                       , 12:55         , 17:35       , 4h 40m  ,     1,  5913153, Đà Nẵng       , Hà Nội      , Phổ thông   , 15/11/2025
VN-7135    , Vietnam Airlines                       , 13:55         , 18:45       , 4h 50m  ,     1,  5913153, Đà Nẵng       , Hà Nội      , Phổ thông   , 15/11/2025
VN-7127    , Vietnam Airlines                       , 14:15         , 19:05       , 4h 50m  ,     1,  5913153, Đà Nẵng       , Hà Nội      , Phổ thông   , 15/11/2025
VN-143     , Vietnam Airlines                       , 20:50         , 23:30       , 26h 40m ,     1,  6314750, Đà Nẵng       , Hà Nội      , Phổ thông   , 15/11/2025
VN-1941    , Vietnam Airlines                       , 17:30         , 19:30       , 26h 0m  ,     1,  6507699, Đà Nẵng       , Hà Nội      , Phổ thông   , 15/11/2025
VN-129     , Vietnam Airlines                       , 14:00         , 21:25       , 7h 25m  ,     1,  6612576, Đà Nẵng       , Hà Nội      , Phổ thông   , 15/11/2025
VN-109     , Vietnam Airlines                       , 08:55         , 21:25       , 12h 30m ,     1,  6612576, Đà Nẵng       , Hà Nội      , Phổ thông   , 15/11/2025
VN-143     , Vietnam Airlines                       , 20:50         , 22:35       , 25h 45m ,     1,  6612576, Đà Nẵng       , Hà Nội      , Phổ thông   , 15/11/2025
VN-143     , Vietnam Airlines                       , 20:50         , 23:05       , 26h 15m ,     1,  6612576, Đà Nẵng       , Hà Nội      , Phổ thông   , 15/11/2025
VN-1941    , Vietnam Airlines                       , 17:30         , 12:00       , 18h 30m ,     1,  6808808, Đà Nẵng       , Hà Nội      , Phổ thông   , 15/11/2025
VN-1941    , Vietnam Airlines                       , 17:30         , 14:30       , 21h 0m  ,     1,  6808808, Đà Nẵng       , Hà Nội      , Phổ thông   , 15/11/2025
VN-1941    , Vietnam Airlines                       , 17:30         , 18:15       , 24h 45m ,     1,  6808808, Đà Nẵng       , Hà Nội      , Phổ thông   , 15/11/2025
VN-7127    , Vietnam Airlines                       , 14:15         , 21:25       , 7h 10m  ,     1,  6906577, Đà Nẵng       , Hà Nội      , Phổ thông   , 15/11/2025
VN-7135    , Vietnam Airlines                       , 13:55         , 21:25       , 7h 30m  ,     1,  6906577, Đà Nẵng       , Hà Nội      , Phổ thông   , 15/11/2025
VN-127     , Vietnam Airlines                       , 12:55         , 21:25       , 8h 30m  ,     1,  6906577, Đà Nẵng       , Hà Nội      , Phổ thông   , 15/11/2025
VN-129     , Vietnam Airlines                       , 14:00         , 23:15       , 9h 15m  ,     1,  6906577, Đà Nẵng       , Hà Nội      , Phổ thông   , 15/11/2025
VN-129     , Vietnam Airlines                       , 14:00         , 00:30       , 10h 30m ,     1,  6906577, Đà Nẵng       , Hà Nội      , Phổ thông   , 15/11/2025
VN-129     , Vietnam Airlines                       , 14:00         , 01:05       , 11h 5m  ,     1,  6906577, Đà Nẵng       , Hà Nội      , Phổ thông   , 15/11/2025
VN-109     , Vietnam Airlines                       , 08:55         , 23:15       , 14h 20m ,     1,  6906577, Đà Nẵng       , Hà Nội      , Phổ thông   , 15/11/2025
VN-109     , Vietnam Airlines                       , 08:55         , 00:30       , 15h 35m ,     1,  6906577, Đà Nẵng       , Hà Nội      , Phổ thông   , 15/11/2025
VN-7127    , Vietnam Airlines                       , 14:15         , 23:15       , 9h 0m   ,     1,  7200033, Đà Nẵng       , Hà Nội      , Phổ thông   , 15/11/2025
VN-7135    , Vietnam Airlines                       , 13:55         , 23:15       , 9h 20m  ,     1,  7200033, Đà Nẵng       , Hà Nội      , Phổ thông   , 15/11/2025
VN-7127    , Vietnam Airlines                       , 14:15         , 00:30       , 10h 15m ,     1,  7200033, Đà Nẵng       , Hà Nội      , Phổ thông   , 15/11/2025
VN-127     , Vietnam Airlines                       , 12:55         , 23:15       , 10h 20m ,     1,  7200033, Đà Nẵng       , Hà Nội      , Phổ thông   , 15/11/2025
VN-7135    , Vietnam Airlines                       , 13:55         , 00:30       , 10h 35m ,     1,  7200033, Đà Nẵng       , Hà Nội      , Phổ thông   , 15/11/2025
VN-7127    , Vietnam Airlines                       , 14:15         , 01:05       , 10h 50m ,     1,  7200033, Đà Nẵng       , Hà Nội      , Phổ thông   , 15/11/2025
VN-127     , Vietnam Airlines                       , 12:55         , 00:30       , 11h 35m ,     1,  7248993, Đà Nẵng       , Hà Nội      , Phổ thông   , 15/11/2025
VN-1911    , Vietnam Airlines                       , 13:20         , 11:15       , 21h 55m ,     1,  7990560, Đà Nẵng       , Hà Nội      , Phổ thông   , 15/11/2025
VN-6070    , Vietnam Airlines                       , 20:20         , 21:45       , 1h 25m  ,     0,  2633048, Đà Nẵng       , Hà Nội      , Thương gia  , 15/11/2025
VN-156     , Vietnam Airlines                       , 06:35         , 08:00       , 1h 25m  ,     0,  2633048, Đà Nẵng       , Hà Nội      , Thương gia  , 15/11/2025
VN-6080    , Vietnam Airlines                       , 10:15         , 11:45       , 1h 30m  ,     0,  3177752, Đà Nẵng       , Hà Nội      , Thương gia  , 15/11/2025
VN-158     , Vietnam Airlines                       , 07:55         , 09:20       , 1h 25m  ,     0,  3184906, Đà Nẵng       , Hà Nội      , Thương gia  , 15/11/2025
QH-104     , Bamboo Airways                         , 09:30         , 10:55       , 1h 25m  ,     0,  4261950, Đà Nẵng       , Hà Nội      , Thương gia  , 15/11/2025
VN-166     , Vietnam Airlines                       , 12:10         , 13:35       , 1h 25m  ,     0,  4412279, Đà Nẵng       , Hà Nội      , Thương gia  , 15/11/2025
VN-164     , Vietnam Airlines                       , 09:40         , 11:05       , 1h 25m  ,     0,  4853766, Đà Nẵng       , Hà Nội      , Thương gia  , 15/11/2025
VN-172     , Vietnam Airlines                       , 15:35         , 17:00       , 1h 25m  ,     0,  4853766, Đà Nẵng       , Hà Nội      , Thương gia  , 15/11/2025
VN-174     , Vietnam Airlines                       , 18:00         , 19:25       , 1h 25m  ,     0,  4853766, Đà Nẵng       , Hà Nội      , Thương gia  , 15/11/2025
VN-168     , Vietnam Airlines                       , 13:50         , 15:20       , 1h 30m  ,     0,  4853766, Đà Nẵng       , Hà Nội      , Thương gia  , 15/11/2025
VU-658     , Vietravel Airlines                     , 18:55         , 20:15       , 1h 20m  ,     0,   882565, Đà Nẵng       , Hà Nội      , Phổ thông   , 16/11/2025
VJ-522     , VietJet Air                            , 22:40         , 00:00       , 1h 20m  ,     0,   704460, Đà Nẵng       , Hà Nội      , Phổ thông   , 16/11/2025
VJ-520     , VietJet Air                            , 21:35         , 22:55       , 1h 20m  ,     0,   737569, Đà Nẵng       , Hà Nội      , Phổ thông   , 16/11/2025
VJ-518     , VietJet Air                            , 20:55         , 22:15       , 1h 20m  ,     0,   923972, Đà Nẵng       , Hà Nội      , Phổ thông   , 16/11/2025
VJ-516     , VietJet Air                            , 18:15         , 19:35       , 1h 20m  ,     0,  1146020, Đà Nẵng       , Hà Nội      , Phổ thông   , 16/11/2025
VJ-504     , VietJet Air                            , 07:40         , 09:00       , 1h 20m  ,     0,  1242200, Đà Nẵng       , Hà Nội      , Phổ thông   , 16/11/2025
VJ-514     , VietJet Air                            , 15:25         , 16:45       , 1h 20m  ,     0,  1242200, Đà Nẵng       , Hà Nội      , Phổ thông   , 16/11/2025
VU-638     , Vietravel Airlines                     , 08:30         , 09:50       , 1h 20m  ,     0,  1329320, Đà Nẵng       , Hà Nội      , Phổ thông   , 16/11/2025
VN-6070    , Vietnam Airlines                       , 20:20         , 21:45       , 1h 25m  ,     0,  1462027, Đà Nẵng       , Hà Nội      , Phổ thông   , 16/11/2025
QH-104     , Bamboo Airways                         , 09:30         , 10:55       , 1h 25m  ,     0,  1619562, Đà Nẵng       , Hà Nội      , Phổ thông   , 16/11/2025
VN-156     , Vietnam Airlines                       , 06:35         , 08:00       , 1h 25m  ,     0,  1782556, Đà Nẵng       , Hà Nội      , Phổ thông   , 16/11/2025
VN-174     , Vietnam Airlines                       , 18:00         , 19:25       , 1h 25m  ,     0,  2117560, Đà Nẵng       , Hà Nội      , Phổ thông   , 16/11/2025
VN-180     , Vietnam Airlines                       , 18:05         , 19:30       , 1h 25m  ,     0,  2117560, Đà Nẵng       , Hà Nội      , Phổ thông   , 16/11/2025
VN-188     , Vietnam Airlines                       , 19:00         , 20:25       , 1h 25m  ,     0,  2117560, Đà Nẵng       , Hà Nội      , Phổ thông   , 16/11/2025
VN-166     , Vietnam Airlines                       , 12:10         , 13:35       , 1h 25m  ,     0,  2452565, Đà Nẵng       , Hà Nội      , Phổ thông   , 16/11/2025
VN-168     , Vietnam Airlines                       , 13:50         , 15:20       , 1h 30m  ,     0,  2452565, Đà Nẵng       , Hà Nội      , Phổ thông   , 16/11/2025
VJ-512     , VietJet Air                            , 16:10         , 17:30       , 1h 20m  ,     0,  2464101, Đà Nẵng       , Hà Nội      , Phổ thông   , 16/11/2025
VN-158     , Vietnam Airlines                       , 07:55         , 09:20       , 1h 25m  ,     0,  2531146, Đà Nẵng       , Hà Nội      , Phổ thông   , 16/11/2025
VN-172     , Vietnam Airlines                       , 15:35         , 17:00       , 1h 25m  ,     0,  2531146, Đà Nẵng       , Hà Nội      , Phổ thông   , 16/11/2025
VN-164     , Vietnam Airlines                       , 09:40         , 11:05       , 1h 25m  ,     0,  2583879, Đà Nẵng       , Hà Nội      , Phổ thông   , 16/11/2025
VN-6080    , Vietnam Airlines                       , 10:15         , 11:45       , 1h 30m  ,     0,  2583879, Đà Nẵng       , Hà Nội      , Phổ thông   , 16/11/2025
VJ-621     , VietJet Air                            , 06:25         , 11:10       , 28h 45m ,     1,  2877155, Đà Nẵng       , Hà Nội      , Phổ thông   , 16/11/2025
VJ-623     , VietJet Air                            , 05:25         , 10:40       , 29h 15m ,     1,  2877155, Đà Nẵng       , Hà Nội      , Phổ thông   , 16/11/2025
VJ-623     , VietJet Air                            , 05:25         , 14:50       , 33h 25m ,     1,  2877155, Đà Nẵng       , Hà Nội      , Phổ thông   , 16/11/2025
VJ-643     , VietJet Air                            , 23:15         , 08:25       , 9h 10m  ,     1,  3048952, Đà Nẵng       , Hà Nội      , Phổ thông   , 16/11/2025
VJ-643     , VietJet Air                            , 23:15         , 09:00       , 9h 45m  ,     1,  3048952, Đà Nẵng       , Hà Nội      , Phổ thông   , 16/11/2025
VJ-643     , VietJet Air                            , 23:15         , 11:10       , 11h 55m ,     1,  3048952, Đà Nẵng       , Hà Nội      , Phổ thông   , 16/11/2025
VJ-643     , VietJet Air                            , 23:15         , 12:10       , 12h 55m ,     1,  3048952, Đà Nẵng       , Hà Nội      , Phổ thông   , 16/11/2025
VJ-643     , VietJet Air                            , 23:15         , 07:30       , 8h 15m  ,     1,  3091834, Đà Nẵng       , Hà Nội      , Phổ thông   , 16/11/2025
VJ-631     , VietJet Air                            , 15:00         , 21:00       , 30h 0m  ,     1,  3160766, Đà Nẵng       , Hà Nội      , Phổ thông   , 16/11/2025
VJ-643     , VietJet Air                            , 23:15         , 10:40       , 11h 25m ,     1,  3169214, Đà Nẵng       , Hà Nội      , Phổ thông   , 16/11/2025
VJ-643     , VietJet Air                            , 23:15         , 21:00       , 21h 45m ,     1,  3212724, Đà Nẵng       , Hà Nội      , Phổ thông   , 16/11/2025
VJ-643     , VietJet Air                            , 23:15         , 21:10       , 21h 55m ,     1,  3212724, Đà Nẵng       , Hà Nội      , Phổ thông   , 16/11/2025
VJ-643     , VietJet Air                            , 23:15         , 21:15       , 22h 0m  ,     1,  3212724, Đà Nẵng       , Hà Nội      , Phổ thông   , 16/11/2025
VJ-647     , VietJet Air                            , 22:35         , 21:00       , 22h 25m ,     1,  3212724, Đà Nẵng       , Hà Nội      , Phổ thông   , 16/11/2025
VJ-647     , VietJet Air                            , 22:35         , 21:10       , 22h 35m ,     1,  3212724, Đà Nẵng       , Hà Nội      , Phổ thông   , 16/11/2025
VJ-647     , VietJet Air                            , 22:35         , 21:15       , 22h 40m ,     1,  3212724, Đà Nẵng       , Hà Nội      , Phổ thông   , 16/11/2025
VJ-647     , VietJet Air                            , 22:30         , 07:30       , 9h 0m   ,     1,  3253261, Đà Nẵng       , Hà Nội      , Phổ thông   , 16/11/2025
VJ-647     , VietJet Air                            , 22:30         , 08:25       , 9h 55m  ,     1,  3253261, Đà Nẵng       , Hà Nội      , Phổ thông   , 16/11/2025
VJ-647     , VietJet Air                            , 22:30         , 09:00       , 10h 30m ,     1,  3253261, Đà Nẵng       , Hà Nội      , Phổ thông   , 16/11/2025
VJ-647     , VietJet Air                            , 22:35         , 10:40       , 12h 5m  ,     1,  3358930, Đà Nẵng       , Hà Nội      , Phổ thông   , 16/11/2025
VJ-643     , VietJet Air                            , 23:15         , 14:40       , 15h 25m ,     1,  3358930, Đà Nẵng       , Hà Nội      , Phổ thông   , 16/11/2025
VJ-643     , VietJet Air                            , 23:15         , 15:10       , 15h 55m ,     1,  3358930, Đà Nẵng       , Hà Nội      , Phổ thông   , 16/11/2025
VJ-647     , VietJet Air                            , 22:35         , 14:40       , 16h 5m  ,     1,  3358930, Đà Nẵng       , Hà Nội      , Phổ thông   , 16/11/2025
VJ-647     , VietJet Air                            , 22:35         , 15:10       , 16h 35m ,     1,  3358930, Đà Nẵng       , Hà Nội      , Phổ thông   , 16/11/2025
VJ-729     , VietJet Air                            , 17:00         , 10:10       , 17h 10m ,     1,  3417305, Đà Nẵng       , Hà Nội      , Phổ thông   , 16/11/2025
VJ-621     , VietJet Air                            , 06:25         , 23:55       , 17h 30m ,     1,  3438922, Đà Nẵng       , Hà Nội      , Phổ thông   , 16/11/2025
VJ-623     , VietJet Air                            , 05:25         , 23:55       , 18h 30m ,     1,  3438922, Đà Nẵng       , Hà Nội      , Phổ thông   , 16/11/2025
VJ-621     , VietJet Air                            , 06:25         , 00:55       , 18h 30m ,     1,  3438922, Đà Nẵng       , Hà Nội      , Phổ thông   , 16/11/2025
VN-107     , Vietnam Airlines                       , 08:00         , 01:05       , 41h 5m  ,     1,  4357648, Đà Nẵng       , Hà Nội      , Phổ thông   , 16/11/2025
VN-123     , Vietnam Airlines                       , 12:00         , 01:05       , 37h 5m  ,     1,  4447193, Đà Nẵng       , Hà Nội      , Phổ thông   , 16/11/2025
VN-119     , Vietnam Airlines                       , 11:00         , 01:05       , 38h 5m  ,     1,  4492513, Đà Nẵng       , Hà Nội      , Phổ thông   , 16/11/2025
VN-127     , Vietnam Airlines                       , 12:55         , 00:05       , 11h 10m ,     1,  4541143, Đà Nẵng       , Hà Nội      , Phổ thông   , 16/11/2025
VN-7135    , Vietnam Airlines                       , 13:55         , 00:05       , 10h 10m ,     1,  4600240, Đà Nẵng       , Hà Nội      , Phổ thông   , 16/11/2025
VN-135     , Vietnam Airlines                       , 17:10         , 01:05       , 31h 55m ,     1,  4628058, Đà Nẵng       , Hà Nội      , Phổ thông   , 16/11/2025
VJ-641     , VietJet Air                            , 19:30         , 01:30       , 6h 0m   ,     1,  4795573, Đà Nẵng       , Hà Nội      , Phổ thông   , 16/11/2025
VJ-627     , VietJet Air                            , 11:15         , 16:50       , 5h 35m  ,     1,  4820977, Đà Nẵng       , Hà Nội      , Phổ thông   , 16/11/2025
VN-135     , Vietnam Airlines                       , 17:10         , 00:05       , 6h 55m  ,     1,  5083281, Đà Nẵng       , Hà Nội      , Phổ thông   , 16/11/2025
VN-137     , Vietnam Airlines                       , 19:05         , 00:05       , 5h 0m   ,     1,  5164241, Đà Nẵng       , Hà Nội      , Phổ thông   , 16/11/2025
VN-129     , Vietnam Airlines                       , 14:00         , 18:45       , 4h 45m  ,     1,  5774900, Đà Nẵng       , Hà Nội      , Phổ thông   , 16/11/2025
VN-127     , Vietnam Airlines                       , 12:55         , 17:35       , 4h 40m  ,     1,  5913153, Đà Nẵng       , Hà Nội      , Phổ thông   , 16/11/2025
VN-7135    , Vietnam Airlines                       , 13:55         , 18:45       , 4h 50m  ,     1,  5913153, Đà Nẵng       , Hà Nội      , Phổ thông   , 16/11/2025
VN-7127    , Vietnam Airlines                       , 14:15         , 19:05       , 4h 50m  ,     1,  5913153, Đà Nẵng       , Hà Nội      , Phổ thông   , 16/11/2025
VN-143     , Vietnam Airlines                       , 20:50         , 23:30       , 26h 40m ,     1,  6314750, Đà Nẵng       , Hà Nội      , Phổ thông   , 16/11/2025
VN-1941    , Vietnam Airlines                       , 17:30         , 19:30       , 26h 0m  ,     1,  6507699, Đà Nẵng       , Hà Nội      , Phổ thông   , 16/11/2025
VN-129     , Vietnam Airlines                       , 14:00         , 21:25       , 7h 25m  ,     1,  6612576, Đà Nẵng       , Hà Nội      , Phổ thông   , 16/11/2025
VN-109     , Vietnam Airlines                       , 08:55         , 21:25       , 12h 30m ,     1,  6612576, Đà Nẵng       , Hà Nội      , Phổ thông   , 16/11/2025
VN-143     , Vietnam Airlines                       , 20:50         , 22:35       , 25h 45m ,     1,  6612576, Đà Nẵng       , Hà Nội      , Phổ thông   , 16/11/2025
VN-143     , Vietnam Airlines                       , 20:50         , 23:05       , 26h 15m ,     1,  6612576, Đà Nẵng       , Hà Nội      , Phổ thông   , 16/11/2025
VN-1941    , Vietnam Airlines                       , 17:30         , 12:00       , 18h 30m ,     1,  6808808, Đà Nẵng       , Hà Nội      , Phổ thông   , 16/11/2025
VN-1941    , Vietnam Airlines                       , 17:30         , 14:30       , 21h 0m  ,     1,  6808808, Đà Nẵng       , Hà Nội      , Phổ thông   , 16/11/2025
VN-1941    , Vietnam Airlines                       , 17:30         , 18:15       , 24h 45m ,     1,  6808808, Đà Nẵng       , Hà Nội      , Phổ thông   , 16/11/2025
VN-7127    , Vietnam Airlines                       , 14:15         , 21:25       , 7h 10m  ,     1,  6906577, Đà Nẵng       , Hà Nội      , Phổ thông   , 16/11/2025
VN-7135    , Vietnam Airlines                       , 13:55         , 21:25       , 7h 30m  ,     1,  6906577, Đà Nẵng       , Hà Nội      , Phổ thông   , 16/11/2025
VN-127     , Vietnam Airlines                       , 12:55         , 21:25       , 8h 30m  ,     1,  6906577, Đà Nẵng       , Hà Nội      , Phổ thông   , 16/11/2025
VN-129     , Vietnam Airlines                       , 14:00         , 23:15       , 9h 15m  ,     1,  6906577, Đà Nẵng       , Hà Nội      , Phổ thông   , 16/11/2025
VN-129     , Vietnam Airlines                       , 14:00         , 00:30       , 10h 30m ,     1,  6906577, Đà Nẵng       , Hà Nội      , Phổ thông   , 16/11/2025
VN-129     , Vietnam Airlines                       , 14:00         , 01:05       , 11h 5m  ,     1,  6906577, Đà Nẵng       , Hà Nội      , Phổ thông   , 16/11/2025
VN-109     , Vietnam Airlines                       , 08:55         , 23:15       , 14h 20m ,     1,  6906577, Đà Nẵng       , Hà Nội      , Phổ thông   , 16/11/2025
VN-109     , Vietnam Airlines                       , 08:55         , 00:30       , 15h 35m ,     1,  6906577, Đà Nẵng       , Hà Nội      , Phổ thông   , 16/11/2025
VN-109     , Vietnam Airlines                       , 08:55         , 01:05       , 16h 10m ,     1,  6906577, Đà Nẵng       , Hà Nội      , Phổ thông   , 16/11/2025
VN-7127    , Vietnam Airlines                       , 14:15         , 23:15       , 9h 0m   ,     1,  7200033, Đà Nẵng       , Hà Nội      , Phổ thông   , 16/11/2025
VN-7135    , Vietnam Airlines                       , 13:55         , 23:15       , 9h 20m  ,     1,  7200033, Đà Nẵng       , Hà Nội      , Phổ thông   , 16/11/2025
VN-7127    , Vietnam Airlines                       , 14:15         , 00:30       , 10h 15m ,     1,  7200033, Đà Nẵng       , Hà Nội      , Phổ thông   , 16/11/2025
VN-127     , Vietnam Airlines                       , 12:55         , 23:15       , 10h 20m ,     1,  7200033, Đà Nẵng       , Hà Nội      , Phổ thông   , 16/11/2025
VN-7135    , Vietnam Airlines                       , 13:55         , 00:30       , 10h 35m ,     1,  7200033, Đà Nẵng       , Hà Nội      , Phổ thông   , 16/11/2025
VN-7127    , Vietnam Airlines                       , 14:15         , 01:05       , 10h 50m ,     1,  7200033, Đà Nẵng       , Hà Nội      , Phổ thông   , 16/11/2025
VN-7135    , Vietnam Airlines                       , 13:55         , 01:05       , 11h 10m ,     1,  7200033, Đà Nẵng       , Hà Nội      , Phổ thông   , 16/11/2025
VN-127     , Vietnam Airlines                       , 12:55         , 00:30       , 11h 35m ,     1,  7248993, Đà Nẵng       , Hà Nội      , Phổ thông   , 16/11/2025
VN-127     , Vietnam Airlines                       , 12:55         , 01:05       , 12h 10m ,     1,  7248993, Đà Nẵng       , Hà Nội      , Phổ thông   , 16/11/2025
VN-1911    , Vietnam Airlines                       , 13:20         , 11:15       , 21h 55m ,     1,  7990560, Đà Nẵng       , Hà Nội      , Phổ thông   , 16/11/2025
VN-6070    , Vietnam Airlines                       , 20:20         , 21:45       , 1h 25m  ,     0,  2633048, Đà Nẵng       , Hà Nội      , Thương gia  , 16/11/2025
VN-156     , Vietnam Airlines                       , 06:35         , 08:00       , 1h 25m  ,     0,  2633048, Đà Nẵng       , Hà Nội      , Thương gia  , 16/11/2025
VN-6080    , Vietnam Airlines                       , 10:15         , 11:45       , 1h 30m  ,     0,  3177752, Đà Nẵng       , Hà Nội      , Thương gia  , 16/11/2025
VN-158     , Vietnam Airlines                       , 07:55         , 09:20       , 1h 25m  ,     0,  3184906, Đà Nẵng       , Hà Nội      , Thương gia  , 16/11/2025
QH-104     , Bamboo Airways                         , 09:30         , 10:55       , 1h 25m  ,     0,  4261950, Đà Nẵng       , Hà Nội      , Thương gia  , 16/11/2025
VN-166     , Vietnam Airlines                       , 12:10         , 13:35       , 1h 25m  ,     0,  4412279, Đà Nẵng       , Hà Nội      , Thương gia  , 16/11/2025
VN-164     , Vietnam Airlines                       , 09:40         , 11:05       , 1h 25m  ,     0,  4853766, Đà Nẵng       , Hà Nội      , Thương gia  , 16/11/2025
VN-172     , Vietnam Airlines                       , 15:35         , 17:00       , 1h 25m  ,     0,  4853766, Đà Nẵng       , Hà Nội      , Thương gia  , 16/11/2025
VN-174     , Vietnam Airlines                       , 18:00         , 19:25       , 1h 25m  ,     0,  4853766, Đà Nẵng       , Hà Nội      , Thương gia  , 16/11/2025
VN-168     , Vietnam Airlines                       , 13:50         , 15:20       , 1h 30m  ,     0,  4853766, Đà Nẵng       , Hà Nội      , Thương gia  , 16/11/2025
VN-1670    , Vietnam Airlines                       , 09:30         , 10:45       , 1h 15m  ,     0,  1343389, Đà Nẵng       , Hải Phòng   , Phổ thông   , 13/11/2025
VJ-720     , VietJet Air                            , 10:20         , 11:40       , 1h 20m  ,     0,   896600, Đà Nẵng       , Hải Phòng   , Phổ thông   , 13/11/2025
VN-1670    , Vietnam Airlines                       , 09:30         , 10:45       , 1h 15m  ,     0,  2651674, Đà Nẵng       , Hải Phòng   , Phổ thông   , 13/11/2025
VJ-720     , VietJet Air                            , 10:20         , 11:40       , 1h 20m  ,     0,  3029990, Đà Nẵng       , Hải Phòng   , Phổ thông   , 13/11/2025
VJ-643     , VietJet Air                            , 23:15         , 22:55       , 23h 40m ,     1,  2917668, Đà Nẵng       , Hải Phòng   , Phổ thông   , 13/11/2025
VJ-581     , VietJet Air                            , 17:10         , 12:05       , 18h 55m ,     1,  3032638, Đà Nẵng       , Hải Phòng   , Phổ thông   , 13/11/2025
VJ-643     , VietJet Air                            , 23:15         , 22:00       , 22h 45m ,     1,  3065788, Đà Nẵng       , Hải Phòng   , Phổ thông   , 13/11/2025
VJ-643     , VietJet Air                            , 23:15         , 08:15       , 9h 0m   ,     1,  3180495, Đà Nẵng       , Hải Phòng   , Phổ thông   , 13/11/2025
VJ-647     , VietJet Air                            , 22:30         , 08:15       , 9h 45m  ,     1,  3180495, Đà Nẵng       , Hải Phòng   , Phổ thông   , 13/11/2025
VJ-643     , VietJet Air                            , 23:15         , 20:15       , 21h 0m  ,     1,  3380180, Đà Nẵng       , Hải Phòng   , Phổ thông   , 13/11/2025
VN-129     , Vietnam Airlines                       , 14:00         , 23:40       , 9h 40m  ,     1,  8669726, Đà Nẵng       , Hải Phòng   , Phổ thông   , 13/11/2025
VN-109     , Vietnam Airlines                       , 08:55         , 23:40       , 14h 45m ,     1,  8669726, Đà Nẵng       , Hải Phòng   , Phổ thông   , 13/11/2025
VN-7127    , Vietnam Airlines                       , 14:15         , 23:40       , 9h 25m  ,     1,  8962938, Đà Nẵng       , Hải Phòng   , Phổ thông   , 13/11/2025
VN-7135    , Vietnam Airlines                       , 13:55         , 23:40       , 9h 45m  ,     1,  8962938, Đà Nẵng       , Hải Phòng   , Phổ thông   , 13/11/2025
VN-127     , Vietnam Airlines                       , 12:55         , 23:40       , 10h 45m ,     1,  8962938, Đà Nẵng       , Hải Phòng   , Phổ thông   , 13/11/2025
VN-123     , Vietnam Airlines                       , 12:00         , 23:40       , 11h 40m ,     1,  9554280, Đà Nẵng       , Hải Phòng   , Phổ thông   , 13/11/2025
VN-107     , Vietnam Airlines                       , 08:00         , 23:40       , 15h 40m ,     1,  9554280, Đà Nẵng       , Hải Phòng   , Phổ thông   , 13/11/2025
VN-119     , Vietnam Airlines                       , 11:00         , 23:40       , 12h 40m ,     1,  9847766, Đà Nẵng       , Hải Phòng   , Phổ thông   , 13/11/2025
VN-143     , Vietnam Airlines                       , 20:50         , 21:55       , 25h 5m  ,     1,  9847766, Đà Nẵng       , Hải Phòng   , Phổ thông   , 13/11/2025
VN-143     , Vietnam Airlines                       , 20:50         , 22:30       , 25h 40m ,     1,  9847766, Đà Nẵng       , Hải Phòng   , Phổ thông   , 13/11/2025
VN-137     , Vietnam Airlines                       , 18:05         , 23:40       , 5h 35m  ,     1, 10141254, Đà Nẵng       , Hải Phòng   , Phổ thông   , 13/11/2025
VN-129     , Vietnam Airlines                       , 14:00         , 20:35       , 6h 35m  ,     1, 10141254, Đà Nẵng       , Hải Phòng   , Phổ thông   , 13/11/2025
VN-133     , Vietnam Airlines                       , 15:25         , 23:40       , 8h 15m  ,     1, 10141254, Đà Nẵng       , Hải Phòng   , Phổ thông   , 13/11/2025
VN-129     , Vietnam Airlines                       , 14:00         , 22:30       , 8h 30m  ,     1, 10141254, Đà Nẵng       , Hải Phòng   , Phổ thông   , 13/11/2025
VN-109     , Vietnam Airlines                       , 08:55         , 20:35       , 11h 40m ,     1, 10141254, Đà Nẵng       , Hải Phòng   , Phổ thông   , 13/11/2025
VN-109     , Vietnam Airlines                       , 08:55         , 22:30       , 13h 35m ,     1, 10141254, Đà Nẵng       , Hải Phòng   , Phổ thông   , 13/11/2025
VN-7135    , Vietnam Airlines                       , 13:55         , 22:30       , 8h 35m  ,     1, 10250680, Đà Nẵng       , Hải Phòng   , Phổ thông   , 13/11/2025
VN-127     , Vietnam Airlines                       , 12:55         , 22:30       , 9h 35m  ,     1, 10250680, Đà Nẵng       , Hải Phòng   , Phổ thông   , 13/11/2025
VN-7127    , Vietnam Airlines                       , 14:15         , 20:35       , 6h 20m  ,     1, 10438561, Đà Nẵng       , Hải Phòng   , Phổ thông   , 13/11/2025
VN-7135    , Vietnam Airlines                       , 13:55         , 20:35       , 6h 40m  ,     1, 10438561, Đà Nẵng       , Hải Phòng   , Phổ thông   , 13/11/2025
VN-127     , Vietnam Airlines                       , 12:55         , 20:35       , 7h 40m  ,     1, 10438561, Đà Nẵng       , Hải Phòng   , Phổ thông   , 13/11/2025
VN-7127    , Vietnam Airlines                       , 14:15         , 22:30       , 8h 15m  ,     1, 10438561, Đà Nẵng       , Hải Phòng   , Phổ thông   , 13/11/2025
VN-133     , Vietnam Airlines                       , 15:25         , 20:35       , 5h 10m  ,     1, 11616603, Đà Nẵng       , Hải Phòng   , Phổ thông   , 13/11/2025
VN-135     , Vietnam Airlines                       , 17:10         , 22:30       , 5h 20m  ,     1, 11661922, Đà Nẵng       , Hải Phòng   , Phổ thông   , 13/11/2025
VN-133     , Vietnam Airlines                       , 15:25         , 22:30       , 7h 5m   ,     1, 11735226, Đà Nẵng       , Hải Phòng   , Phổ thông   , 13/11/2025
VN-119     , Vietnam Airlines                       , 11:00         , 15:40       , 4h 40m  ,     1, 12541101, Đà Nẵng       , Hải Phòng   , Phổ thông   , 13/11/2025
VN-1670    , Vietnam Airlines                       , 09:30         , 10:45       , 1h 15m  ,     0,  2630874, Đà Nẵng       , Hải Phòng   , Thương gia  , 13/11/2025
VN-1670    , Vietnam Airlines                       , 09:30         , 10:45       , 1h 15m  ,     0,  1343389, Đà Nẵng       , Hải Phòng   , Phổ thông   , 14/11/2025
VJ-720     , VietJet Air                            , 10:20         , 11:40       , 1h 20m  ,     0,   896600, Đà Nẵng       , Hải Phòng   , Phổ thông   , 14/11/2025
VN-1670    , Vietnam Airlines                       , 09:30         , 10:45       , 1h 15m  ,     0,  2651674, Đà Nẵng       , Hải Phòng   , Phổ thông   , 14/11/2025
VJ-720     , VietJet Air                            , 10:20         , 11:40       , 1h 20m  ,     0,  3029990, Đà Nẵng       , Hải Phòng   , Phổ thông   , 14/11/2025
VJ-643     , VietJet Air                            , 23:15         , 22:55       , 23h 40m ,     1,  2917668, Đà Nẵng       , Hải Phòng   , Phổ thông   , 14/11/2025
VJ-581     , VietJet Air                            , 17:10         , 12:05       , 18h 55m ,     1,  3032638, Đà Nẵng       , Hải Phòng   , Phổ thông   , 14/11/2025
VJ-643     , VietJet Air                            , 23:15         , 22:00       , 22h 45m ,     1,  3065788, Đà Nẵng       , Hải Phòng   , Phổ thông   , 14/11/2025
VJ-643     , VietJet Air                            , 23:15         , 08:15       , 9h 0m   ,     1,  3180495, Đà Nẵng       , Hải Phòng   , Phổ thông   , 14/11/2025
VJ-647     , VietJet Air                            , 22:30         , 08:15       , 9h 45m  ,     1,  3180495, Đà Nẵng       , Hải Phòng   , Phổ thông   , 14/11/2025
VJ-643     , VietJet Air                            , 23:15         , 20:15       , 21h 0m  ,     1,  3380180, Đà Nẵng       , Hải Phòng   , Phổ thông   , 14/11/2025
VN-129     , Vietnam Airlines                       , 14:00         , 23:40       , 9h 40m  ,     1,  8504880, Đà Nẵng       , Hải Phòng   , Phổ thông   , 14/11/2025
VN-109     , Vietnam Airlines                       , 08:55         , 23:40       , 14h 45m ,     1,  8504880, Đà Nẵng       , Hải Phòng   , Phổ thông   , 14/11/2025
VN-7127    , Vietnam Airlines                       , 14:15         , 23:40       , 9h 25m  ,     1,  8792071, Đà Nẵng       , Hải Phòng   , Phổ thông   , 14/11/2025
VN-7135    , Vietnam Airlines                       , 13:55         , 23:40       , 9h 45m  ,     1,  8792071, Đà Nẵng       , Hải Phòng   , Phổ thông   , 14/11/2025
VN-127     , Vietnam Airlines                       , 12:55         , 23:40       , 10h 45m ,     1,  8792071, Đà Nẵng       , Hải Phòng   , Phổ thông   , 14/11/2025
VN-123     , Vietnam Airlines                       , 12:00         , 23:40       , 11h 40m ,     1,  9368089, Đà Nẵng       , Hải Phòng   , Phổ thông   , 14/11/2025
VN-107     , Vietnam Airlines                       , 08:00         , 23:40       , 15h 40m ,     1,  9368089, Đà Nẵng       , Hải Phòng   , Phổ thông   , 14/11/2025
VN-119     , Vietnam Airlines                       , 11:00         , 23:40       , 12h 40m ,     1,  9655552, Đà Nẵng       , Hải Phòng   , Phổ thông   , 14/11/2025
VN-143     , Vietnam Airlines                       , 20:50         , 21:55       , 25h 5m  ,     1,  9847766, Đà Nẵng       , Hải Phòng   , Phổ thông   , 14/11/2025
VN-143     , Vietnam Airlines                       , 20:50         , 22:30       , 25h 40m ,     1,  9847766, Đà Nẵng       , Hải Phòng   , Phổ thông   , 14/11/2025
VN-137     , Vietnam Airlines                       , 18:05         , 23:40       , 5h 35m  ,     1,  9942470, Đà Nẵng       , Hải Phòng   , Phổ thông   , 14/11/2025
VN-129     , Vietnam Airlines                       , 14:00         , 20:35       , 6h 35m  ,     1,  9942470, Đà Nẵng       , Hải Phòng   , Phổ thông   , 14/11/2025
VN-133     , Vietnam Airlines                       , 15:25         , 23:40       , 8h 15m  ,     1,  9942470, Đà Nẵng       , Hải Phòng   , Phổ thông   , 14/11/2025
VN-129     , Vietnam Airlines                       , 14:00         , 22:30       , 8h 30m  ,     1,  9942470, Đà Nẵng       , Hải Phòng   , Phổ thông   , 14/11/2025
VN-7135    , Vietnam Airlines                       , 13:55         , 22:30       , 8h 35m  ,     1,  9942470, Đà Nẵng       , Hải Phòng   , Phổ thông   , 14/11/2025
VN-109     , Vietnam Airlines                       , 08:55         , 20:35       , 11h 40m ,     1,  9942470, Đà Nẵng       , Hải Phòng   , Phổ thông   , 14/11/2025
VN-109     , Vietnam Airlines                       , 08:55         , 22:30       , 13h 35m ,     1,  9942470, Đà Nẵng       , Hải Phòng   , Phổ thông   , 14/11/2025
VN-7127    , Vietnam Airlines                       , 14:15         , 20:35       , 6h 20m  ,     1, 10229934, Đà Nẵng       , Hải Phòng   , Phổ thông   , 14/11/2025
VN-7135    , Vietnam Airlines                       , 13:55         , 20:35       , 6h 40m  ,     1, 10229934, Đà Nẵng       , Hải Phòng   , Phổ thông   , 14/11/2025
VN-127     , Vietnam Airlines                       , 12:55         , 20:35       , 7h 40m  ,     1, 10229934, Đà Nẵng       , Hải Phòng   , Phổ thông   , 14/11/2025
VN-7127    , Vietnam Airlines                       , 14:15         , 22:30       , 8h 15m  ,     1, 10229934, Đà Nẵng       , Hải Phòng   , Phổ thông   , 14/11/2025
VN-127     , Vietnam Airlines                       , 12:55         , 22:30       , 9h 35m  ,     1, 10229934, Đà Nẵng       , Hải Phòng   , Phổ thông   , 14/11/2025
VN-109     , Vietnam Airlines                       , 08:55         , 15:40       , 6h 45m  ,     1, 10804316, Đà Nẵng       , Hải Phòng   , Phổ thông   , 14/11/2025
VN-133     , Vietnam Airlines                       , 15:25         , 20:35       , 5h 10m  ,     1, 11378970, Đà Nẵng       , Hải Phòng   , Phổ thông   , 14/11/2025
VN-133     , Vietnam Airlines                       , 15:25         , 22:30       , 7h 5m   ,     1, 11378970, Đà Nẵng       , Hải Phòng   , Phổ thông   , 14/11/2025
VN-135     , Vietnam Airlines                       , 17:10         , 22:30       , 5h 20m  ,     1, 11661922, Đà Nẵng       , Hải Phòng   , Phổ thông   , 14/11/2025
VN-119     , Vietnam Airlines                       , 11:00         , 15:40       , 4h 40m  ,     1, 12541101, Đà Nẵng       , Hải Phòng   , Phổ thông   , 14/11/2025
VN-1670    , Vietnam Airlines                       , 09:30         , 10:45       , 1h 15m  ,     0,  2630874, Đà Nẵng       , Hải Phòng   , Thương gia  , 14/11/2025
VN-1670    , Vietnam Airlines                       , 09:30         , 10:45       , 1h 15m  ,     0,  1343389, Đà Nẵng       , Hải Phòng   , Phổ thông   , 15/11/2025
VJ-720     , VietJet Air                            , 10:20         , 11:40       , 1h 20m  ,     0,   896600, Đà Nẵng       , Hải Phòng   , Phổ thông   , 15/11/2025
VJ-720     , VietJet Air                            , 10:20         , 11:40       , 1h 20m  ,     0,  3029990, Đà Nẵng       , Hải Phòng   , Phổ thông   , 15/11/2025
VJ-643     , VietJet Air                            , 23:15         , 22:55       , 23h 40m ,     1,  2917668, Đà Nẵng       , Hải Phòng   , Phổ thông   , 15/11/2025
VJ-581     , VietJet Air                            , 17:10         , 12:05       , 18h 55m ,     1,  3032638, Đà Nẵng       , Hải Phòng   , Phổ thông   , 15/11/2025
VJ-643     , VietJet Air                            , 23:15         , 22:00       , 22h 45m ,     1,  3065788, Đà Nẵng       , Hải Phòng   , Phổ thông   , 15/11/2025
VJ-643     , VietJet Air                            , 23:15         , 08:15       , 9h 0m   ,     1,  3180495, Đà Nẵng       , Hải Phòng   , Phổ thông   , 15/11/2025
VJ-647     , VietJet Air                            , 22:30         , 08:15       , 9h 45m  ,     1,  3180495, Đà Nẵng       , Hải Phòng   , Phổ thông   , 15/11/2025
VJ-643     , VietJet Air                            , 23:15         , 20:15       , 21h 0m  ,     1,  3380180, Đà Nẵng       , Hải Phòng   , Phổ thông   , 15/11/2025
VN-129     , Vietnam Airlines                       , 14:00         , 23:40       , 9h 40m  ,     1,  8504880, Đà Nẵng       , Hải Phòng   , Phổ thông   , 15/11/2025
VN-109     , Vietnam Airlines                       , 08:55         , 23:40       , 14h 45m ,     1,  8504880, Đà Nẵng       , Hải Phòng   , Phổ thông   , 15/11/2025
VN-7127    , Vietnam Airlines                       , 14:15         , 23:40       , 9h 25m  ,     1,  8792071, Đà Nẵng       , Hải Phòng   , Phổ thông   , 15/11/2025
VN-7135    , Vietnam Airlines                       , 13:55         , 23:40       , 9h 45m  ,     1,  8792071, Đà Nẵng       , Hải Phòng   , Phổ thông   , 15/11/2025
VN-127     , Vietnam Airlines                       , 12:55         , 23:40       , 10h 45m ,     1,  8792071, Đà Nẵng       , Hải Phòng   , Phổ thông   , 15/11/2025
VN-123     , Vietnam Airlines                       , 12:00         , 23:40       , 11h 40m ,     1,  9368089, Đà Nẵng       , Hải Phòng   , Phổ thông   , 15/11/2025
VN-107     , Vietnam Airlines                       , 08:00         , 23:40       , 15h 40m ,     1,  9368089, Đà Nẵng       , Hải Phòng   , Phổ thông   , 15/11/2025
VN-119     , Vietnam Airlines                       , 11:00         , 23:40       , 12h 40m ,     1,  9655552, Đà Nẵng       , Hải Phòng   , Phổ thông   , 15/11/2025
VN-143     , Vietnam Airlines                       , 20:50         , 21:55       , 25h 5m  ,     1,  9847766, Đà Nẵng       , Hải Phòng   , Phổ thông   , 15/11/2025
VN-143     , Vietnam Airlines                       , 20:50         , 22:30       , 25h 40m ,     1,  9847766, Đà Nẵng       , Hải Phòng   , Phổ thông   , 15/11/2025
VN-137     , Vietnam Airlines                       , 18:05         , 23:40       , 5h 35m  ,     1,  9942470, Đà Nẵng       , Hải Phòng   , Phổ thông   , 15/11/2025
VN-129     , Vietnam Airlines                       , 14:00         , 20:35       , 6h 35m  ,     1,  9942470, Đà Nẵng       , Hải Phòng   , Phổ thông   , 15/11/2025
VN-133     , Vietnam Airlines                       , 15:25         , 23:40       , 8h 15m  ,     1,  9942470, Đà Nẵng       , Hải Phòng   , Phổ thông   , 15/11/2025
VN-129     , Vietnam Airlines                       , 14:00         , 22:30       , 8h 30m  ,     1,  9942470, Đà Nẵng       , Hải Phòng   , Phổ thông   , 15/11/2025
VN-7135    , Vietnam Airlines                       , 13:55         , 22:30       , 8h 35m  ,     1,  9942470, Đà Nẵng       , Hải Phòng   , Phổ thông   , 15/11/2025
VN-109     , Vietnam Airlines                       , 08:55         , 20:35       , 11h 40m ,     1,  9942470, Đà Nẵng       , Hải Phòng   , Phổ thông   , 15/11/2025
VN-109     , Vietnam Airlines                       , 08:55         , 22:30       , 13h 35m ,     1,  9942470, Đà Nẵng       , Hải Phòng   , Phổ thông   , 15/11/2025
VN-7127    , Vietnam Airlines                       , 14:15         , 20:35       , 6h 20m  ,     1, 10229934, Đà Nẵng       , Hải Phòng   , Phổ thông   , 15/11/2025
VN-7135    , Vietnam Airlines                       , 13:55         , 20:35       , 6h 40m  ,     1, 10229934, Đà Nẵng       , Hải Phòng   , Phổ thông   , 15/11/2025
VN-127     , Vietnam Airlines                       , 12:55         , 20:35       , 7h 40m  ,     1, 10229934, Đà Nẵng       , Hải Phòng   , Phổ thông   , 15/11/2025
VN-7127    , Vietnam Airlines                       , 14:15         , 22:30       , 8h 15m  ,     1, 10229934, Đà Nẵng       , Hải Phòng   , Phổ thông   , 15/11/2025
VN-127     , Vietnam Airlines                       , 12:55         , 22:30       , 9h 35m  ,     1, 10229934, Đà Nẵng       , Hải Phòng   , Phổ thông   , 15/11/2025
VN-109     , Vietnam Airlines                       , 08:55         , 15:40       , 6h 45m  ,     1, 10804316, Đà Nẵng       , Hải Phòng   , Phổ thông   , 15/11/2025
VN-133     , Vietnam Airlines                       , 15:25         , 20:35       , 5h 10m  ,     1, 11378970, Đà Nẵng       , Hải Phòng   , Phổ thông   , 15/11/2025
VN-133     , Vietnam Airlines                       , 15:25         , 22:30       , 7h 5m   ,     1, 11378970, Đà Nẵng       , Hải Phòng   , Phổ thông   , 15/11/2025
VN-135     , Vietnam Airlines                       , 17:10         , 22:30       , 5h 20m  ,     1, 11661922, Đà Nẵng       , Hải Phòng   , Phổ thông   , 15/11/2025
VN-119     , Vietnam Airlines                       , 11:00         , 15:40       , 4h 40m  ,     1, 12541101, Đà Nẵng       , Hải Phòng   , Phổ thông   , 15/11/2025
VN-1670    , Vietnam Airlines                       , 09:30         , 10:45       , 1h 15m  ,     0,  2630874, Đà Nẵng       , Hải Phòng   , Thương gia  , 15/11/2025
VN-1670    , Vietnam Airlines                       , 09:30         , 10:45       , 1h 15m  ,     0,  1343389, Đà Nẵng       , Hải Phòng   , Phổ thông   , 16/11/2025
VJ-720     , VietJet Air                            , 10:20         , 11:40       , 1h 20m  ,     0,   896600, Đà Nẵng       , Hải Phòng   , Phổ thông   , 16/11/2025
VN-1670    , Vietnam Airlines                       , 09:30         , 10:45       , 1h 15m  ,     0,  2651674, Đà Nẵng       , Hải Phòng   , Phổ thông   , 16/11/2025
VJ-720     , VietJet Air                            , 10:20         , 11:40       , 1h 20m  ,     0,  3029990, Đà Nẵng       , Hải Phòng   , Phổ thông   , 16/11/2025
VJ-643     , VietJet Air                            , 23:15         , 22:55       , 23h 40m ,     1,  2917668, Đà Nẵng       , Hải Phòng   , Phổ thông   , 16/11/2025
VJ-581     , VietJet Air                            , 17:10         , 12:05       , 18h 55m ,     1,  3032638, Đà Nẵng       , Hải Phòng   , Phổ thông   , 16/11/2025
VJ-643     , VietJet Air                            , 23:15         , 22:00       , 22h 45m ,     1,  3065788, Đà Nẵng       , Hải Phòng   , Phổ thông   , 16/11/2025
VJ-643     , VietJet Air                            , 23:15         , 08:15       , 9h 0m   ,     1,  3180495, Đà Nẵng       , Hải Phòng   , Phổ thông   , 16/11/2025
VJ-647     , VietJet Air                            , 22:30         , 08:15       , 9h 45m  ,     1,  3180495, Đà Nẵng       , Hải Phòng   , Phổ thông   , 16/11/2025
VJ-643     , VietJet Air                            , 23:15         , 20:15       , 21h 0m  ,     1,  3380180, Đà Nẵng       , Hải Phòng   , Phổ thông   , 16/11/2025
VN-129     , Vietnam Airlines                       , 14:00         , 23:40       , 9h 40m  ,     1,  8504880, Đà Nẵng       , Hải Phòng   , Phổ thông   , 16/11/2025
VN-109     , Vietnam Airlines                       , 08:55         , 23:40       , 14h 45m ,     1,  8504880, Đà Nẵng       , Hải Phòng   , Phổ thông   , 16/11/2025
VN-7127    , Vietnam Airlines                       , 14:15         , 23:40       , 9h 25m  ,     1,  8792071, Đà Nẵng       , Hải Phòng   , Phổ thông   , 16/11/2025
VN-7135    , Vietnam Airlines                       , 13:55         , 23:40       , 9h 45m  ,     1,  8792071, Đà Nẵng       , Hải Phòng   , Phổ thông   , 16/11/2025
VN-127     , Vietnam Airlines                       , 12:55         , 23:40       , 10h 45m ,     1,  8792071, Đà Nẵng       , Hải Phòng   , Phổ thông   , 16/11/2025
VN-123     , Vietnam Airlines                       , 12:00         , 23:40       , 11h 40m ,     1,  9368089, Đà Nẵng       , Hải Phòng   , Phổ thông   , 16/11/2025
VN-107     , Vietnam Airlines                       , 08:00         , 23:40       , 15h 40m ,     1,  9368089, Đà Nẵng       , Hải Phòng   , Phổ thông   , 16/11/2025
VN-119     , Vietnam Airlines                       , 11:00         , 23:40       , 12h 40m ,     1,  9655552, Đà Nẵng       , Hải Phòng   , Phổ thông   , 16/11/2025
VN-143     , Vietnam Airlines                       , 20:50         , 21:55       , 25h 5m  ,     1,  9847766, Đà Nẵng       , Hải Phòng   , Phổ thông   , 16/11/2025
VN-143     , Vietnam Airlines                       , 20:50         , 22:30       , 25h 40m ,     1,  9847766, Đà Nẵng       , Hải Phòng   , Phổ thông   , 16/11/2025
VN-137     , Vietnam Airlines                       , 18:05         , 23:40       , 5h 35m  ,     1,  9942470, Đà Nẵng       , Hải Phòng   , Phổ thông   , 16/11/2025
VN-129     , Vietnam Airlines                       , 14:00         , 20:35       , 6h 35m  ,     1,  9942470, Đà Nẵng       , Hải Phòng   , Phổ thông   , 16/11/2025
VN-133     , Vietnam Airlines                       , 15:25         , 23:40       , 8h 15m  ,     1,  9942470, Đà Nẵng       , Hải Phòng   , Phổ thông   , 16/11/2025
VN-129     , Vietnam Airlines                       , 14:00         , 22:30       , 8h 30m  ,     1,  9942470, Đà Nẵng       , Hải Phòng   , Phổ thông   , 16/11/2025
VN-7135    , Vietnam Airlines                       , 13:55         , 22:30       , 8h 35m  ,     1,  9942470, Đà Nẵng       , Hải Phòng   , Phổ thông   , 16/11/2025
VN-109     , Vietnam Airlines                       , 08:55         , 20:35       , 11h 40m ,     1,  9942470, Đà Nẵng       , Hải Phòng   , Phổ thông   , 16/11/2025
VN-109     , Vietnam Airlines                       , 08:55         , 22:30       , 13h 35m ,     1,  9942470, Đà Nẵng       , Hải Phòng   , Phổ thông   , 16/11/2025
VN-7127    , Vietnam Airlines                       , 14:15         , 20:35       , 6h 20m  ,     1, 10229934, Đà Nẵng       , Hải Phòng   , Phổ thông   , 16/11/2025
VN-7135    , Vietnam Airlines                       , 13:55         , 20:35       , 6h 40m  ,     1, 10229934, Đà Nẵng       , Hải Phòng   , Phổ thông   , 16/11/2025
VN-127     , Vietnam Airlines                       , 12:55         , 20:35       , 7h 40m  ,     1, 10229934, Đà Nẵng       , Hải Phòng   , Phổ thông   , 16/11/2025
VN-7127    , Vietnam Airlines                       , 14:15         , 22:30       , 8h 15m  ,     1, 10229934, Đà Nẵng       , Hải Phòng   , Phổ thông   , 16/11/2025
VN-127     , Vietnam Airlines                       , 12:55         , 22:30       , 9h 35m  ,     1, 10229934, Đà Nẵng       , Hải Phòng   , Phổ thông   , 16/11/2025
VN-109     , Vietnam Airlines                       , 08:55         , 15:40       , 6h 45m  ,     1, 10804316, Đà Nẵng       , Hải Phòng   , Phổ thông   , 16/11/2025
VN-133     , Vietnam Airlines                       , 15:25         , 20:35       , 5h 10m  ,     1, 11378970, Đà Nẵng       , Hải Phòng   , Phổ thông   , 16/11/2025
VN-133     , Vietnam Airlines                       , 15:25         , 22:30       , 7h 5m   ,     1, 11378970, Đà Nẵng       , Hải Phòng   , Phổ thông   , 16/11/2025
VN-135     , Vietnam Airlines                       , 17:10         , 22:30       , 5h 20m  ,     1, 11661922, Đà Nẵng       , Hải Phòng   , Phổ thông   , 16/11/2025
VN-119     , Vietnam Airlines                       , 11:00         , 15:40       , 4h 40m  ,     1, 12541101, Đà Nẵng       , Hải Phòng   , Phổ thông   , 16/11/2025
VN-1670    , Vietnam Airlines                       , 09:30         , 10:45       , 1h 15m  ,     0,  2630874, Đà Nẵng       , Hải Phòng   , Thương gia  , 16/11/2025
VJ-643     , VietJet Air                            , 23:15         , 22:30       , 23h 15m ,     1,  1622216, Đà Nẵng       , Phú Bài     , Phổ thông   , 13/11/2025
VU-685     , "Vietravel Airlines, VietJet Air"      , 21:15         , 06:55       , 9h 40m  ,     1,  1655347, Đà Nẵng       , Phú Bài     , Phổ thông   , 13/11/2025
VU-685     , "Vietravel Airlines, VietJet Air"      , 21:15         , 14:05       , 16h 50m ,     1,  1655347, Đà Nẵng       , Phú Bài     , Phổ thông   , 13/11/2025
VU-685     , "Vietravel Airlines, VietJet Air"      , 21:15         , 18:00       , 20h 45m ,     1,  1655347, Đà Nẵng       , Phú Bài     , Phổ thông   , 13/11/2025
VU-685     , "Vietravel Airlines, VietJet Air"      , 21:15         , 20:35       , 23h 20m ,     1,  1655347, Đà Nẵng       , Phú Bài     , Phổ thông   , 13/11/2025
VU-685     , "Vietravel Airlines, VietJet Air"      , 21:15         , 21:40       , 24h 25m ,     1,  1655347, Đà Nẵng       , Phú Bài     , Phổ thông   , 13/11/2025
VU-685     , "Vietravel Airlines, VietJet Air"      , 21:15         , 12:25       , 15h 10m ,     1,  1706075, Đà Nẵng       , Phú Bài     , Phổ thông   , 13/11/2025
VJ-621     , VietJet Air                            , 06:25         , 18:10       , 11h 45m ,     1,  2052620, Đà Nẵng       , Phú Bài     , Phổ thông   , 13/11/2025
VJ-623     , VietJet Air                            , 05:25         , 18:10       , 12h 45m ,     1,  2052620, Đà Nẵng       , Phú Bài     , Phổ thông   , 13/11/2025
VU-673     , "Vietravel Airlines, VietJet Air"      , 11:05         , 18:10       , 7h 5m   ,     1,  2232935, Đà Nẵng       , Phú Bài     , Phổ thông   , 13/11/2025
VJ-631     , VietJet Air                            , 15:00         , 21:40       , 6h 40m  ,     1,  2509355, Đà Nẵng       , Phú Bài     , Phổ thông   , 13/11/2025
VJ-627     , VietJet Air                            , 11:15         , 18:10       , 6h 55m  ,     1,  2597743, Đà Nẵng       , Phú Bài     , Phổ thông   , 13/11/2025
VJ-621     , VietJet Air                            , 06:25         , 14:05       , 7h 40m  ,     1,  2731403, Đà Nẵng       , Phú Bài     , Phổ thông   , 13/11/2025
VN-129     , "Vietnam Airlines, VietJet Air"        , 14:00         , 21:40       , 7h 40m  ,     1,  2972951, Đà Nẵng       , Phú Bài     , Phổ thông   , 13/11/2025
QH-151     , "Bamboo Airways, VietJet Air"          , 08:10         , 14:05       , 5h 55m  ,     1,  3032630, Đà Nẵng       , Phú Bài     , Phổ thông   , 13/11/2025
VJ-631     , VietJet Air                            , 15:00         , 22:30       , 7h 30m  ,     1,  3079471, Đà Nẵng       , Phú Bài     , Phổ thông   , 13/11/2025
VN-127     , "Vietnam Airlines, VietJet Air"        , 12:55         , 18:10       , 5h 15m  ,     1,  3079994, Đà Nẵng       , Phú Bài     , Phổ thông   , 13/11/2025
VU-673     , "Vietravel Airlines, Vietnam Airlines" , 11:05         , 17:05       , 6h 0m   ,     1,  3084197, Đà Nẵng       , Phú Bài     , Phổ thông   , 13/11/2025
VN-7127    , "Vietnam Airlines, VietJet Air"        , 14:15         , 21:40       , 7h 25m  ,     1,  3107366, Đà Nẵng       , Phú Bài     , Phổ thông   , 13/11/2025
VN-7135    , "Vietnam Airlines, VietJet Air"        , 13:55         , 21:40       , 7h 45m  ,     1,  3107366, Đà Nẵng       , Phú Bài     , Phổ thông   , 13/11/2025
VN-123     , "Vietnam Airlines, VietJet Air"        , 12:00         , 18:10       , 6h 10m  ,     1,  3347791, Đà Nẵng       , Phú Bài     , Phổ thông   , 13/11/2025
VJ-643     , VietJet Air                            , 23:15         , 22:30       , 23h 15m ,     1,  1622216, Đà Nẵng       , Phú Bài     , Phổ thông   , 14/11/2025
VU-685     , "Vietravel Airlines, VietJet Air"      , 21:15         , 06:55       , 9h 40m  ,     1,  1655347, Đà Nẵng       , Phú Bài     , Phổ thông   , 14/11/2025
VU-685     , "Vietravel Airlines, VietJet Air"      , 21:15         , 14:05       , 16h 50m ,     1,  1655347, Đà Nẵng       , Phú Bài     , Phổ thông   , 14/11/2025
VU-685     , "Vietravel Airlines, VietJet Air"      , 21:15         , 18:00       , 20h 45m ,     1,  1655347, Đà Nẵng       , Phú Bài     , Phổ thông   , 14/11/2025
VU-685     , "Vietravel Airlines, VietJet Air"      , 21:15         , 20:35       , 23h 20m ,     1,  1655347, Đà Nẵng       , Phú Bài     , Phổ thông   , 14/11/2025
VU-685     , "Vietravel Airlines, VietJet Air"      , 21:15         , 21:40       , 24h 25m ,     1,  1655347, Đà Nẵng       , Phú Bài     , Phổ thông   , 14/11/2025
VU-685     , "Vietravel Airlines, VietJet Air"      , 21:15         , 12:25       , 15h 10m ,     1,  1706075, Đà Nẵng       , Phú Bài     , Phổ thông   , 14/11/2025
VJ-621     , VietJet Air                            , 06:25         , 18:10       , 11h 45m ,     1,  2052620, Đà Nẵng       , Phú Bài     , Phổ thông   , 14/11/2025
VJ-623     , VietJet Air                            , 05:25         , 18:10       , 12h 45m ,     1,  2052620, Đà Nẵng       , Phú Bài     , Phổ thông   , 14/11/2025
VU-673     , "Vietravel Airlines, VietJet Air"      , 11:05         , 18:10       , 7h 5m   ,     1,  2232935, Đà Nẵng       , Phú Bài     , Phổ thông   , 14/11/2025
VJ-631     , VietJet Air                            , 15:00         , 21:40       , 6h 40m  ,     1,  2509355, Đà Nẵng       , Phú Bài     , Phổ thông   , 14/11/2025
VJ-627     , VietJet Air                            , 11:15         , 18:10       , 6h 55m  ,     1,  2597743, Đà Nẵng       , Phú Bài     , Phổ thông   , 14/11/2025
VJ-621     , VietJet Air                            , 06:25         , 14:05       , 7h 40m  ,     1,  2731403, Đà Nẵng       , Phú Bài     , Phổ thông   , 14/11/2025
VN-129     , "Vietnam Airlines, VietJet Air"        , 14:00         , 21:40       , 7h 40m  ,     1,  2972951, Đà Nẵng       , Phú Bài     , Phổ thông   , 14/11/2025
QH-151     , "Bamboo Airways, VietJet Air"          , 08:10         , 14:05       , 5h 55m  ,     1,  3032630, Đà Nẵng       , Phú Bài     , Phổ thông   , 14/11/2025
VJ-631     , VietJet Air                            , 15:00         , 22:30       , 7h 30m  ,     1,  3079471, Đà Nẵng       , Phú Bài     , Phổ thông   , 14/11/2025
VN-127     , "Vietnam Airlines, VietJet Air"        , 12:55         , 18:10       , 5h 15m  ,     1,  3079994, Đà Nẵng       , Phú Bài     , Phổ thông   , 14/11/2025
VU-673     , "Vietravel Airlines, Vietnam Airlines" , 11:05         , 17:05       , 6h 0m   ,     1,  3084197, Đà Nẵng       , Phú Bài     , Phổ thông   , 14/11/2025
VN-7127    , "Vietnam Airlines, VietJet Air"        , 14:15         , 21:40       , 7h 25m  ,     1,  3107366, Đà Nẵng       , Phú Bài     , Phổ thông   , 14/11/2025
VN-7135    , "Vietnam Airlines, VietJet Air"        , 13:55         , 21:40       , 7h 45m  ,     1,  3107366, Đà Nẵng       , Phú Bài     , Phổ thông   , 14/11/2025
VJ-643     , VietJet Air                            , 23:15         , 22:30       , 23h 15m ,     1,  1622216, Đà Nẵng       , Phú Bài     , Phổ thông   , 15/11/2025
VU-685     , "Vietravel Airlines, VietJet Air"      , 21:15         , 06:55       , 9h 40m  ,     1,  1655347, Đà Nẵng       , Phú Bài     , Phổ thông   , 15/11/2025
VU-685     , "Vietravel Airlines, VietJet Air"      , 21:15         , 14:05       , 16h 50m ,     1,  1655347, Đà Nẵng       , Phú Bài     , Phổ thông   , 15/11/2025
VU-685     , "Vietravel Airlines, VietJet Air"      , 21:15         , 18:00       , 20h 45m ,     1,  1655347, Đà Nẵng       , Phú Bài     , Phổ thông   , 15/11/2025
VU-685     , "Vietravel Airlines, VietJet Air"      , 21:15         , 20:35       , 23h 20m ,     1,  1655347, Đà Nẵng       , Phú Bài     , Phổ thông   , 15/11/2025
VU-685     , "Vietravel Airlines, VietJet Air"      , 21:15         , 21:40       , 24h 25m ,     1,  1655347, Đà Nẵng       , Phú Bài     , Phổ thông   , 15/11/2025
VU-685     , "Vietravel Airlines, VietJet Air"      , 21:15         , 12:25       , 15h 10m ,     1,  1706075, Đà Nẵng       , Phú Bài     , Phổ thông   , 15/11/2025
VJ-621     , VietJet Air                            , 06:25         , 18:10       , 11h 45m ,     1,  2019200, Đà Nẵng       , Phú Bài     , Phổ thông   , 15/11/2025
VJ-621     , VietJet Air                            , 06:25         , 21:40       , 15h 15m ,     1,  2019200, Đà Nẵng       , Phú Bài     , Phổ thông   , 15/11/2025
VU-673     , "Vietravel Airlines, VietJet Air"      , 11:05         , 18:10       , 7h 5m   ,     1,  2232935, Đà Nẵng       , Phú Bài     , Phổ thông   , 15/11/2025
VJ-631     , VietJet Air                            , 15:00         , 21:40       , 6h 40m  ,     1,  2489876, Đà Nẵng       , Phú Bài     , Phổ thông   , 15/11/2025
VJ-627     , VietJet Air                            , 11:15         , 18:10       , 6h 55m  ,     1,  2606161, Đà Nẵng       , Phú Bài     , Phổ thông   , 15/11/2025
VJ-621     , VietJet Air                            , 06:25         , 14:05       , 7h 40m  ,     1,  2705876, Đà Nẵng       , Phú Bài     , Phổ thông   , 15/11/2025
VN-129     , "Vietnam Airlines, VietJet Air"        , 14:00         , 21:40       , 7h 40m  ,     1,  2945579, Đà Nẵng       , Phú Bài     , Phổ thông   , 15/11/2025
QH-151     , "Bamboo Airways, VietJet Air"          , 08:10         , 14:05       , 5h 55m  ,     1,  3040523, Đà Nẵng       , Phú Bài     , Phổ thông   , 15/11/2025
VN-127     , "Vietnam Airlines, VietJet Air"        , 12:55         , 18:10       , 5h 15m  ,     1,  3079994, Đà Nẵng       , Phú Bài     , Phổ thông   , 15/11/2025
VN-7127    , "Vietnam Airlines, VietJet Air"        , 14:15         , 21:40       , 7h 25m  ,     1,  3079994, Đà Nẵng       , Phú Bài     , Phổ thông   , 15/11/2025
VN-7135    , "Vietnam Airlines, VietJet Air"        , 13:55         , 21:40       , 7h 45m  ,     1,  3079994, Đà Nẵng       , Phú Bài     , Phổ thông   , 15/11/2025
VU-673     , "Vietravel Airlines, Vietnam Airlines" , 11:05         , 17:05       , 6h 0m   ,     1,  3084197, Đà Nẵng       , Phú Bài     , Phổ thông   , 15/11/2025
VJ-643     , VietJet Air                            , 23:15         , 22:30       , 23h 15m ,     1,  1622216, Đà Nẵng       , Phú Bài     , Phổ thông   , 16/11/2025
VU-685     , "Vietravel Airlines, VietJet Air"      , 21:15         , 06:55       , 9h 40m  ,     1,  1655347, Đà Nẵng       , Phú Bài     , Phổ thông   , 16/11/2025
VU-685     , "Vietravel Airlines, VietJet Air"      , 21:15         , 14:05       , 16h 50m ,     1,  1655347, Đà Nẵng       , Phú Bài     , Phổ thông   , 16/11/2025
VU-685     , "Vietravel Airlines, VietJet Air"      , 21:15         , 18:00       , 20h 45m ,     1,  1655347, Đà Nẵng       , Phú Bài     , Phổ thông   , 16/11/2025
VU-685     , "Vietravel Airlines, VietJet Air"      , 21:15         , 20:35       , 23h 20m ,     1,  1655347, Đà Nẵng       , Phú Bài     , Phổ thông   , 16/11/2025
VU-685     , "Vietravel Airlines, VietJet Air"      , 21:15         , 21:40       , 24h 25m ,     1,  1655347, Đà Nẵng       , Phú Bài     , Phổ thông   , 16/11/2025
VU-685     , "Vietravel Airlines, VietJet Air"      , 21:15         , 12:25       , 15h 10m ,     1,  1706075, Đà Nẵng       , Phú Bài     , Phổ thông   , 16/11/2025
VJ-621     , VietJet Air                            , 06:25         , 18:10       , 11h 45m ,     1,  2019200, Đà Nẵng       , Phú Bài     , Phổ thông   , 16/11/2025
VJ-621     , VietJet Air                            , 06:25         , 21:40       , 15h 15m ,     1,  2019200, Đà Nẵng       , Phú Bài     , Phổ thông   , 16/11/2025
VU-673     , "Vietravel Airlines, VietJet Air"      , 11:05         , 18:10       , 7h 5m   ,     1,  2232935, Đà Nẵng       , Phú Bài     , Phổ thông   , 16/11/2025
VJ-631     , VietJet Air                            , 15:00         , 21:40       , 6h 40m  ,     1,  2489876, Đà Nẵng       , Phú Bài     , Phổ thông   , 16/11/2025
VJ-627     , VietJet Air                            , 11:15         , 18:10       , 6h 55m  ,     1,  2606161, Đà Nẵng       , Phú Bài     , Phổ thông   , 16/11/2025
VJ-621     , VietJet Air                            , 06:25         , 14:05       , 7h 40m  ,     1,  2705876, Đà Nẵng       , Phú Bài     , Phổ thông   , 16/11/2025
VN-129     , "Vietnam Airlines, VietJet Air"        , 14:00         , 21:40       , 7h 40m  ,     1,  2945579, Đà Nẵng       , Phú Bài     , Phổ thông   , 16/11/2025
QH-151     , "Bamboo Airways, VietJet Air"          , 08:10         , 14:05       , 5h 55m  ,     1,  3040523, Đà Nẵng       , Phú Bài     , Phổ thông   , 16/11/2025
VN-127     , "Vietnam Airlines, VietJet Air"        , 12:55         , 18:10       , 5h 15m  ,     1,  3079994, Đà Nẵng       , Phú Bài     , Phổ thông   , 16/11/2025
VN-7127    , "Vietnam Airlines, VietJet Air"        , 14:15         , 21:40       , 7h 25m  ,     1,  3079994, Đà Nẵng       , Phú Bài     , Phổ thông   , 16/11/2025
VN-7135    , "Vietnam Airlines, VietJet Air"        , 13:55         , 21:40       , 7h 45m  ,     1,  3079994, Đà Nẵng       , Phú Bài     , Phổ thông   , 16/11/2025
VU-673     , "Vietravel Airlines, Vietnam Airlines" , 11:05         , 17:05       , 6h 0m   ,     1,  3084197, Đà Nẵng       , Phú Bài     , Phổ thông   , 16/11/2025
VU-685     , Vietravel Airlines                     , 21:15         , 22:45       , 1h 30m  ,     0,   721375, Đà Nẵng       , TP HCM      , Phổ thông   , 13/11/2025
VJ-647     , VietJet Air                            , 22:35         , 00:00       , 1h 25m  ,     0,   688244, Đà Nẵng       , TP HCM      , Phổ thông   , 13/11/2025
VJ-643     , VietJet Air                            , 23:15         , 00:40       , 1h 25m  ,     0,   688244, Đà Nẵng       , TP HCM      , Phổ thông   , 13/11/2025
QH-191     , Bamboo Airways                         , 23:35         , 01:05       , 1h 30m  ,     0,   822069, Đà Nẵng       , TP HCM      , Phổ thông   , 13/11/2025
VJ-623     , VietJet Air                            , 05:25         , 06:50       , 1h 25m  ,     0,  1112600, Đà Nẵng       , TP HCM      , Phổ thông   , 13/11/2025
VJ-621     , VietJet Air                            , 06:25         , 07:50       , 1h 25m  ,     0,  1112600, Đà Nẵng       , TP HCM      , Phổ thông   , 13/11/2025
VJ-649     , VietJet Air                            , 20:05         , 21:30       , 1h 25m  ,     0,  1246460, Đà Nẵng       , TP HCM      , Phổ thông   , 13/11/2025
VU-673     , Vietravel Airlines                     , 11:05         , 12:35       , 1h 30m  ,     0,  1326335, Đà Nẵng       , TP HCM      , Phổ thông   , 13/11/2025
QH-151     , Bamboo Airways                         , 08:10         , 09:40       , 1h 30m  ,     0,  1447247, Đà Nẵng       , TP HCM      , Phổ thông   , 13/11/2025
VJ-635     , VietJet Air                            , 13:30         , 14:55       , 1h 25m  ,     0,  1583276, Đà Nẵng       , TP HCM      , Phổ thông   , 13/11/2025
VJ-631     , VietJet Air                            , 15:00         , 16:25       , 1h 25m  ,     0,  1583276, Đà Nẵng       , TP HCM      , Phổ thông   , 13/11/2025
VJ-627     , VietJet Air                            , 11:15         , 12:40       , 1h 25m  ,     0,  1699561, Đà Nẵng       , TP HCM      , Phổ thông   , 13/11/2025
VN-143     , Vietnam Airlines                       , 20:55         , 22:25       , 1h 30m  ,     0,  1882850, Đà Nẵng       , TP HCM      , Phổ thông   , 13/11/2025
VN-101     , Vietnam Airlines                       , 06:00         , 07:30       , 1h 30m  ,     0,  2038979, Đà Nẵng       , TP HCM      , Phổ thông   , 13/11/2025
VN-109     , Vietnam Airlines                       , 08:55         , 10:25       , 1h 30m  ,     0,  2038979, Đà Nẵng       , TP HCM      , Phổ thông   , 13/11/2025
VN-129     , Vietnam Airlines                       , 14:00         , 15:30       , 1h 30m  ,     0,  2038979, Đà Nẵng       , TP HCM      , Phổ thông   , 13/11/2025
VN-7135    , Vietnam Airlines                       , 13:55         , 15:15       , 1h 20m  ,     0,  2173394, Đà Nẵng       , TP HCM      , Phổ thông   , 13/11/2025
VN-127     , Vietnam Airlines                       , 12:55         , 14:25       , 1h 30m  ,     0,  2173394, Đà Nẵng       , TP HCM      , Phổ thông   , 13/11/2025
VN-7127    , Vietnam Airlines                       , 14:15         , 15:45       , 1h 30m  ,     0,  2173394, Đà Nẵng       , TP HCM      , Phổ thông   , 13/11/2025
VN-123     , Vietnam Airlines                       , 12:00         , 13:20       , 1h 20m  ,     0,  2441191, Đà Nẵng       , TP HCM      , Phổ thông   , 13/11/2025
VN-107     , Vietnam Airlines                       , 08:00         , 09:30       , 1h 30m  ,     0,  2441191, Đà Nẵng       , TP HCM      , Phổ thông   , 13/11/2025
VJ-633     , VietJet Air                            , 12:05         , 13:30       , 1h 25m  ,     0,  2459640, Đà Nẵng       , TP HCM      , Phổ thông   , 13/11/2025
VJ-641     , VietJet Air                            , 19:30         , 20:55       , 1h 25m  ,     0,  2459640, Đà Nẵng       , TP HCM      , Phổ thông   , 13/11/2025
VJ-629     , VietJet Air                            , 07:50         , 09:15       , 1h 25m  ,     0,  2476203, Đà Nẵng       , TP HCM      , Phổ thông   , 13/11/2025
VN-119     , Vietnam Airlines                       , 11:00         , 12:30       , 1h 30m  ,     0,  2531146, Đà Nẵng       , TP HCM      , Phổ thông   , 13/11/2025
VN-137     , Vietnam Airlines                       , 19:05         , 20:35       , 1h 30m  ,     0,  2583879, Đà Nẵng       , TP HCM      , Phổ thông   , 13/11/2025
VN-133     , Vietnam Airlines                       , 15:35         , 17:20       , 1h 45m  ,     0,  2583879, Đà Nẵng       , TP HCM      , Phổ thông   , 13/11/2025
VN-135     , Vietnam Airlines                       , 17:10         , 18:40       , 1h 30m  ,     0,  2622056, Đà Nẵng       , TP HCM      , Phổ thông   , 13/11/2025
VJ-516     , VietJet Air                            , 18:15         , 19:30       , 25h 15m ,     1,  2746399, Đà Nẵng       , TP HCM      , Phổ thông   , 13/11/2025
VJ-516     , VietJet Air                            , 18:15         , 20:40       , 26h 25m ,     1,  2746399, Đà Nẵng       , TP HCM      , Phổ thông   , 13/11/2025
VJ-581     , VietJet Air                            , 17:10         , 18:20       , 25h 10m ,     1,  2778736, Đà Nẵng       , TP HCM      , Phổ thông   , 13/11/2025
VJ-516     , VietJet Air                            , 18:15         , 14:50       , 20h 35m ,     1,  2891888, Đà Nẵng       , TP HCM      , Phổ thông   , 13/11/2025
VJ-504     , VietJet Air                            , 07:40         , 11:40       , 28h 0m  ,     1,  2988068, Đà Nẵng       , TP HCM      , Phổ thông   , 13/11/2025
VJ-522     , VietJet Air                            , 22:40         , 11:10       , 12h 30m ,     1,  3048692, Đà Nẵng       , TP HCM      , Phổ thông   , 13/11/2025
VJ-522     , VietJet Air                            , 22:40         , 11:40       , 13h 0m  ,     1,  3048692, Đà Nẵng       , TP HCM      , Phổ thông   , 13/11/2025
VJ-522     , VietJet Air                            , 22:40         , 12:10       , 13h 30m ,     1,  3048692, Đà Nẵng       , TP HCM      , Phổ thông   , 13/11/2025
VJ-520     , VietJet Air                            , 21:35         , 11:40       , 14h 5m  ,     1,  3048692, Đà Nẵng       , TP HCM      , Phổ thông   , 13/11/2025
VJ-520     , VietJet Air                            , 21:35         , 12:10       , 14h 35m ,     1,  3048692, Đà Nẵng       , TP HCM      , Phổ thông   , 13/11/2025
VJ-522     , VietJet Air                            , 22:40         , 13:20       , 14h 40m ,     1,  3048692, Đà Nẵng       , TP HCM      , Phổ thông   , 13/11/2025
VJ-522     , VietJet Air                            , 22:40         , 13:50       , 15h 10m ,     1,  3048692, Đà Nẵng       , TP HCM      , Phổ thông   , 13/11/2025
VJ-522     , VietJet Air                            , 22:40         , 07:10       , 8h 30m  ,     1,  3168943, Đà Nẵng       , TP HCM      , Phổ thông   , 13/11/2025
VJ-520     , VietJet Air                            , 21:35         , 07:10       , 9h 35m  ,     1,  3168943, Đà Nẵng       , TP HCM      , Phổ thông   , 13/11/2025
VJ-520     , VietJet Air                            , 21:35         , 11:10       , 13h 35m ,     1,  3168943, Đà Nẵng       , TP HCM      , Phổ thông   , 13/11/2025
VJ-522     , VietJet Air                            , 22:40         , 18:00       , 19h 20m ,     1,  3212449, Đà Nẵng       , TP HCM      , Phổ thông   , 13/11/2025
VJ-520     , VietJet Air                            , 21:35         , 18:00       , 20h 25m ,     1,  3212449, Đà Nẵng       , TP HCM      , Phổ thông   , 13/11/2025
VJ-522     , VietJet Air                            , 22:40         , 19:20       , 20h 40m ,     1,  3212449, Đà Nẵng       , TP HCM      , Phổ thông   , 13/11/2025
VJ-520     , VietJet Air                            , 21:35         , 19:20       , 21h 45m ,     1,  3212449, Đà Nẵng       , TP HCM      , Phổ thông   , 13/11/2025
VJ-518     , VietJet Air                            , 20:55         , 11:10       , 14h 15m ,     1,  3252983, Đà Nẵng       , TP HCM      , Phổ thông   , 13/11/2025
VJ-720     , VietJet Air                            , 10:20         , 23:20       , 13h 0m  ,     1,  3322160, Đà Nẵng       , TP HCM      , Phổ thông   , 13/11/2025
VJ-720     , VietJet Air                            , 10:20         , 01:25       , 15h 5m  ,     1,  3322160, Đà Nẵng       , TP HCM      , Phổ thông   , 13/11/2025
VJ-522     , VietJet Air                            , 22:40         , 15:45       , 17h 5m  ,     1,  3358642, Đà Nẵng       , TP HCM      , Phổ thông   , 13/11/2025
VJ-522     , VietJet Air                            , 22:40         , 16:10       , 17h 30m ,     1,  3358642, Đà Nẵng       , TP HCM      , Phổ thông   , 13/11/2025
VJ-520     , VietJet Air                            , 21:35         , 15:45       , 18h 10m ,     1,  3358642, Đà Nẵng       , TP HCM      , Phổ thông   , 13/11/2025
VJ-520     , VietJet Air                            , 21:35         , 16:10       , 18h 35m ,     1,  3358642, Đà Nẵng       , TP HCM      , Phổ thông   , 13/11/2025
VN-1941    , Vietnam Airlines                       , 17:30         , 22:35       , 5h 5m   ,     1,  3359482, Đà Nẵng       , TP HCM      , Phổ thông   , 13/11/2025
VJ-720     , VietJet Air                            , 10:20         , 15:20       , 5h 0m   ,     1,  3581036, Đà Nẵng       , TP HCM      , Phổ thông   , 13/11/2025
VJ-720     , VietJet Air                            , 10:20         , 20:25       , 10h 5m  ,     1,  3581036, Đà Nẵng       , TP HCM      , Phổ thông   , 13/11/2025
VN-1941    , Vietnam Airlines                       , 17:30         , 21:50       , 4h 20m  ,     1,  3949395, Đà Nẵng       , TP HCM      , Phổ thông   , 13/11/2025
VJ-512     , VietJet Air                            , 16:10         , 19:30       , 27h 20m ,     1,  4064480, Đà Nẵng       , TP HCM      , Phổ thông   , 13/11/2025
VJ-512     , VietJet Air                            , 16:10         , 20:40       , 28h 30m ,     1,  4064480, Đà Nẵng       , TP HCM      , Phổ thông   , 13/11/2025
VJ-512     , VietJet Air                            , 16:10         , 14:50       , 22h 40m ,     1,  4209969, Đà Nẵng       , TP HCM      , Phổ thông   , 13/11/2025
VJ-504     , VietJet Air                            , 07:40         , 13:20       , 5h 40m  ,     1,  4386851, Đà Nẵng       , TP HCM      , Phổ thông   , 13/11/2025
VN-1941    , Vietnam Airlines                       , 17:30         , 10:30       , 17h 0m  ,     1,  4391491, Đà Nẵng       , TP HCM      , Phổ thông   , 13/11/2025
VN-1670    , Vietnam Airlines                       , 09:30         , 01:20       , 15h 50m ,     1,  5274861, Đà Nẵng       , TP HCM      , Phổ thông   , 13/11/2025
VN-1941    , Vietnam Airlines                       , 17:30         , 11:35       , 18h 5m  ,     1,  5274861, Đà Nẵng       , TP HCM      , Phổ thông   , 13/11/2025
VN-1911    , Vietnam Airlines                       , 13:20         , 20:35       , 7h 15m  ,     1,  5568592, Đà Nẵng       , TP HCM      , Phổ thông   , 13/11/2025
VJ-516     , VietJet Air                            , 18:15         , 01:00       , 6h 45m  ,     1,  5626378, Đà Nẵng       , TP HCM      , Phổ thông   , 13/11/2025
VN-6070    , Vietnam Airlines                       , 20:20         , 22:25       , 26h 5m  ,     1,  5716956, Đà Nẵng       , TP HCM      , Phổ thông   , 13/11/2025
VN-6070    , Vietnam Airlines                       , 20:20         , 22:40       , 26h 20m ,     1,  5716956, Đà Nẵng       , TP HCM      , Phổ thông   , 13/11/2025
VN-6070    , Vietnam Airlines                       , 20:20         , 07:10       , 10h 50m ,     1,  6303052, Đà Nẵng       , TP HCM      , Phổ thông   , 13/11/2025
VN-6070    , Vietnam Airlines                       , 20:20         , 07:55       , 11h 35m ,     1,  6303052, Đà Nẵng       , TP HCM      , Phổ thông   , 13/11/2025
VN-6070    , Vietnam Airlines                       , 20:20         , 08:40       , 12h 20m ,     1,  6303052, Đà Nẵng       , TP HCM      , Phổ thông   , 13/11/2025
VN-6070    , Vietnam Airlines                       , 20:20         , 20:40       , 24h 20m ,     1,  6303052, Đà Nẵng       , TP HCM      , Phổ thông   , 13/11/2025
VN-156     , Vietnam Airlines                       , 06:35         , 22:40       , 16h 5m  ,     1,  6348975, Đà Nẵng       , TP HCM      , Phổ thông   , 13/11/2025
VN-180     , Vietnam Airlines                       , 18:05         , 22:40       , 4h 35m  ,     1,  6600327, Đà Nẵng       , TP HCM      , Phổ thông   , 13/11/2025
VN-6070    , Vietnam Airlines                       , 20:20         , 01:10       , 4h 50m  ,     1,  6600327, Đà Nẵng       , TP HCM      , Phổ thông   , 13/11/2025
VN-174     , Vietnam Airlines                       , 17:00         , 22:40       , 5h 40m  ,     1,  6600327, Đà Nẵng       , TP HCM      , Phổ thông   , 13/11/2025
VN-6070    , Vietnam Airlines                       , 20:20         , 19:40       , 23h 20m ,     1,  6600327, Đà Nẵng       , TP HCM      , Phổ thông   , 13/11/2025
VN-6070    , Vietnam Airlines                       , 20:20         , 20:10       , 23h 50m ,     1,  6600327, Đà Nẵng       , TP HCM      , Phổ thông   , 13/11/2025
VN-6070    , Vietnam Airlines                       , 20:20         , 22:10       , 25h 50m ,     1,  6600327, Đà Nẵng       , TP HCM      , Phổ thông   , 13/11/2025
VN-6070    , Vietnam Airlines                       , 20:20         , 21:10       , 24h 50m ,     1,  6622964, Đà Nẵng       , TP HCM      , Phổ thông   , 13/11/2025
VN-6070    , Vietnam Airlines                       , 20:20         , 13:00       , 16h 40m ,     1,  6649800, Đà Nẵng       , TP HCM      , Phổ thông   , 13/11/2025
VN-1670    , Vietnam Airlines                       , 09:30         , 23:15       , 13h 45m ,     1,  7038330, Đà Nẵng       , TP HCM      , Phổ thông   , 13/11/2025
VN-6070    , Vietnam Airlines                       , 20:20         , 09:10       , 12h 50m ,     1,  7186695, Đà Nẵng       , TP HCM      , Phổ thông   , 13/11/2025
VN-6070    , Vietnam Airlines                       , 20:20         , 09:30       , 13h 10m ,     1,  7186695, Đà Nẵng       , TP HCM      , Phổ thông   , 13/11/2025
VN-1670    , Vietnam Airlines                       , 09:30         , 08:20       , 22h 50m ,     1,  7686462, Đà Nẵng       , TP HCM      , Phổ thông   , 13/11/2025
VN-1670    , Vietnam Airlines                       , 09:30         , 18:25       , 8h 55m  ,     1,  8569302, Đà Nẵng       , TP HCM      , Phổ thông   , 13/11/2025
VN-143     , Vietnam Airlines                       , 20:55         , 22:25       , 1h 30m  ,     0,  2628157, Đà Nẵng       , TP HCM      , Thương gia  , 13/11/2025
VN-101     , Vietnam Airlines                       , 06:00         , 07:30       , 1h 30m  ,     0,  2628157, Đà Nẵng       , TP HCM      , Thương gia  , 13/11/2025
VN-109     , Vietnam Airlines                       , 08:55         , 10:25       , 1h 30m  ,     0,  2628157, Đà Nẵng       , TP HCM      , Thương gia  , 13/11/2025
VN-7135    , Vietnam Airlines                       , 13:55         , 15:15       , 1h 20m  ,     0,  3179003, Đà Nẵng       , TP HCM      , Thương gia  , 13/11/2025
VN-123     , Vietnam Airlines                       , 12:00         , 13:20       , 1h 20m  ,     0,  3632940, Đà Nẵng       , TP HCM      , Thương gia  , 13/11/2025
VN-119     , Vietnam Airlines                       , 11:00         , 12:30       , 1h 30m  ,     0,  3632940, Đà Nẵng       , TP HCM      , Thương gia  , 13/11/2025
VN-127     , Vietnam Airlines                       , 12:55         , 14:25       , 1h 30m  ,     0,  3632940, Đà Nẵng       , TP HCM      , Thương gia  , 13/11/2025
VN-129     , Vietnam Airlines                       , 14:00         , 15:30       , 1h 30m  ,     0,  3632940, Đà Nẵng       , TP HCM      , Thương gia  , 13/11/2025
VN-7127    , Vietnam Airlines                       , 14:15         , 15:45       , 1h 30m  ,     0,  3632940, Đà Nẵng       , TP HCM      , Thương gia  , 13/11/2025
VN-135     , Vietnam Airlines                       , 17:10         , 18:40       , 1h 30m  ,     0,  3632940, Đà Nẵng       , TP HCM      , Thương gia  , 13/11/2025
VN-137     , Vietnam Airlines                       , 19:05         , 20:35       , 1h 30m  ,     0,  3632940, Đà Nẵng       , TP HCM      , Thương gia  , 13/11/2025
VN-133     , Vietnam Airlines                       , 15:35         , 17:20       , 1h 45m  ,     0,  3632940, Đà Nẵng       , TP HCM      , Thương gia  , 13/11/2025
VN-113     , Vietnam Airlines                       , 09:55         , 11:25       , 1h 30m  ,     0,  3729868, Đà Nẵng       , TP HCM      , Thương gia  , 13/11/2025
QH-191     , Bamboo Airways                         , 23:35         , 01:05       , 1h 30m  ,     0,  4131000, Đà Nẵng       , TP HCM      , Thương gia  , 13/11/2025
QH-151     , Bamboo Airways                         , 08:10         , 09:40       , 1h 30m  ,     0,  4241160, Đà Nẵng       , TP HCM      , Thương gia  , 13/11/2025
VN-107     , Vietnam Airlines                       , 08:00         , 09:30       , 1h 30m  ,     0,  4404123, Đà Nẵng       , TP HCM      , Thương gia  , 13/11/2025
VU-685     , Vietravel Airlines                     , 21:15         , 22:45       , 1h 30m  ,     0,   721375, Đà Nẵng       , TP HCM      , Phổ thông   , 14/11/2025
VJ-647     , VietJet Air                            , 22:35         , 00:00       , 1h 25m  ,     0,   688244, Đà Nẵng       , TP HCM      , Phổ thông   , 14/11/2025
VJ-643     , VietJet Air                            , 23:15         , 00:40       , 1h 25m  ,     0,   688244, Đà Nẵng       , TP HCM      , Phổ thông   , 14/11/2025
QH-191     , Bamboo Airways                         , 23:35         , 01:05       , 1h 30m  ,     0,   822069, Đà Nẵng       , TP HCM      , Phổ thông   , 14/11/2025
VJ-623     , VietJet Air                            , 05:25         , 06:50       , 1h 25m  ,     0,  1112600, Đà Nẵng       , TP HCM      , Phổ thông   , 14/11/2025
VJ-621     , VietJet Air                            , 06:25         , 07:50       , 1h 25m  ,     0,  1112600, Đà Nẵng       , TP HCM      , Phổ thông   , 14/11/2025
VJ-649     , VietJet Air                            , 20:05         , 21:30       , 1h 25m  ,     0,  1246460, Đà Nẵng       , TP HCM      , Phổ thông   , 14/11/2025
VU-673     , Vietravel Airlines                     , 11:05         , 12:35       , 1h 30m  ,     0,  1326335, Đà Nẵng       , TP HCM      , Phổ thông   , 14/11/2025
QH-151     , Bamboo Airways                         , 08:10         , 09:40       , 1h 30m  ,     0,  1447247, Đà Nẵng       , TP HCM      , Phổ thông   , 14/11/2025
VJ-635     , VietJet Air                            , 13:30         , 14:55       , 1h 25m  ,     0,  1583276, Đà Nẵng       , TP HCM      , Phổ thông   , 14/11/2025
VJ-631     , VietJet Air                            , 15:00         , 16:25       , 1h 25m  ,     0,  1583276, Đà Nẵng       , TP HCM      , Phổ thông   , 14/11/2025
VJ-627     , VietJet Air                            , 11:15         , 12:40       , 1h 25m  ,     0,  1699561, Đà Nẵng       , TP HCM      , Phổ thông   , 14/11/2025
VN-143     , Vietnam Airlines                       , 20:55         , 22:25       , 1h 30m  ,     0,  1882850, Đà Nẵng       , TP HCM      , Phổ thông   , 14/11/2025
VN-101     , Vietnam Airlines                       , 06:00         , 07:30       , 1h 30m  ,     0,  2038979, Đà Nẵng       , TP HCM      , Phổ thông   , 14/11/2025
VN-109     , Vietnam Airlines                       , 08:55         , 10:25       , 1h 30m  ,     0,  2038979, Đà Nẵng       , TP HCM      , Phổ thông   , 14/11/2025
VN-129     , Vietnam Airlines                       , 14:00         , 15:30       , 1h 30m  ,     0,  2038979, Đà Nẵng       , TP HCM      , Phổ thông   , 14/11/2025
VN-7135    , Vietnam Airlines                       , 13:55         , 15:15       , 1h 20m  ,     0,  2173394, Đà Nẵng       , TP HCM      , Phổ thông   , 14/11/2025
VN-127     , Vietnam Airlines                       , 12:55         , 14:25       , 1h 30m  ,     0,  2173394, Đà Nẵng       , TP HCM      , Phổ thông   , 14/11/2025
VN-7127    , Vietnam Airlines                       , 14:15         , 15:45       , 1h 30m  ,     0,  2173394, Đà Nẵng       , TP HCM      , Phổ thông   , 14/11/2025
VN-123     , Vietnam Airlines                       , 12:00         , 13:20       , 1h 20m  ,     0,  2441191, Đà Nẵng       , TP HCM      , Phổ thông   , 14/11/2025
VN-107     , Vietnam Airlines                       , 08:00         , 09:30       , 1h 30m  ,     0,  2441191, Đà Nẵng       , TP HCM      , Phổ thông   , 14/11/2025
VJ-633     , VietJet Air                            , 12:05         , 13:30       , 1h 25m  ,     0,  2459640, Đà Nẵng       , TP HCM      , Phổ thông   , 14/11/2025
VJ-641     , VietJet Air                            , 19:30         , 20:55       , 1h 25m  ,     0,  2459640, Đà Nẵng       , TP HCM      , Phổ thông   , 14/11/2025
VJ-629     , VietJet Air                            , 07:50         , 09:15       , 1h 25m  ,     0,  2476203, Đà Nẵng       , TP HCM      , Phổ thông   , 14/11/2025
VN-119     , Vietnam Airlines                       , 11:00         , 12:30       , 1h 30m  ,     0,  2531146, Đà Nẵng       , TP HCM      , Phổ thông   , 14/11/2025
VN-137     , Vietnam Airlines                       , 19:05         , 20:35       , 1h 30m  ,     0,  2583879, Đà Nẵng       , TP HCM      , Phổ thông   , 14/11/2025
VN-133     , Vietnam Airlines                       , 15:35         , 17:20       , 1h 45m  ,     0,  2583879, Đà Nẵng       , TP HCM      , Phổ thông   , 14/11/2025
VN-135     , Vietnam Airlines                       , 17:10         , 18:40       , 1h 30m  ,     0,  2622056, Đà Nẵng       , TP HCM      , Phổ thông   , 14/11/2025
VJ-516     , VietJet Air                            , 18:15         , 19:30       , 25h 15m ,     1,  2746399, Đà Nẵng       , TP HCM      , Phổ thông   , 14/11/2025
VJ-516     , VietJet Air                            , 18:15         , 20:40       , 26h 25m ,     1,  2746399, Đà Nẵng       , TP HCM      , Phổ thông   , 14/11/2025
VJ-581     , VietJet Air                            , 17:10         , 18:20       , 25h 10m ,     1,  2778736, Đà Nẵng       , TP HCM      , Phổ thông   , 14/11/2025
VJ-516     , VietJet Air                            , 18:15         , 14:50       , 20h 35m ,     1,  2891888, Đà Nẵng       , TP HCM      , Phổ thông   , 14/11/2025
VJ-504     , VietJet Air                            , 07:40         , 11:40       , 28h 0m  ,     1,  2988068, Đà Nẵng       , TP HCM      , Phổ thông   , 14/11/2025
VJ-522     , VietJet Air                            , 22:40         , 11:10       , 12h 30m ,     1,  3048692, Đà Nẵng       , TP HCM      , Phổ thông   , 14/11/2025
VJ-522     , VietJet Air                            , 22:40         , 11:40       , 13h 0m  ,     1,  3048692, Đà Nẵng       , TP HCM      , Phổ thông   , 14/11/2025
VJ-522     , VietJet Air                            , 22:40         , 12:10       , 13h 30m ,     1,  3048692, Đà Nẵng       , TP HCM      , Phổ thông   , 14/11/2025
VJ-520     , VietJet Air                            , 21:35         , 11:40       , 14h 5m  ,     1,  3048692, Đà Nẵng       , TP HCM      , Phổ thông   , 14/11/2025
VJ-520     , VietJet Air                            , 21:35         , 12:10       , 14h 35m ,     1,  3048692, Đà Nẵng       , TP HCM      , Phổ thông   , 14/11/2025
VJ-522     , VietJet Air                            , 22:40         , 13:20       , 14h 40m ,     1,  3048692, Đà Nẵng       , TP HCM      , Phổ thông   , 14/11/2025
VJ-522     , VietJet Air                            , 22:40         , 13:50       , 15h 10m ,     1,  3048692, Đà Nẵng       , TP HCM      , Phổ thông   , 14/11/2025
VJ-522     , VietJet Air                            , 22:40         , 07:10       , 8h 30m  ,     1,  3168943, Đà Nẵng       , TP HCM      , Phổ thông   , 14/11/2025
VJ-520     , VietJet Air                            , 21:35         , 07:10       , 9h 35m  ,     1,  3168943, Đà Nẵng       , TP HCM      , Phổ thông   , 14/11/2025
VJ-520     , VietJet Air                            , 21:35         , 11:10       , 13h 35m ,     1,  3168943, Đà Nẵng       , TP HCM      , Phổ thông   , 14/11/2025
VJ-522     , VietJet Air                            , 22:40         , 18:00       , 19h 20m ,     1,  3212449, Đà Nẵng       , TP HCM      , Phổ thông   , 14/11/2025
VJ-520     , VietJet Air                            , 21:35         , 18:00       , 20h 25m ,     1,  3212449, Đà Nẵng       , TP HCM      , Phổ thông   , 14/11/2025
VJ-522     , VietJet Air                            , 22:40         , 19:20       , 20h 40m ,     1,  3212449, Đà Nẵng       , TP HCM      , Phổ thông   , 14/11/2025
VJ-520     , VietJet Air                            , 21:35         , 19:20       , 21h 45m ,     1,  3212449, Đà Nẵng       , TP HCM      , Phổ thông   , 14/11/2025
VJ-518     , VietJet Air                            , 20:55         , 11:10       , 14h 15m ,     1,  3252983, Đà Nẵng       , TP HCM      , Phổ thông   , 14/11/2025
VJ-720     , VietJet Air                            , 10:20         , 23:20       , 13h 0m  ,     1,  3322160, Đà Nẵng       , TP HCM      , Phổ thông   , 14/11/2025
VJ-720     , VietJet Air                            , 10:20         , 01:25       , 15h 5m  ,     1,  3322160, Đà Nẵng       , TP HCM      , Phổ thông   , 14/11/2025
VJ-522     , VietJet Air                            , 22:40         , 15:45       , 17h 5m  ,     1,  3358642, Đà Nẵng       , TP HCM      , Phổ thông   , 14/11/2025
VJ-522     , VietJet Air                            , 22:40         , 16:10       , 17h 30m ,     1,  3358642, Đà Nẵng       , TP HCM      , Phổ thông   , 14/11/2025
VJ-520     , VietJet Air                            , 21:35         , 15:45       , 18h 10m ,     1,  3358642, Đà Nẵng       , TP HCM      , Phổ thông   , 14/11/2025
VJ-520     , VietJet Air                            , 21:35         , 16:10       , 18h 35m ,     1,  3358642, Đà Nẵng       , TP HCM      , Phổ thông   , 14/11/2025
VN-1941    , Vietnam Airlines                       , 17:30         , 22:35       , 5h 5m   ,     1,  3359482, Đà Nẵng       , TP HCM      , Phổ thông   , 14/11/2025
VJ-720     , VietJet Air                            , 10:20         , 15:20       , 5h 0m   ,     1,  3581036, Đà Nẵng       , TP HCM      , Phổ thông   , 14/11/2025
VJ-720     , VietJet Air                            , 10:20         , 20:25       , 10h 5m  ,     1,  3581036, Đà Nẵng       , TP HCM      , Phổ thông   , 14/11/2025
VN-1941    , Vietnam Airlines                       , 17:30         , 21:50       , 4h 20m  ,     1,  3949395, Đà Nẵng       , TP HCM      , Phổ thông   , 14/11/2025
VJ-512     , VietJet Air                            , 16:10         , 19:30       , 27h 20m ,     1,  4064480, Đà Nẵng       , TP HCM      , Phổ thông   , 14/11/2025
VJ-512     , VietJet Air                            , 16:10         , 20:40       , 28h 30m ,     1,  4064480, Đà Nẵng       , TP HCM      , Phổ thông   , 14/11/2025
VJ-512     , VietJet Air                            , 16:10         , 14:50       , 22h 40m ,     1,  4209969, Đà Nẵng       , TP HCM      , Phổ thông   , 14/11/2025
VJ-504     , VietJet Air                            , 07:40         , 13:20       , 5h 40m  ,     1,  4386851, Đà Nẵng       , TP HCM      , Phổ thông   , 14/11/2025
VN-1941    , Vietnam Airlines                       , 17:30         , 10:30       , 17h 0m  ,     1,  4391491, Đà Nẵng       , TP HCM      , Phổ thông   , 14/11/2025
VN-1670    , Vietnam Airlines                       , 09:30         , 01:20       , 15h 50m ,     1,  5274861, Đà Nẵng       , TP HCM      , Phổ thông   , 14/11/2025
VN-1941    , Vietnam Airlines                       , 17:30         , 11:35       , 18h 5m  ,     1,  5274861, Đà Nẵng       , TP HCM      , Phổ thông   , 14/11/2025
VN-1911    , Vietnam Airlines                       , 13:20         , 20:35       , 7h 15m  ,     1,  5568592, Đà Nẵng       , TP HCM      , Phổ thông   , 14/11/2025
VJ-516     , VietJet Air                            , 18:15         , 01:00       , 6h 45m  ,     1,  5626378, Đà Nẵng       , TP HCM      , Phổ thông   , 14/11/2025
VN-6070    , Vietnam Airlines                       , 20:20         , 22:25       , 26h 5m  ,     1,  5716956, Đà Nẵng       , TP HCM      , Phổ thông   , 14/11/2025
VN-6070    , Vietnam Airlines                       , 20:20         , 22:40       , 26h 20m ,     1,  5716956, Đà Nẵng       , TP HCM      , Phổ thông   , 14/11/2025
VN-6070    , Vietnam Airlines                       , 20:20         , 07:10       , 10h 50m ,     1,  6303052, Đà Nẵng       , TP HCM      , Phổ thông   , 14/11/2025
VN-6070    , Vietnam Airlines                       , 20:20         , 07:55       , 11h 35m ,     1,  6303052, Đà Nẵng       , TP HCM      , Phổ thông   , 14/11/2025
VN-6070    , Vietnam Airlines                       , 20:20         , 08:40       , 12h 20m ,     1,  6303052, Đà Nẵng       , TP HCM      , Phổ thông   , 14/11/2025
VN-6070    , Vietnam Airlines                       , 20:20         , 20:40       , 24h 20m ,     1,  6303052, Đà Nẵng       , TP HCM      , Phổ thông   , 14/11/2025
VN-156     , Vietnam Airlines                       , 06:35         , 22:40       , 16h 5m  ,     1,  6348975, Đà Nẵng       , TP HCM      , Phổ thông   , 14/11/2025
VN-180     , Vietnam Airlines                       , 18:05         , 22:40       , 4h 35m  ,     1,  6600327, Đà Nẵng       , TP HCM      , Phổ thông   , 14/11/2025
VN-6070    , Vietnam Airlines                       , 20:20         , 01:10       , 4h 50m  ,     1,  6600327, Đà Nẵng       , TP HCM      , Phổ thông   , 14/11/2025
VN-174     , Vietnam Airlines                       , 17:00         , 22:40       , 5h 40m  ,     1,  6600327, Đà Nẵng       , TP HCM      , Phổ thông   , 14/11/2025
VN-6070    , Vietnam Airlines                       , 20:20         , 19:40       , 23h 20m ,     1,  6600327, Đà Nẵng       , TP HCM      , Phổ thông   , 14/11/2025
VN-6070    , Vietnam Airlines                       , 20:20         , 20:10       , 23h 50m ,     1,  6600327, Đà Nẵng       , TP HCM      , Phổ thông   , 14/11/2025
VN-6070    , Vietnam Airlines                       , 20:20         , 22:10       , 25h 50m ,     1,  6600327, Đà Nẵng       , TP HCM      , Phổ thông   , 14/11/2025
VN-6070    , Vietnam Airlines                       , 20:20         , 21:10       , 24h 50m ,     1,  6622964, Đà Nẵng       , TP HCM      , Phổ thông   , 14/11/2025
VN-6070    , Vietnam Airlines                       , 20:20         , 13:00       , 16h 40m ,     1,  6649800, Đà Nẵng       , TP HCM      , Phổ thông   , 14/11/2025
VN-1670    , Vietnam Airlines                       , 09:30         , 23:15       , 13h 45m ,     1,  7038330, Đà Nẵng       , TP HCM      , Phổ thông   , 14/11/2025
VN-6070    , Vietnam Airlines                       , 20:20         , 09:10       , 12h 50m ,     1,  7186695, Đà Nẵng       , TP HCM      , Phổ thông   , 14/11/2025
VN-6070    , Vietnam Airlines                       , 20:20         , 09:30       , 13h 10m ,     1,  7186695, Đà Nẵng       , TP HCM      , Phổ thông   , 14/11/2025
VN-1670    , Vietnam Airlines                       , 09:30         , 08:20       , 22h 50m ,     1,  7686462, Đà Nẵng       , TP HCM      , Phổ thông   , 14/11/2025
VN-1670    , Vietnam Airlines                       , 09:30         , 18:25       , 8h 55m  ,     1,  8569302, Đà Nẵng       , TP HCM      , Phổ thông   , 14/11/2025
VN-143     , Vietnam Airlines                       , 20:55         , 22:25       , 1h 30m  ,     0,  2628157, Đà Nẵng       , TP HCM      , Thương gia  , 14/11/2025
VN-101     , Vietnam Airlines                       , 06:00         , 07:30       , 1h 30m  ,     0,  2628157, Đà Nẵng       , TP HCM      , Thương gia  , 14/11/2025
VN-109     , Vietnam Airlines                       , 08:55         , 10:25       , 1h 30m  ,     0,  2628157, Đà Nẵng       , TP HCM      , Thương gia  , 14/11/2025
VN-7135    , Vietnam Airlines                       , 13:55         , 15:15       , 1h 20m  ,     0,  3179003, Đà Nẵng       , TP HCM      , Thương gia  , 14/11/2025
VN-123     , Vietnam Airlines                       , 12:00         , 13:20       , 1h 20m  ,     0,  3632940, Đà Nẵng       , TP HCM      , Thương gia  , 14/11/2025
VN-119     , Vietnam Airlines                       , 11:00         , 12:30       , 1h 30m  ,     0,  3632940, Đà Nẵng       , TP HCM      , Thương gia  , 14/11/2025
VN-127     , Vietnam Airlines                       , 12:55         , 14:25       , 1h 30m  ,     0,  3632940, Đà Nẵng       , TP HCM      , Thương gia  , 14/11/2025
VN-129     , Vietnam Airlines                       , 14:00         , 15:30       , 1h 30m  ,     0,  3632940, Đà Nẵng       , TP HCM      , Thương gia  , 14/11/2025
VN-7127    , Vietnam Airlines                       , 14:15         , 15:45       , 1h 30m  ,     0,  3632940, Đà Nẵng       , TP HCM      , Thương gia  , 14/11/2025
VN-135     , Vietnam Airlines                       , 17:10         , 18:40       , 1h 30m  ,     0,  3632940, Đà Nẵng       , TP HCM      , Thương gia  , 14/11/2025
VN-137     , Vietnam Airlines                       , 19:05         , 20:35       , 1h 30m  ,     0,  3632940, Đà Nẵng       , TP HCM      , Thương gia  , 14/11/2025
VN-133     , Vietnam Airlines                       , 15:35         , 17:20       , 1h 45m  ,     0,  3632940, Đà Nẵng       , TP HCM      , Thương gia  , 14/11/2025
VN-113     , Vietnam Airlines                       , 09:55         , 11:25       , 1h 30m  ,     0,  3729868, Đà Nẵng       , TP HCM      , Thương gia  , 14/11/2025
QH-191     , Bamboo Airways                         , 23:35         , 01:05       , 1h 30m  ,     0,  4131000, Đà Nẵng       , TP HCM      , Thương gia  , 14/11/2025
QH-151     , Bamboo Airways                         , 08:10         , 09:40       , 1h 30m  ,     0,  4241160, Đà Nẵng       , TP HCM      , Thương gia  , 14/11/2025
VN-107     , Vietnam Airlines                       , 08:00         , 09:30       , 1h 30m  ,     0,  4404123, Đà Nẵng       , TP HCM      , Thương gia  , 14/11/2025
VU-685     , Vietravel Airlines                     , 21:15         , 22:45       , 1h 30m  ,     0,   721375, Đà Nẵng       , TP HCM      , Phổ thông   , 15/11/2025
VJ-647     , VietJet Air                            , 22:35         , 00:00       , 1h 25m  ,     0,   688244, Đà Nẵng       , TP HCM      , Phổ thông   , 15/11/2025
VJ-643     , VietJet Air                            , 23:15         , 00:40       , 1h 25m  ,     0,   688244, Đà Nẵng       , TP HCM      , Phổ thông   , 15/11/2025
QH-191     , Bamboo Airways                         , 23:35         , 01:05       , 1h 30m  ,     0,   822069, Đà Nẵng       , TP HCM      , Phổ thông   , 15/11/2025
VJ-623     , VietJet Air                            , 05:25         , 06:50       , 1h 25m  ,     0,  1112600, Đà Nẵng       , TP HCM      , Phổ thông   , 15/11/2025
VJ-621     , VietJet Air                            , 06:25         , 07:50       , 1h 25m  ,     0,  1112600, Đà Nẵng       , TP HCM      , Phổ thông   , 15/11/2025
VJ-649     , VietJet Air                            , 20:05         , 21:30       , 1h 25m  ,     0,  1246460, Đà Nẵng       , TP HCM      , Phổ thông   , 15/11/2025
VU-673     , Vietravel Airlines                     , 11:05         , 12:35       , 1h 30m  ,     0,  1326335, Đà Nẵng       , TP HCM      , Phổ thông   , 15/11/2025
QH-151     , Bamboo Airways                         , 08:10         , 09:40       , 1h 30m  ,     0,  1447247, Đà Nẵng       , TP HCM      , Phổ thông   , 15/11/2025
VJ-635     , VietJet Air                            , 13:30         , 14:55       , 1h 25m  ,     0,  1583276, Đà Nẵng       , TP HCM      , Phổ thông   , 15/11/2025
VJ-631     , VietJet Air                            , 15:00         , 16:25       , 1h 25m  ,     0,  1583276, Đà Nẵng       , TP HCM      , Phổ thông   , 15/11/2025
VJ-627     , VietJet Air                            , 11:15         , 12:40       , 1h 25m  ,     0,  1699561, Đà Nẵng       , TP HCM      , Phổ thông   , 15/11/2025
VN-143     , Vietnam Airlines                       , 20:55         , 22:25       , 1h 30m  ,     0,  1882850, Đà Nẵng       , TP HCM      , Phổ thông   , 15/11/2025
VN-101     , Vietnam Airlines                       , 06:00         , 07:30       , 1h 30m  ,     0,  2038979, Đà Nẵng       , TP HCM      , Phổ thông   , 15/11/2025
VN-109     , Vietnam Airlines                       , 08:55         , 10:25       , 1h 30m  ,     0,  2038979, Đà Nẵng       , TP HCM      , Phổ thông   , 15/11/2025
VN-129     , Vietnam Airlines                       , 14:00         , 15:30       , 1h 30m  ,     0,  2038979, Đà Nẵng       , TP HCM      , Phổ thông   , 15/11/2025
VN-7135    , Vietnam Airlines                       , 13:55         , 15:15       , 1h 20m  ,     0,  2173394, Đà Nẵng       , TP HCM      , Phổ thông   , 15/11/2025
VN-127     , Vietnam Airlines                       , 12:55         , 14:25       , 1h 30m  ,     0,  2173394, Đà Nẵng       , TP HCM      , Phổ thông   , 15/11/2025
VN-7127    , Vietnam Airlines                       , 14:15         , 15:45       , 1h 30m  ,     0,  2173394, Đà Nẵng       , TP HCM      , Phổ thông   , 15/11/2025
VN-123     , Vietnam Airlines                       , 12:00         , 13:20       , 1h 20m  ,     0,  2441191, Đà Nẵng       , TP HCM      , Phổ thông   , 15/11/2025
VN-107     , Vietnam Airlines                       , 08:00         , 09:30       , 1h 30m  ,     0,  2441191, Đà Nẵng       , TP HCM      , Phổ thông   , 15/11/2025
VJ-633     , VietJet Air                            , 12:05         , 13:30       , 1h 25m  ,     0,  2459640, Đà Nẵng       , TP HCM      , Phổ thông   , 15/11/2025
VJ-641     , VietJet Air                            , 19:30         , 20:55       , 1h 25m  ,     0,  2459640, Đà Nẵng       , TP HCM      , Phổ thông   , 15/11/2025
VJ-629     , VietJet Air                            , 07:50         , 09:15       , 1h 25m  ,     0,  2476203, Đà Nẵng       , TP HCM      , Phổ thông   , 15/11/2025
VN-119     , Vietnam Airlines                       , 11:00         , 12:30       , 1h 30m  ,     0,  2531146, Đà Nẵng       , TP HCM      , Phổ thông   , 15/11/2025
VN-137     , Vietnam Airlines                       , 19:05         , 20:35       , 1h 30m  ,     0,  2583879, Đà Nẵng       , TP HCM      , Phổ thông   , 15/11/2025
VN-133     , Vietnam Airlines                       , 15:35         , 17:20       , 1h 45m  ,     0,  2583879, Đà Nẵng       , TP HCM      , Phổ thông   , 15/11/2025
VN-135     , Vietnam Airlines                       , 17:10         , 18:40       , 1h 30m  ,     0,  2622056, Đà Nẵng       , TP HCM      , Phổ thông   , 15/11/2025
VJ-516     , VietJet Air                            , 18:15         , 19:30       , 25h 15m ,     1,  2712979, Đà Nẵng       , TP HCM      , Phổ thông   , 15/11/2025
VJ-516     , VietJet Air                            , 18:15         , 20:40       , 26h 25m ,     1,  2712979, Đà Nẵng       , TP HCM      , Phổ thông   , 15/11/2025
VJ-581     , VietJet Air                            , 17:10         , 18:20       , 25h 10m ,     1,  2778736, Đà Nẵng       , TP HCM      , Phổ thông   , 15/11/2025
VJ-516     , VietJet Air                            , 18:15         , 14:50       , 20h 35m ,     1,  2858468, Đà Nẵng       , TP HCM      , Phổ thông   , 15/11/2025
VJ-504     , VietJet Air                            , 07:40         , 11:40       , 28h 0m  ,     1,  2988068, Đà Nẵng       , TP HCM      , Phổ thông   , 15/11/2025
VJ-522     , VietJet Air                            , 22:40         , 11:10       , 12h 30m ,     1,  3048692, Đà Nẵng       , TP HCM      , Phổ thông   , 15/11/2025
VJ-522     , VietJet Air                            , 22:40         , 11:40       , 13h 0m  ,     1,  3048692, Đà Nẵng       , TP HCM      , Phổ thông   , 15/11/2025
VJ-522     , VietJet Air                            , 22:40         , 12:10       , 13h 30m ,     1,  3048692, Đà Nẵng       , TP HCM      , Phổ thông   , 15/11/2025
VJ-520     , VietJet Air                            , 21:35         , 11:40       , 14h 5m  ,     1,  3048692, Đà Nẵng       , TP HCM      , Phổ thông   , 15/11/2025
VJ-520     , VietJet Air                            , 21:35         , 12:10       , 14h 35m ,     1,  3048692, Đà Nẵng       , TP HCM      , Phổ thông   , 15/11/2025
VJ-522     , VietJet Air                            , 22:40         , 13:20       , 14h 40m ,     1,  3048692, Đà Nẵng       , TP HCM      , Phổ thông   , 15/11/2025
VJ-522     , VietJet Air                            , 22:40         , 13:50       , 15h 10m ,     1,  3048692, Đà Nẵng       , TP HCM      , Phổ thông   , 15/11/2025
VJ-522     , VietJet Air                            , 22:40         , 07:10       , 8h 30m  ,     1,  3168943, Đà Nẵng       , TP HCM      , Phổ thông   , 15/11/2025
VJ-520     , VietJet Air                            , 21:35         , 07:10       , 9h 35m  ,     1,  3168943, Đà Nẵng       , TP HCM      , Phổ thông   , 15/11/2025
VJ-520     , VietJet Air                            , 21:35         , 11:10       , 13h 35m ,     1,  3168943, Đà Nẵng       , TP HCM      , Phổ thông   , 15/11/2025
VJ-522     , VietJet Air                            , 22:40         , 18:00       , 19h 20m ,     1,  3212449, Đà Nẵng       , TP HCM      , Phổ thông   , 15/11/2025
VJ-520     , VietJet Air                            , 21:35         , 18:00       , 20h 25m ,     1,  3212449, Đà Nẵng       , TP HCM      , Phổ thông   , 15/11/2025
VJ-522     , VietJet Air                            , 22:40         , 19:20       , 20h 40m ,     1,  3212449, Đà Nẵng       , TP HCM      , Phổ thông   , 15/11/2025
VJ-520     , VietJet Air                            , 21:35         , 19:20       , 21h 45m ,     1,  3212449, Đà Nẵng       , TP HCM      , Phổ thông   , 15/11/2025
VJ-518     , VietJet Air                            , 20:55         , 11:10       , 14h 15m ,     1,  3252983, Đà Nẵng       , TP HCM      , Phổ thông   , 15/11/2025
VJ-720     , VietJet Air                            , 10:20         , 23:20       , 13h 0m  ,     1,  3322160, Đà Nẵng       , TP HCM      , Phổ thông   , 15/11/2025
VJ-720     , VietJet Air                            , 10:20         , 01:25       , 15h 5m  ,     1,  3322160, Đà Nẵng       , TP HCM      , Phổ thông   , 15/11/2025
VJ-522     , VietJet Air                            , 22:40         , 15:45       , 17h 5m  ,     1,  3358642, Đà Nẵng       , TP HCM      , Phổ thông   , 15/11/2025
VJ-522     , VietJet Air                            , 22:40         , 16:10       , 17h 30m ,     1,  3358642, Đà Nẵng       , TP HCM      , Phổ thông   , 15/11/2025
VJ-520     , VietJet Air                            , 21:35         , 15:45       , 18h 10m ,     1,  3358642, Đà Nẵng       , TP HCM      , Phổ thông   , 15/11/2025
VJ-520     , VietJet Air                            , 21:35         , 16:10       , 18h 35m ,     1,  3358642, Đà Nẵng       , TP HCM      , Phổ thông   , 15/11/2025
VN-1941    , Vietnam Airlines                       , 17:30         , 22:35       , 5h 5m   ,     1,  3359482, Đà Nẵng       , TP HCM      , Phổ thông   , 15/11/2025
VJ-720     , VietJet Air                            , 10:20         , 15:20       , 5h 0m   ,     1,  3581036, Đà Nẵng       , TP HCM      , Phổ thông   , 15/11/2025
VJ-720     , VietJet Air                            , 10:20         , 20:25       , 10h 5m  ,     1,  3581036, Đà Nẵng       , TP HCM      , Phổ thông   , 15/11/2025
VN-1941    , Vietnam Airlines                       , 17:30         , 21:50       , 4h 20m  ,     1,  3949395, Đà Nẵng       , TP HCM      , Phổ thông   , 15/11/2025
VJ-512     , VietJet Air                            , 16:10         , 19:30       , 27h 20m ,     1,  4076582, Đà Nẵng       , TP HCM      , Phổ thông   , 15/11/2025
VJ-512     , VietJet Air                            , 16:10         , 20:40       , 28h 30m ,     1,  4076582, Đà Nẵng       , TP HCM      , Phổ thông   , 15/11/2025
VJ-512     , VietJet Air                            , 16:10         , 14:50       , 22h 40m ,     1,  4222071, Đà Nẵng       , TP HCM      , Phổ thông   , 15/11/2025
VJ-504     , VietJet Air                            , 07:40         , 13:20       , 5h 40m  ,     1,  4386851, Đà Nẵng       , TP HCM      , Phổ thông   , 15/11/2025
VN-1941    , Vietnam Airlines                       , 17:30         , 10:30       , 17h 0m  ,     1,  4391491, Đà Nẵng       , TP HCM      , Phổ thông   , 15/11/2025
VN-1670    , Vietnam Airlines                       , 09:30         , 01:20       , 15h 50m ,     1,  5274861, Đà Nẵng       , TP HCM      , Phổ thông   , 15/11/2025
VN-1941    , Vietnam Airlines                       , 17:30         , 11:35       , 18h 5m  ,     1,  5274861, Đà Nẵng       , TP HCM      , Phổ thông   , 15/11/2025
VN-1911    , Vietnam Airlines                       , 13:20         , 20:35       , 7h 15m  ,     1,  5568592, Đà Nẵng       , TP HCM      , Phổ thông   , 15/11/2025
VJ-516     , VietJet Air                            , 18:15         , 01:00       , 6h 45m  ,     1,  5626378, Đà Nẵng       , TP HCM      , Phổ thông   , 15/11/2025
VN-6070    , Vietnam Airlines                       , 20:20         , 22:25       , 26h 5m  ,     1,  5716956, Đà Nẵng       , TP HCM      , Phổ thông   , 15/11/2025
VN-6070    , Vietnam Airlines                       , 20:20         , 22:40       , 26h 20m ,     1,  5716956, Đà Nẵng       , TP HCM      , Phổ thông   , 15/11/2025
VN-6070    , Vietnam Airlines                       , 20:20         , 07:10       , 10h 50m ,     1,  6303052, Đà Nẵng       , TP HCM      , Phổ thông   , 15/11/2025
VN-6070    , Vietnam Airlines                       , 20:20         , 07:55       , 11h 35m ,     1,  6303052, Đà Nẵng       , TP HCM      , Phổ thông   , 15/11/2025
VN-6070    , Vietnam Airlines                       , 20:20         , 08:40       , 12h 20m ,     1,  6303052, Đà Nẵng       , TP HCM      , Phổ thông   , 15/11/2025
VN-6070    , Vietnam Airlines                       , 20:20         , 20:40       , 24h 20m ,     1,  6303052, Đà Nẵng       , TP HCM      , Phổ thông   , 15/11/2025
VN-156     , Vietnam Airlines                       , 06:35         , 22:40       , 16h 5m  ,     1,  6348975, Đà Nẵng       , TP HCM      , Phổ thông   , 15/11/2025
VN-180     , Vietnam Airlines                       , 18:05         , 22:40       , 4h 35m  ,     1,  6600327, Đà Nẵng       , TP HCM      , Phổ thông   , 15/11/2025
VN-6070    , Vietnam Airlines                       , 20:20         , 01:10       , 4h 50m  ,     1,  6600327, Đà Nẵng       , TP HCM      , Phổ thông   , 15/11/2025
VN-174     , Vietnam Airlines                       , 17:00         , 22:40       , 5h 40m  ,     1,  6600327, Đà Nẵng       , TP HCM      , Phổ thông   , 15/11/2025
VN-6070    , Vietnam Airlines                       , 20:20         , 19:40       , 23h 20m ,     1,  6600327, Đà Nẵng       , TP HCM      , Phổ thông   , 15/11/2025
VN-6070    , Vietnam Airlines                       , 20:20         , 20:10       , 23h 50m ,     1,  6600327, Đà Nẵng       , TP HCM      , Phổ thông   , 15/11/2025
VN-6070    , Vietnam Airlines                       , 20:20         , 22:10       , 25h 50m ,     1,  6600327, Đà Nẵng       , TP HCM      , Phổ thông   , 15/11/2025
VN-6070    , Vietnam Airlines                       , 20:20         , 21:10       , 24h 50m ,     1,  6622964, Đà Nẵng       , TP HCM      , Phổ thông   , 15/11/2025
VN-6070    , Vietnam Airlines                       , 20:20         , 13:00       , 16h 40m ,     1,  6649800, Đà Nẵng       , TP HCM      , Phổ thông   , 15/11/2025
VN-1670    , Vietnam Airlines                       , 09:30         , 23:15       , 13h 45m ,     1,  7038330, Đà Nẵng       , TP HCM      , Phổ thông   , 15/11/2025
VN-6070    , Vietnam Airlines                       , 20:20         , 09:10       , 12h 50m ,     1,  7186695, Đà Nẵng       , TP HCM      , Phổ thông   , 15/11/2025
VN-6070    , Vietnam Airlines                       , 20:20         , 09:30       , 13h 10m ,     1,  7186695, Đà Nẵng       , TP HCM      , Phổ thông   , 15/11/2025
VN-1670    , Vietnam Airlines                       , 09:30         , 08:20       , 22h 50m ,     1,  7686462, Đà Nẵng       , TP HCM      , Phổ thông   , 15/11/2025
VN-1670    , Vietnam Airlines                       , 09:30         , 18:25       , 8h 55m  ,     1,  8569302, Đà Nẵng       , TP HCM      , Phổ thông   , 15/11/2025
VN-143     , Vietnam Airlines                       , 20:55         , 22:25       , 1h 30m  ,     0,  2628157, Đà Nẵng       , TP HCM      , Thương gia  , 15/11/2025
VN-101     , Vietnam Airlines                       , 06:00         , 07:30       , 1h 30m  ,     0,  2628157, Đà Nẵng       , TP HCM      , Thương gia  , 15/11/2025
VN-109     , Vietnam Airlines                       , 08:55         , 10:25       , 1h 30m  ,     0,  2628157, Đà Nẵng       , TP HCM      , Thương gia  , 15/11/2025
VN-7135    , Vietnam Airlines                       , 13:55         , 15:15       , 1h 20m  ,     0,  3179003, Đà Nẵng       , TP HCM      , Thương gia  , 15/11/2025
VN-123     , Vietnam Airlines                       , 12:00         , 13:20       , 1h 20m  ,     0,  3632940, Đà Nẵng       , TP HCM      , Thương gia  , 15/11/2025
VN-119     , Vietnam Airlines                       , 11:00         , 12:30       , 1h 30m  ,     0,  3632940, Đà Nẵng       , TP HCM      , Thương gia  , 15/11/2025
VN-127     , Vietnam Airlines                       , 12:55         , 14:25       , 1h 30m  ,     0,  3632940, Đà Nẵng       , TP HCM      , Thương gia  , 15/11/2025
VN-129     , Vietnam Airlines                       , 14:00         , 15:30       , 1h 30m  ,     0,  3632940, Đà Nẵng       , TP HCM      , Thương gia  , 15/11/2025
VN-7127    , Vietnam Airlines                       , 14:15         , 15:45       , 1h 30m  ,     0,  3632940, Đà Nẵng       , TP HCM      , Thương gia  , 15/11/2025
VN-135     , Vietnam Airlines                       , 17:10         , 18:40       , 1h 30m  ,     0,  3632940, Đà Nẵng       , TP HCM      , Thương gia  , 15/11/2025
VN-137     , Vietnam Airlines                       , 19:05         , 20:35       , 1h 30m  ,     0,  3632940, Đà Nẵng       , TP HCM      , Thương gia  , 15/11/2025
VN-133     , Vietnam Airlines                       , 15:35         , 17:20       , 1h 45m  ,     0,  3632940, Đà Nẵng       , TP HCM      , Thương gia  , 15/11/2025
VN-113     , Vietnam Airlines                       , 09:55         , 11:25       , 1h 30m  ,     0,  3729868, Đà Nẵng       , TP HCM      , Thương gia  , 15/11/2025
QH-191     , Bamboo Airways                         , 23:35         , 01:05       , 1h 30m  ,     0,  4131000, Đà Nẵng       , TP HCM      , Thương gia  , 15/11/2025
QH-151     , Bamboo Airways                         , 08:10         , 09:40       , 1h 30m  ,     0,  4241160, Đà Nẵng       , TP HCM      , Thương gia  , 15/11/2025
VN-107     , Vietnam Airlines                       , 08:00         , 09:30       , 1h 30m  ,     0,  4404123, Đà Nẵng       , TP HCM      , Thương gia  , 15/11/2025
VU-685     , Vietravel Airlines                     , 21:15         , 22:45       , 1h 30m  ,     0,   721375, Đà Nẵng       , TP HCM      , Phổ thông   , 16/11/2025
VJ-647     , VietJet Air                            , 22:35         , 00:00       , 1h 25m  ,     0,   688244, Đà Nẵng       , TP HCM      , Phổ thông   , 16/11/2025
VJ-643     , VietJet Air                            , 23:15         , 00:40       , 1h 25m  ,     0,   688244, Đà Nẵng       , TP HCM      , Phổ thông   , 16/11/2025
QH-191     , Bamboo Airways                         , 23:35         , 01:05       , 1h 30m  ,     0,   822069, Đà Nẵng       , TP HCM      , Phổ thông   , 16/11/2025
VJ-623     , VietJet Air                            , 05:25         , 06:50       , 1h 25m  ,     0,  1112600, Đà Nẵng       , TP HCM      , Phổ thông   , 16/11/2025
VJ-621     , VietJet Air                            , 06:25         , 07:50       , 1h 25m  ,     0,  1112600, Đà Nẵng       , TP HCM      , Phổ thông   , 16/11/2025
VJ-649     , VietJet Air                            , 20:05         , 21:30       , 1h 25m  ,     0,  1246460, Đà Nẵng       , TP HCM      , Phổ thông   , 16/11/2025
VU-673     , Vietravel Airlines                     , 11:05         , 12:35       , 1h 30m  ,     0,  1326335, Đà Nẵng       , TP HCM      , Phổ thông   , 16/11/2025
QH-151     , Bamboo Airways                         , 08:10         , 09:40       , 1h 30m  ,     0,  1447247, Đà Nẵng       , TP HCM      , Phổ thông   , 16/11/2025
VJ-635     , VietJet Air                            , 13:30         , 14:55       , 1h 25m  ,     0,  1583276, Đà Nẵng       , TP HCM      , Phổ thông   , 16/11/2025
VJ-631     , VietJet Air                            , 15:00         , 16:25       , 1h 25m  ,     0,  1583276, Đà Nẵng       , TP HCM      , Phổ thông   , 16/11/2025
VJ-627     , VietJet Air                            , 11:15         , 12:40       , 1h 25m  ,     0,  1699561, Đà Nẵng       , TP HCM      , Phổ thông   , 16/11/2025
VN-143     , Vietnam Airlines                       , 20:55         , 22:25       , 1h 30m  ,     0,  1882850, Đà Nẵng       , TP HCM      , Phổ thông   , 16/11/2025
VN-101     , Vietnam Airlines                       , 06:00         , 07:30       , 1h 30m  ,     0,  2038979, Đà Nẵng       , TP HCM      , Phổ thông   , 16/11/2025
VN-109     , Vietnam Airlines                       , 08:55         , 10:25       , 1h 30m  ,     0,  2038979, Đà Nẵng       , TP HCM      , Phổ thông   , 16/11/2025
VN-129     , Vietnam Airlines                       , 14:00         , 15:30       , 1h 30m  ,     0,  2038979, Đà Nẵng       , TP HCM      , Phổ thông   , 16/11/2025
VN-7135    , Vietnam Airlines                       , 13:55         , 15:15       , 1h 20m  ,     0,  2173394, Đà Nẵng       , TP HCM      , Phổ thông   , 16/11/2025
VN-127     , Vietnam Airlines                       , 12:55         , 14:25       , 1h 30m  ,     0,  2173394, Đà Nẵng       , TP HCM      , Phổ thông   , 16/11/2025
VN-7127    , Vietnam Airlines                       , 14:15         , 15:45       , 1h 30m  ,     0,  2173394, Đà Nẵng       , TP HCM      , Phổ thông   , 16/11/2025
VN-123     , Vietnam Airlines                       , 12:00         , 13:20       , 1h 20m  ,     0,  2441191, Đà Nẵng       , TP HCM      , Phổ thông   , 16/11/2025
VN-107     , Vietnam Airlines                       , 08:00         , 09:30       , 1h 30m  ,     0,  2441191, Đà Nẵng       , TP HCM      , Phổ thông   , 16/11/2025
VJ-633     , VietJet Air                            , 12:05         , 13:30       , 1h 25m  ,     0,  2459640, Đà Nẵng       , TP HCM      , Phổ thông   , 16/11/2025
VJ-641     , VietJet Air                            , 19:30         , 20:55       , 1h 25m  ,     0,  2459640, Đà Nẵng       , TP HCM      , Phổ thông   , 16/11/2025
VJ-629     , VietJet Air                            , 07:50         , 09:15       , 1h 25m  ,     0,  2476203, Đà Nẵng       , TP HCM      , Phổ thông   , 16/11/2025
VN-119     , Vietnam Airlines                       , 11:00         , 12:30       , 1h 30m  ,     0,  2531146, Đà Nẵng       , TP HCM      , Phổ thông   , 16/11/2025
VN-137     , Vietnam Airlines                       , 19:05         , 20:35       , 1h 30m  ,     0,  2583879, Đà Nẵng       , TP HCM      , Phổ thông   , 16/11/2025
VN-133     , Vietnam Airlines                       , 15:35         , 17:20       , 1h 45m  ,     0,  2583879, Đà Nẵng       , TP HCM      , Phổ thông   , 16/11/2025
VN-135     , Vietnam Airlines                       , 17:10         , 18:40       , 1h 30m  ,     0,  2622056, Đà Nẵng       , TP HCM      , Phổ thông   , 16/11/2025
VJ-516     , VietJet Air                            , 18:15         , 19:30       , 25h 15m ,     1,  2712979, Đà Nẵng       , TP HCM      , Phổ thông   , 16/11/2025
VJ-516     , VietJet Air                            , 18:15         , 20:40       , 26h 25m ,     1,  2712979, Đà Nẵng       , TP HCM      , Phổ thông   , 16/11/2025
VJ-581     , VietJet Air                            , 17:10         , 18:20       , 25h 10m ,     1,  2778736, Đà Nẵng       , TP HCM      , Phổ thông   , 16/11/2025
VJ-516     , VietJet Air                            , 18:15         , 14:50       , 20h 35m ,     1,  2858468, Đà Nẵng       , TP HCM      , Phổ thông   , 16/11/2025
VJ-504     , VietJet Air                            , 07:40         , 11:40       , 28h 0m  ,     1,  2988068, Đà Nẵng       , TP HCM      , Phổ thông   , 16/11/2025
VJ-522     , VietJet Air                            , 22:40         , 11:10       , 12h 30m ,     1,  3048692, Đà Nẵng       , TP HCM      , Phổ thông   , 16/11/2025
VJ-522     , VietJet Air                            , 22:40         , 11:40       , 13h 0m  ,     1,  3048692, Đà Nẵng       , TP HCM      , Phổ thông   , 16/11/2025
VJ-522     , VietJet Air                            , 22:40         , 12:10       , 13h 30m ,     1,  3048692, Đà Nẵng       , TP HCM      , Phổ thông   , 16/11/2025
VJ-520     , VietJet Air                            , 21:35         , 11:40       , 14h 5m  ,     1,  3048692, Đà Nẵng       , TP HCM      , Phổ thông   , 16/11/2025
VJ-520     , VietJet Air                            , 21:35         , 12:10       , 14h 35m ,     1,  3048692, Đà Nẵng       , TP HCM      , Phổ thông   , 16/11/2025
VJ-522     , VietJet Air                            , 22:40         , 13:20       , 14h 40m ,     1,  3048692, Đà Nẵng       , TP HCM      , Phổ thông   , 16/11/2025
VJ-522     , VietJet Air                            , 22:40         , 13:50       , 15h 10m ,     1,  3048692, Đà Nẵng       , TP HCM      , Phổ thông   , 16/11/2025
VJ-522     , VietJet Air                            , 22:40         , 07:10       , 8h 30m  ,     1,  3168943, Đà Nẵng       , TP HCM      , Phổ thông   , 16/11/2025
VJ-520     , VietJet Air                            , 21:35         , 07:10       , 9h 35m  ,     1,  3168943, Đà Nẵng       , TP HCM      , Phổ thông   , 16/11/2025
VJ-520     , VietJet Air                            , 21:35         , 11:10       , 13h 35m ,     1,  3168943, Đà Nẵng       , TP HCM      , Phổ thông   , 16/11/2025
VJ-522     , VietJet Air                            , 22:40         , 18:00       , 19h 20m ,     1,  3212449, Đà Nẵng       , TP HCM      , Phổ thông   , 16/11/2025
VJ-520     , VietJet Air                            , 21:35         , 18:00       , 20h 25m ,     1,  3212449, Đà Nẵng       , TP HCM      , Phổ thông   , 16/11/2025
VJ-522     , VietJet Air                            , 22:40         , 19:20       , 20h 40m ,     1,  3212449, Đà Nẵng       , TP HCM      , Phổ thông   , 16/11/2025
VJ-520     , VietJet Air                            , 21:35         , 19:20       , 21h 45m ,     1,  3212449, Đà Nẵng       , TP HCM      , Phổ thông   , 16/11/2025
VJ-518     , VietJet Air                            , 20:55         , 11:10       , 14h 15m ,     1,  3252983, Đà Nẵng       , TP HCM      , Phổ thông   , 16/11/2025
VJ-720     , VietJet Air                            , 10:20         , 23:20       , 13h 0m  ,     1,  3322160, Đà Nẵng       , TP HCM      , Phổ thông   , 16/11/2025
VJ-720     , VietJet Air                            , 10:20         , 01:25       , 15h 5m  ,     1,  3322160, Đà Nẵng       , TP HCM      , Phổ thông   , 16/11/2025
VJ-522     , VietJet Air                            , 22:40         , 15:45       , 17h 5m  ,     1,  3358642, Đà Nẵng       , TP HCM      , Phổ thông   , 16/11/2025
VJ-522     , VietJet Air                            , 22:40         , 16:10       , 17h 30m ,     1,  3358642, Đà Nẵng       , TP HCM      , Phổ thông   , 16/11/2025
VJ-520     , VietJet Air                            , 21:35         , 15:45       , 18h 10m ,     1,  3358642, Đà Nẵng       , TP HCM      , Phổ thông   , 16/11/2025
VJ-520     , VietJet Air                            , 21:35         , 16:10       , 18h 35m ,     1,  3358642, Đà Nẵng       , TP HCM      , Phổ thông   , 16/11/2025
VN-1941    , Vietnam Airlines                       , 17:30         , 22:35       , 5h 5m   ,     1,  3359482, Đà Nẵng       , TP HCM      , Phổ thông   , 16/11/2025
VJ-720     , VietJet Air                            , 10:20         , 15:20       , 5h 0m   ,     1,  3581036, Đà Nẵng       , TP HCM      , Phổ thông   , 16/11/2025
VJ-720     , VietJet Air                            , 10:20         , 20:25       , 10h 5m  ,     1,  3581036, Đà Nẵng       , TP HCM      , Phổ thông   , 16/11/2025
VN-1941    , Vietnam Airlines                       , 17:30         , 21:50       , 4h 20m  ,     1,  3949395, Đà Nẵng       , TP HCM      , Phổ thông   , 16/11/2025
VJ-512     , VietJet Air                            , 16:10         , 19:30       , 27h 20m ,     1,  4076582, Đà Nẵng       , TP HCM      , Phổ thông   , 16/11/2025
VJ-512     , VietJet Air                            , 16:10         , 20:40       , 28h 30m ,     1,  4076582, Đà Nẵng       , TP HCM      , Phổ thông   , 16/11/2025
VJ-512     , VietJet Air                            , 16:10         , 14:50       , 22h 40m ,     1,  4222071, Đà Nẵng       , TP HCM      , Phổ thông   , 16/11/2025
VJ-504     , VietJet Air                            , 07:40         , 13:20       , 5h 40m  ,     1,  4386851, Đà Nẵng       , TP HCM      , Phổ thông   , 16/11/2025
VN-1941    , Vietnam Airlines                       , 17:30         , 10:30       , 17h 0m  ,     1,  4391491, Đà Nẵng       , TP HCM      , Phổ thông   , 16/11/2025
VN-1670    , Vietnam Airlines                       , 09:30         , 01:20       , 15h 50m ,     1,  5274861, Đà Nẵng       , TP HCM      , Phổ thông   , 16/11/2025
VN-1941    , Vietnam Airlines                       , 17:30         , 11:35       , 18h 5m  ,     1,  5274861, Đà Nẵng       , TP HCM      , Phổ thông   , 16/11/2025
VN-1911    , Vietnam Airlines                       , 13:20         , 20:35       , 7h 15m  ,     1,  5568592, Đà Nẵng       , TP HCM      , Phổ thông   , 16/11/2025
VJ-516     , VietJet Air                            , 18:15         , 01:00       , 6h 45m  ,     1,  5626378, Đà Nẵng       , TP HCM      , Phổ thông   , 16/11/2025
VN-6070    , Vietnam Airlines                       , 20:20         , 22:25       , 26h 5m  ,     1,  5716956, Đà Nẵng       , TP HCM      , Phổ thông   , 16/11/2025
VN-6070    , Vietnam Airlines                       , 20:20         , 22:40       , 26h 20m ,     1,  5716956, Đà Nẵng       , TP HCM      , Phổ thông   , 16/11/2025
VN-6070    , Vietnam Airlines                       , 20:20         , 07:10       , 10h 50m ,     1,  6303052, Đà Nẵng       , TP HCM      , Phổ thông   , 16/11/2025
VN-6070    , Vietnam Airlines                       , 20:20         , 07:55       , 11h 35m ,     1,  6303052, Đà Nẵng       , TP HCM      , Phổ thông   , 16/11/2025
VN-6070    , Vietnam Airlines                       , 20:20         , 08:40       , 12h 20m ,     1,  6303052, Đà Nẵng       , TP HCM      , Phổ thông   , 16/11/2025
VN-6070    , Vietnam Airlines                       , 20:20         , 20:40       , 24h 20m ,     1,  6303052, Đà Nẵng       , TP HCM      , Phổ thông   , 16/11/2025
VN-156     , Vietnam Airlines                       , 06:35         , 22:40       , 16h 5m  ,     1,  6348975, Đà Nẵng       , TP HCM      , Phổ thông   , 16/11/2025
VN-180     , Vietnam Airlines                       , 18:05         , 22:40       , 4h 35m  ,     1,  6600327, Đà Nẵng       , TP HCM      , Phổ thông   , 16/11/2025
VN-6070    , Vietnam Airlines                       , 20:20         , 01:10       , 4h 50m  ,     1,  6600327, Đà Nẵng       , TP HCM      , Phổ thông   , 16/11/2025
VN-174     , Vietnam Airlines                       , 17:00         , 22:40       , 5h 40m  ,     1,  6600327, Đà Nẵng       , TP HCM      , Phổ thông   , 16/11/2025
VN-6070    , Vietnam Airlines                       , 20:20         , 19:40       , 23h 20m ,     1,  6600327, Đà Nẵng       , TP HCM      , Phổ thông   , 16/11/2025
VN-6070    , Vietnam Airlines                       , 20:20         , 20:10       , 23h 50m ,     1,  6600327, Đà Nẵng       , TP HCM      , Phổ thông   , 16/11/2025
VN-6070    , Vietnam Airlines                       , 20:20         , 22:10       , 25h 50m ,     1,  6600327, Đà Nẵng       , TP HCM      , Phổ thông   , 16/11/2025
VN-6070    , Vietnam Airlines                       , 20:20         , 21:10       , 24h 50m ,     1,  6622964, Đà Nẵng       , TP HCM      , Phổ thông   , 16/11/2025
VN-6070    , Vietnam Airlines                       , 20:20         , 13:00       , 16h 40m ,     1,  6649800, Đà Nẵng       , TP HCM      , Phổ thông   , 16/11/2025
VN-1670    , Vietnam Airlines                       , 09:30         , 23:15       , 13h 45m ,     1,  7038330, Đà Nẵng       , TP HCM      , Phổ thông   , 16/11/2025
VN-6070    , Vietnam Airlines                       , 20:20         , 09:10       , 12h 50m ,     1,  7186695, Đà Nẵng       , TP HCM      , Phổ thông   , 16/11/2025
VN-6070    , Vietnam Airlines                       , 20:20         , 09:30       , 13h 10m ,     1,  7186695, Đà Nẵng       , TP HCM      , Phổ thông   , 16/11/2025
VN-1670    , Vietnam Airlines                       , 09:30         , 08:20       , 22h 50m ,     1,  7686462, Đà Nẵng       , TP HCM      , Phổ thông   , 16/11/2025
VN-1670    , Vietnam Airlines                       , 09:30         , 18:25       , 8h 55m  ,     1,  8569302, Đà Nẵng       , TP HCM      , Phổ thông   , 16/11/2025
VN-143     , Vietnam Airlines                       , 20:55         , 22:25       , 1h 30m  ,     0,  2628157, Đà Nẵng       , TP HCM      , Thương gia  , 16/11/2025
VN-101     , Vietnam Airlines                       , 06:00         , 07:30       , 1h 30m  ,     0,  2628157, Đà Nẵng       , TP HCM      , Thương gia  , 16/11/2025
VN-109     , Vietnam Airlines                       , 08:55         , 10:25       , 1h 30m  ,     0,  2628157, Đà Nẵng       , TP HCM      , Thương gia  , 16/11/2025
VN-7135    , Vietnam Airlines                       , 13:55         , 15:15       , 1h 20m  ,     0,  3179003, Đà Nẵng       , TP HCM      , Thương gia  , 16/11/2025
VN-123     , Vietnam Airlines                       , 12:00         , 13:20       , 1h 20m  ,     0,  3632940, Đà Nẵng       , TP HCM      , Thương gia  , 16/11/2025
VN-119     , Vietnam Airlines                       , 11:00         , 12:30       , 1h 30m  ,     0,  3632940, Đà Nẵng       , TP HCM      , Thương gia  , 16/11/2025
VN-127     , Vietnam Airlines                       , 12:55         , 14:25       , 1h 30m  ,     0,  3632940, Đà Nẵng       , TP HCM      , Thương gia  , 16/11/2025
VN-129     , Vietnam Airlines                       , 14:00         , 15:30       , 1h 30m  ,     0,  3632940, Đà Nẵng       , TP HCM      , Thương gia  , 16/11/2025
VN-7127    , Vietnam Airlines                       , 14:15         , 15:45       , 1h 30m  ,     0,  3632940, Đà Nẵng       , TP HCM      , Thương gia  , 16/11/2025
VN-135     , Vietnam Airlines                       , 17:10         , 18:40       , 1h 30m  ,     0,  3632940, Đà Nẵng       , TP HCM      , Thương gia  , 16/11/2025
VN-137     , Vietnam Airlines                       , 19:05         , 20:35       , 1h 30m  ,     0,  3632940, Đà Nẵng       , TP HCM      , Thương gia  , 16/11/2025
VN-133     , Vietnam Airlines                       , 15:35         , 17:20       , 1h 45m  ,     0,  3632940, Đà Nẵng       , TP HCM      , Thương gia  , 16/11/2025
VN-113     , Vietnam Airlines                       , 09:55         , 11:25       , 1h 30m  ,     0,  3729868, Đà Nẵng       , TP HCM      , Thương gia  , 16/11/2025
QH-191     , Bamboo Airways                         , 23:35         , 01:05       , 1h 30m  ,     0,  4131000, Đà Nẵng       , TP HCM      , Thương gia  , 16/11/2025
QH-151     , Bamboo Airways                         , 08:10         , 09:40       , 1h 30m  ,     0,  4241160, Đà Nẵng       , TP HCM      , Thương gia  , 16/11/2025
VN-107     , Vietnam Airlines                       , 08:00         , 09:30       , 1h 30m  ,     0,  4404123, Đà Nẵng       , TP HCM      , Thương gia  , 16/11/2025
VN-188     , Vietnam Airlines                       , 19:00         , 20:15       , 25h 15m ,     1,  7805907, Đà Nẵng       , Cần Thơ     , Phổ thông   , 13/11/2025
VJ-703     , VietJet Air                            , 13:00         , 14:30       , 1h 30m  ,     0,  1410689, Đà Nẵng       , Cần Thơ     , Phổ thông   , 13/11/2025
VJ-703     , VietJet Air                            , 13:00         , 14:30       , 1h 30m  ,     0,  3030493, Đà Nẵng       , Cần Thơ     , Phổ thông   , 13/11/2025
VJ-522     , VietJet Air                            , 22:40         , 07:40       , 9h 0m   ,     1,  2464665, Đà Nẵng       , Cần Thơ     , Phổ thông   , 13/11/2025
VJ-520     , VietJet Air                            , 21:35         , 07:40       , 10h 5m  ,     1,  2496045, Đà Nẵng       , Cần Thơ     , Phổ thông   , 13/11/2025
VJ-522     , VietJet Air                            , 22:40         , 13:00       , 14h 20m ,     1,  2529074, Đà Nẵng       , Cần Thơ     , Phổ thông   , 13/11/2025
VJ-522     , VietJet Air                            , 22:40         , 19:35       , 20h 55m ,     1,  2529074, Đà Nẵng       , Cần Thơ     , Phổ thông   , 13/11/2025
VJ-520     , VietJet Air                            , 21:35         , 13:00       , 15h 25m ,     1,  2560454, Đà Nẵng       , Cần Thơ     , Phổ thông   , 13/11/2025
VJ-520     , VietJet Air                            , 21:35         , 19:35       , 22h 0m  ,     1,  2560454, Đà Nẵng       , Cần Thơ     , Phổ thông   , 13/11/2025
VU-658     , "Vietravel Airlines, VietJet Air"      , 18:55         , 07:40       , 12h 45m ,     1,  2642770, Đà Nẵng       , Cần Thơ     , Phổ thông   , 13/11/2025
VJ-522     , VietJet Air                            , 22:40         , 07:40       , 9h 0m   ,     1,  3180495, Đà Nẵng       , Cần Thơ     , Phổ thông   , 13/11/2025
VJ-522     , VietJet Air                            , 22:40         , 13:00       , 14h 20m ,     1,  3180495, Đà Nẵng       , Cần Thơ     , Phổ thông   , 13/11/2025
VJ-522     , VietJet Air                            , 22:40         , 19:35       , 20h 55m ,     1,  3180495, Đà Nẵng       , Cần Thơ     , Phổ thông   , 13/11/2025
VU-638     , "Vietravel Airlines, VietJet Air"      , 08:30         , 19:55       , 11h 25m ,     1,  3181476, Đà Nẵng       , Cần Thơ     , Phổ thông   , 13/11/2025
VJ-518     , VietJet Air                            , 20:55         , 07:40       , 10h 45m ,     1,  3287572, Đà Nẵng       , Cần Thơ     , Phổ thông   , 13/11/2025
VJ-518     , VietJet Air                            , 20:55         , 13:00       , 16h 5m  ,     1,  3287572, Đà Nẵng       , Cần Thơ     , Phổ thông   , 13/11/2025
VJ-518     , VietJet Air                            , 20:55         , 19:35       , 22h 40m ,     1,  3287572, Đà Nẵng       , Cần Thơ     , Phổ thông   , 13/11/2025
VJ-520     , VietJet Air                            , 21:35         , 07:40       , 10h 5m  ,     1,  3336360, Đà Nẵng       , Cần Thơ     , Phổ thông   , 13/11/2025
VJ-520     , VietJet Air                            , 21:35         , 13:00       , 15h 25m ,     1,  3336360, Đà Nẵng       , Cần Thơ     , Phổ thông   , 13/11/2025
VJ-520     , VietJet Air                            , 21:35         , 19:35       , 22h 0m  ,     1,  3336360, Đà Nẵng       , Cần Thơ     , Phổ thông   , 13/11/2025
VJ-516     , VietJet Air                            , 18:15         , 07:40       , 13h 25m ,     1,  3405964, Đà Nẵng       , Cần Thơ     , Phổ thông   , 13/11/2025
VJ-516     , VietJet Air                            , 18:15         , 13:00       , 18h 45m ,     1,  3405964, Đà Nẵng       , Cần Thơ     , Phổ thông   , 13/11/2025
VJ-516     , VietJet Air                            , 18:15         , 19:35       , 25h 20m ,     1,  3405964, Đà Nẵng       , Cần Thơ     , Phổ thông   , 13/11/2025
QH-104     , "Bamboo Airways, VietJet Air"          , 09:30         , 19:55       , 10h 25m ,     1,  3471718, Đà Nẵng       , Cần Thơ     , Phổ thông   , 13/11/2025
VJ-504     , VietJet Air                            , 07:40         , 19:35       , 11h 55m ,     1,  3550137, Đà Nẵng       , Cần Thơ     , Phổ thông   , 13/11/2025
VJ-514     , VietJet Air                            , 15:25         , 07:40       , 16h 15m ,     1,  3550137, Đà Nẵng       , Cần Thơ     , Phổ thông   , 13/11/2025
VJ-514     , VietJet Air                            , 15:25         , 13:00       , 21h 35m ,     1,  3550137, Đà Nẵng       , Cần Thơ     , Phổ thông   , 13/11/2025
VJ-504     , VietJet Air                            , 07:40         , 07:40       , 24h 0m  ,     1,  3550137, Đà Nẵng       , Cần Thơ     , Phổ thông   , 13/11/2025
VJ-720     , VietJet Air                            , 10:20         , 18:15       , 7h 55m  ,     1,  4245483, Đà Nẵng       , Cần Thơ     , Phổ thông   , 13/11/2025
VN-6070    , Vietnam Airlines                       , 20:20         , 20:15       , 23h 55m ,     1,  6624728, Đà Nẵng       , Cần Thơ     , Phổ thông   , 13/11/2025
VN-6070    , Vietnam Airlines                       , 20:20         , 09:00       , 12h 40m ,     1,  6674259, Đà Nẵng       , Cần Thơ     , Phổ thông   , 13/11/2025
VN-6070    , Vietnam Airlines                       , 20:20         , 13:55       , 17h 35m ,     1,  7560347, Đà Nẵng       , Cần Thơ     , Phổ thông   , 13/11/2025
VN-188     , Vietnam Airlines                       , 19:00         , 20:15       , 25h 15m ,     1,  7805907, Đà Nẵng       , Cần Thơ     , Phổ thông   , 13/11/2025
VN-180     , Vietnam Airlines                       , 18:05         , 20:15       , 26h 10m ,     1,  7805907, Đà Nẵng       , Cần Thơ     , Phổ thông   , 13/11/2025
VN-188     , Vietnam Airlines                       , 19:00         , 09:00       , 14h 0m  ,     1,  7861732, Đà Nẵng       , Cần Thơ     , Phổ thông   , 13/11/2025
VN-180     , Vietnam Airlines                       , 18:05         , 09:00       , 14h 55m ,     1,  7861732, Đà Nẵng       , Cần Thơ     , Phổ thông   , 13/11/2025
VN-174     , Vietnam Airlines                       , 17:00         , 09:00       , 16h 0m  ,     1,  7861732, Đà Nẵng       , Cần Thơ     , Phổ thông   , 13/11/2025
VN-188     , Vietnam Airlines                       , 19:00         , 13:55       , 18h 55m ,     1,  8727308, Đà Nẵng       , Cần Thơ     , Phổ thông   , 13/11/2025
VN-180     , Vietnam Airlines                       , 18:05         , 13:55       , 19h 50m ,     1,  8727308, Đà Nẵng       , Cần Thơ     , Phổ thông   , 13/11/2025
VN-168     , Vietnam Airlines                       , 12:50         , 09:00       , 20h 10m ,     1,  8727308, Đà Nẵng       , Cần Thơ     , Phổ thông   , 13/11/2025
VN-166     , Vietnam Airlines                       , 12:10         , 09:00       , 20h 50m ,     1,  8727308, Đà Nẵng       , Cần Thơ     , Phổ thông   , 13/11/2025
VN-174     , Vietnam Airlines                       , 17:00         , 13:55       , 20h 55m ,     1,  8727308, Đà Nẵng       , Cần Thơ     , Phổ thông   , 13/11/2025
VN-172     , Vietnam Airlines                       , 15:35         , 09:00       , 17h 25m ,     1,  9024862, Đà Nẵng       , Cần Thơ     , Phổ thông   , 13/11/2025
VN-158     , Vietnam Airlines                       , 07:55         , 09:00       , 25h 5m  ,     1,  9024862, Đà Nẵng       , Cần Thơ     , Phổ thông   , 13/11/2025
VN-6080    , Vietnam Airlines                       , 10:15         , 09:00       , 22h 45m ,     1,  9281628, Đà Nẵng       , Cần Thơ     , Phổ thông   , 13/11/2025
VN-164     , Vietnam Airlines                       , 09:40         , 09:00       , 23h 20m ,     1,  9323510, Đà Nẵng       , Cần Thơ     , Phổ thông   , 13/11/2025
VN-168     , Vietnam Airlines                       , 12:50         , 13:55       , 25h 5m  ,     1,  9613946, Đà Nẵng       , Cần Thơ     , Phổ thông   , 13/11/2025
VN-166     , Vietnam Airlines                       , 12:10         , 13:55       , 25h 45m ,     1,  9613946, Đà Nẵng       , Cần Thơ     , Phổ thông   , 13/11/2025
VN-172     , Vietnam Airlines                       , 15:35         , 13:55       , 22h 20m ,     1,  9912046, Đà Nẵng       , Cần Thơ     , Phổ thông   , 13/11/2025
VN-188     , Vietnam Airlines                       , 19:00         , 20:15       , 25h 15m ,     1,  7805907, Đà Nẵng       , Cần Thơ     , Phổ thông   , 14/11/2025
VJ-703     , VietJet Air                            , 13:00         , 14:30       , 1h 30m  ,     0,  1410689, Đà Nẵng       , Cần Thơ     , Phổ thông   , 14/11/2025
VJ-703     , VietJet Air                            , 13:00         , 14:30       , 1h 30m  ,     0,  3030493, Đà Nẵng       , Cần Thơ     , Phổ thông   , 14/11/2025
VJ-522     , VietJet Air                            , 22:40         , 07:40       , 9h 0m   ,     1,  2464665, Đà Nẵng       , Cần Thơ     , Phổ thông   , 14/11/2025
VJ-520     , VietJet Air                            , 21:35         , 07:40       , 10h 5m  ,     1,  2496045, Đà Nẵng       , Cần Thơ     , Phổ thông   , 14/11/2025
VJ-522     , VietJet Air                            , 22:40         , 13:00       , 14h 20m ,     1,  2529074, Đà Nẵng       , Cần Thơ     , Phổ thông   , 14/11/2025
VJ-522     , VietJet Air                            , 22:40         , 19:35       , 20h 55m ,     1,  2529074, Đà Nẵng       , Cần Thơ     , Phổ thông   , 14/11/2025
VJ-520     , VietJet Air                            , 21:35         , 13:00       , 15h 25m ,     1,  2560454, Đà Nẵng       , Cần Thơ     , Phổ thông   , 14/11/2025
VJ-520     , VietJet Air                            , 21:35         , 19:35       , 22h 0m  ,     1,  2560454, Đà Nẵng       , Cần Thơ     , Phổ thông   , 14/11/2025
VU-658     , "Vietravel Airlines, VietJet Air"      , 18:55         , 07:40       , 12h 45m ,     1,  2642770, Đà Nẵng       , Cần Thơ     , Phổ thông   , 14/11/2025
VJ-522     , VietJet Air                            , 22:40         , 07:40       , 9h 0m   ,     1,  3180495, Đà Nẵng       , Cần Thơ     , Phổ thông   , 14/11/2025
VJ-522     , VietJet Air                            , 22:40         , 13:00       , 14h 20m ,     1,  3180495, Đà Nẵng       , Cần Thơ     , Phổ thông   , 14/11/2025
VJ-522     , VietJet Air                            , 22:40         , 19:35       , 20h 55m ,     1,  3180495, Đà Nẵng       , Cần Thơ     , Phổ thông   , 14/11/2025
VU-638     , "Vietravel Airlines, VietJet Air"      , 08:30         , 19:55       , 11h 25m ,     1,  3181476, Đà Nẵng       , Cần Thơ     , Phổ thông   , 14/11/2025
VJ-518     , VietJet Air                            , 20:55         , 07:40       , 10h 45m ,     1,  3287572, Đà Nẵng       , Cần Thơ     , Phổ thông   , 14/11/2025
VJ-518     , VietJet Air                            , 20:55         , 13:00       , 16h 5m  ,     1,  3287572, Đà Nẵng       , Cần Thơ     , Phổ thông   , 14/11/2025
VJ-518     , VietJet Air                            , 20:55         , 19:35       , 22h 40m ,     1,  3287572, Đà Nẵng       , Cần Thơ     , Phổ thông   , 14/11/2025
VJ-520     , VietJet Air                            , 21:35         , 07:40       , 10h 5m  ,     1,  3336360, Đà Nẵng       , Cần Thơ     , Phổ thông   , 14/11/2025
VJ-520     , VietJet Air                            , 21:35         , 13:00       , 15h 25m ,     1,  3336360, Đà Nẵng       , Cần Thơ     , Phổ thông   , 14/11/2025
VJ-520     , VietJet Air                            , 21:35         , 19:35       , 22h 0m  ,     1,  3336360, Đà Nẵng       , Cần Thơ     , Phổ thông   , 14/11/2025
VJ-516     , VietJet Air                            , 18:15         , 07:40       , 13h 25m ,     1,  3405964, Đà Nẵng       , Cần Thơ     , Phổ thông   , 14/11/2025
VJ-516     , VietJet Air                            , 18:15         , 13:00       , 18h 45m ,     1,  3405964, Đà Nẵng       , Cần Thơ     , Phổ thông   , 14/11/2025
VJ-516     , VietJet Air                            , 18:15         , 19:35       , 25h 20m ,     1,  3405964, Đà Nẵng       , Cần Thơ     , Phổ thông   , 14/11/2025
QH-104     , "Bamboo Airways, VietJet Air"          , 09:30         , 19:55       , 10h 25m ,     1,  3471718, Đà Nẵng       , Cần Thơ     , Phổ thông   , 14/11/2025
VJ-504     , VietJet Air                            , 07:40         , 19:35       , 11h 55m ,     1,  3550137, Đà Nẵng       , Cần Thơ     , Phổ thông   , 14/11/2025
VJ-514     , VietJet Air                            , 15:25         , 07:40       , 16h 15m ,     1,  3550137, Đà Nẵng       , Cần Thơ     , Phổ thông   , 14/11/2025
VJ-514     , VietJet Air                            , 15:25         , 13:00       , 21h 35m ,     1,  3550137, Đà Nẵng       , Cần Thơ     , Phổ thông   , 14/11/2025
VJ-504     , VietJet Air                            , 07:40         , 07:40       , 24h 0m  ,     1,  3550137, Đà Nẵng       , Cần Thơ     , Phổ thông   , 14/11/2025
VJ-720     , VietJet Air                            , 10:20         , 18:15       , 7h 55m  ,     1,  4245483, Đà Nẵng       , Cần Thơ     , Phổ thông   , 14/11/2025
VN-6070    , Vietnam Airlines                       , 20:20         , 20:15       , 23h 55m ,     1,  6624728, Đà Nẵng       , Cần Thơ     , Phổ thông   , 14/11/2025
VN-6070    , Vietnam Airlines                       , 20:20         , 09:00       , 12h 40m ,     1,  6674259, Đà Nẵng       , Cần Thơ     , Phổ thông   , 14/11/2025
VN-6070    , Vietnam Airlines                       , 20:20         , 13:55       , 17h 35m ,     1,  7560347, Đà Nẵng       , Cần Thơ     , Phổ thông   , 14/11/2025
VN-188     , Vietnam Airlines                       , 19:00         , 20:15       , 25h 15m ,     1,  7805907, Đà Nẵng       , Cần Thơ     , Phổ thông   , 14/11/2025
VN-180     , Vietnam Airlines                       , 18:05         , 20:15       , 26h 10m ,     1,  7805907, Đà Nẵng       , Cần Thơ     , Phổ thông   , 14/11/2025
VN-188     , Vietnam Airlines                       , 19:00         , 09:00       , 14h 0m  ,     1,  7861732, Đà Nẵng       , Cần Thơ     , Phổ thông   , 14/11/2025
VN-180     , Vietnam Airlines                       , 18:05         , 09:00       , 14h 55m ,     1,  7861732, Đà Nẵng       , Cần Thơ     , Phổ thông   , 14/11/2025
VN-174     , Vietnam Airlines                       , 17:00         , 09:00       , 16h 0m  ,     1,  7861732, Đà Nẵng       , Cần Thơ     , Phổ thông   , 14/11/2025
VN-188     , Vietnam Airlines                       , 19:00         , 13:55       , 18h 55m ,     1,  8727308, Đà Nẵng       , Cần Thơ     , Phổ thông   , 14/11/2025
VN-180     , Vietnam Airlines                       , 18:05         , 13:55       , 19h 50m ,     1,  8727308, Đà Nẵng       , Cần Thơ     , Phổ thông   , 14/11/2025
VN-168     , Vietnam Airlines                       , 12:50         , 09:00       , 20h 10m ,     1,  8727308, Đà Nẵng       , Cần Thơ     , Phổ thông   , 14/11/2025
VN-166     , Vietnam Airlines                       , 12:10         , 09:00       , 20h 50m ,     1,  8727308, Đà Nẵng       , Cần Thơ     , Phổ thông   , 14/11/2025
VN-174     , Vietnam Airlines                       , 17:00         , 13:55       , 20h 55m ,     1,  8727308, Đà Nẵng       , Cần Thơ     , Phổ thông   , 14/11/2025
VN-172     , Vietnam Airlines                       , 15:35         , 09:00       , 17h 25m ,     1,  9024862, Đà Nẵng       , Cần Thơ     , Phổ thông   , 14/11/2025
VN-158     , Vietnam Airlines                       , 07:55         , 09:00       , 25h 5m  ,     1,  9024862, Đà Nẵng       , Cần Thơ     , Phổ thông   , 14/11/2025
VN-6080    , Vietnam Airlines                       , 10:15         , 09:00       , 22h 45m ,     1,  9281628, Đà Nẵng       , Cần Thơ     , Phổ thông   , 14/11/2025
VN-164     , Vietnam Airlines                       , 09:40         , 09:00       , 23h 20m ,     1,  9323510, Đà Nẵng       , Cần Thơ     , Phổ thông   , 14/11/2025
VN-168     , Vietnam Airlines                       , 12:50         , 13:55       , 25h 5m  ,     1,  9613946, Đà Nẵng       , Cần Thơ     , Phổ thông   , 14/11/2025
VN-166     , Vietnam Airlines                       , 12:10         , 13:55       , 25h 45m ,     1,  9613946, Đà Nẵng       , Cần Thơ     , Phổ thông   , 14/11/2025
VN-172     , Vietnam Airlines                       , 15:35         , 13:55       , 22h 20m ,     1,  9912046, Đà Nẵng       , Cần Thơ     , Phổ thông   , 14/11/2025
VN-188     , Vietnam Airlines                       , 19:00         , 20:15       , 25h 15m ,     1,  7805907, Đà Nẵng       , Cần Thơ     , Phổ thông   , 15/11/2025
VJ-703     , VietJet Air                            , 13:00         , 14:30       , 1h 30m  ,     0,  1410689, Đà Nẵng       , Cần Thơ     , Phổ thông   , 15/11/2025
VJ-703     , VietJet Air                            , 13:00         , 14:30       , 1h 30m  ,     0,  3030493, Đà Nẵng       , Cần Thơ     , Phổ thông   , 15/11/2025
VJ-522     , VietJet Air                            , 22:40         , 07:40       , 9h 0m   ,     1,  2464665, Đà Nẵng       , Cần Thơ     , Phổ thông   , 15/11/2025
VJ-520     , VietJet Air                            , 21:35         , 07:40       , 10h 5m  ,     1,  2496045, Đà Nẵng       , Cần Thơ     , Phổ thông   , 15/11/2025
VJ-522     , VietJet Air                            , 22:40         , 13:00       , 14h 20m ,     1,  2529074, Đà Nẵng       , Cần Thơ     , Phổ thông   , 15/11/2025
VJ-522     , VietJet Air                            , 22:40         , 19:35       , 20h 55m ,     1,  2529074, Đà Nẵng       , Cần Thơ     , Phổ thông   , 15/11/2025
VJ-520     , VietJet Air                            , 21:35         , 13:00       , 15h 25m ,     1,  2560454, Đà Nẵng       , Cần Thơ     , Phổ thông   , 15/11/2025
VJ-520     , VietJet Air                            , 21:35         , 19:35       , 22h 0m  ,     1,  2560454, Đà Nẵng       , Cần Thơ     , Phổ thông   , 15/11/2025
VU-658     , "Vietravel Airlines, VietJet Air"      , 18:55         , 07:40       , 12h 45m ,     1,  2642770, Đà Nẵng       , Cần Thơ     , Phổ thông   , 15/11/2025
VJ-522     , VietJet Air                            , 22:40         , 07:40       , 9h 0m   ,     1,  3180495, Đà Nẵng       , Cần Thơ     , Phổ thông   , 15/11/2025
VJ-522     , VietJet Air                            , 22:40         , 13:00       , 14h 20m ,     1,  3180495, Đà Nẵng       , Cần Thơ     , Phổ thông   , 15/11/2025
VJ-522     , VietJet Air                            , 22:40         , 19:35       , 20h 55m ,     1,  3180495, Đà Nẵng       , Cần Thơ     , Phổ thông   , 15/11/2025
VU-638     , "Vietravel Airlines, VietJet Air"      , 08:30         , 19:55       , 11h 25m ,     1,  3181476, Đà Nẵng       , Cần Thơ     , Phổ thông   , 15/11/2025
VJ-518     , VietJet Air                            , 20:55         , 07:40       , 10h 45m ,     1,  3287572, Đà Nẵng       , Cần Thơ     , Phổ thông   , 15/11/2025
VJ-518     , VietJet Air                            , 20:55         , 13:00       , 16h 5m  ,     1,  3287572, Đà Nẵng       , Cần Thơ     , Phổ thông   , 15/11/2025
VJ-518     , VietJet Air                            , 20:55         , 19:35       , 22h 40m ,     1,  3287572, Đà Nẵng       , Cần Thơ     , Phổ thông   , 15/11/2025
VJ-520     , VietJet Air                            , 21:35         , 07:40       , 10h 5m  ,     1,  3336360, Đà Nẵng       , Cần Thơ     , Phổ thông   , 15/11/2025
VJ-520     , VietJet Air                            , 21:35         , 13:00       , 15h 25m ,     1,  3336360, Đà Nẵng       , Cần Thơ     , Phổ thông   , 15/11/2025
VJ-520     , VietJet Air                            , 21:35         , 19:35       , 22h 0m  ,     1,  3336360, Đà Nẵng       , Cần Thơ     , Phổ thông   , 15/11/2025
VJ-516     , VietJet Air                            , 18:15         , 07:40       , 13h 25m ,     1,  3405964, Đà Nẵng       , Cần Thơ     , Phổ thông   , 15/11/2025
VJ-516     , VietJet Air                            , 18:15         , 13:00       , 18h 45m ,     1,  3405964, Đà Nẵng       , Cần Thơ     , Phổ thông   , 15/11/2025
VJ-516     , VietJet Air                            , 18:15         , 19:35       , 25h 20m ,     1,  3405964, Đà Nẵng       , Cần Thơ     , Phổ thông   , 15/11/2025
QH-104     , "Bamboo Airways, VietJet Air"          , 09:30         , 19:55       , 10h 25m ,     1,  3471718, Đà Nẵng       , Cần Thơ     , Phổ thông   , 15/11/2025
VJ-504     , VietJet Air                            , 07:40         , 19:35       , 11h 55m ,     1,  3550137, Đà Nẵng       , Cần Thơ     , Phổ thông   , 15/11/2025
VJ-514     , VietJet Air                            , 15:25         , 07:40       , 16h 15m ,     1,  3550137, Đà Nẵng       , Cần Thơ     , Phổ thông   , 15/11/2025
VJ-514     , VietJet Air                            , 15:25         , 13:00       , 21h 35m ,     1,  3550137, Đà Nẵng       , Cần Thơ     , Phổ thông   , 15/11/2025
VJ-504     , VietJet Air                            , 07:40         , 07:40       , 24h 0m  ,     1,  3550137, Đà Nẵng       , Cần Thơ     , Phổ thông   , 15/11/2025
VJ-720     , VietJet Air                            , 10:20         , 18:15       , 7h 55m  ,     1,  4245483, Đà Nẵng       , Cần Thơ     , Phổ thông   , 15/11/2025
VN-6070    , Vietnam Airlines                       , 20:20         , 20:15       , 23h 55m ,     1,  6624728, Đà Nẵng       , Cần Thơ     , Phổ thông   , 15/11/2025
VN-6070    , Vietnam Airlines                       , 20:20         , 09:00       , 12h 40m ,     1,  6674259, Đà Nẵng       , Cần Thơ     , Phổ thông   , 15/11/2025
VN-6070    , Vietnam Airlines                       , 20:20         , 13:55       , 17h 35m ,     1,  7560347, Đà Nẵng       , Cần Thơ     , Phổ thông   , 15/11/2025
VN-188     , Vietnam Airlines                       , 19:00         , 20:15       , 25h 15m ,     1,  7805907, Đà Nẵng       , Cần Thơ     , Phổ thông   , 15/11/2025
VN-180     , Vietnam Airlines                       , 18:05         , 20:15       , 26h 10m ,     1,  7805907, Đà Nẵng       , Cần Thơ     , Phổ thông   , 15/11/2025
VN-188     , Vietnam Airlines                       , 19:00         , 09:00       , 14h 0m  ,     1,  7861732, Đà Nẵng       , Cần Thơ     , Phổ thông   , 15/11/2025
VN-180     , Vietnam Airlines                       , 18:05         , 09:00       , 14h 55m ,     1,  7861732, Đà Nẵng       , Cần Thơ     , Phổ thông   , 15/11/2025
VN-174     , Vietnam Airlines                       , 17:00         , 09:00       , 16h 0m  ,     1,  7861732, Đà Nẵng       , Cần Thơ     , Phổ thông   , 15/11/2025
VN-188     , Vietnam Airlines                       , 19:00         , 13:55       , 18h 55m ,     1,  8727308, Đà Nẵng       , Cần Thơ     , Phổ thông   , 15/11/2025
VN-180     , Vietnam Airlines                       , 18:05         , 13:55       , 19h 50m ,     1,  8727308, Đà Nẵng       , Cần Thơ     , Phổ thông   , 15/11/2025
VN-168     , Vietnam Airlines                       , 12:50         , 09:00       , 20h 10m ,     1,  8727308, Đà Nẵng       , Cần Thơ     , Phổ thông   , 15/11/2025
VN-166     , Vietnam Airlines                       , 12:10         , 09:00       , 20h 50m ,     1,  8727308, Đà Nẵng       , Cần Thơ     , Phổ thông   , 15/11/2025
VN-174     , Vietnam Airlines                       , 17:00         , 13:55       , 20h 55m ,     1,  8727308, Đà Nẵng       , Cần Thơ     , Phổ thông   , 15/11/2025
VN-172     , Vietnam Airlines                       , 15:35         , 09:00       , 17h 25m ,     1,  9024862, Đà Nẵng       , Cần Thơ     , Phổ thông   , 15/11/2025
VN-158     , Vietnam Airlines                       , 07:55         , 09:00       , 25h 5m  ,     1,  9024862, Đà Nẵng       , Cần Thơ     , Phổ thông   , 15/11/2025
VN-6080    , Vietnam Airlines                       , 10:15         , 09:00       , 22h 45m ,     1,  9281628, Đà Nẵng       , Cần Thơ     , Phổ thông   , 15/11/2025
VN-164     , Vietnam Airlines                       , 09:40         , 09:00       , 23h 20m ,     1,  9323510, Đà Nẵng       , Cần Thơ     , Phổ thông   , 15/11/2025
VN-168     , Vietnam Airlines                       , 12:50         , 13:55       , 25h 5m  ,     1,  9613946, Đà Nẵng       , Cần Thơ     , Phổ thông   , 15/11/2025
VN-166     , Vietnam Airlines                       , 12:10         , 13:55       , 25h 45m ,     1,  9613946, Đà Nẵng       , Cần Thơ     , Phổ thông   , 15/11/2025
VN-172     , Vietnam Airlines                       , 15:35         , 13:55       , 22h 20m ,     1,  9912046, Đà Nẵng       , Cần Thơ     , Phổ thông   , 15/11/2025
VN-188     , Vietnam Airlines                       , 19:00         , 20:15       , 25h 15m ,     1,  7805907, Đà Nẵng       , Cần Thơ     , Phổ thông   , 16/11/2025
VJ-703     , VietJet Air                            , 13:00         , 14:30       , 1h 30m  ,     0,  1410689, Đà Nẵng       , Cần Thơ     , Phổ thông   , 16/11/2025
VJ-703     , VietJet Air                            , 13:00         , 14:30       , 1h 30m  ,     0,  3030493, Đà Nẵng       , Cần Thơ     , Phổ thông   , 16/11/2025
VJ-522     , VietJet Air                            , 22:40         , 07:40       , 9h 0m   ,     1,  2464665, Đà Nẵng       , Cần Thơ     , Phổ thông   , 16/11/2025
VJ-520     , VietJet Air                            , 21:35         , 07:40       , 10h 5m  ,     1,  2496045, Đà Nẵng       , Cần Thơ     , Phổ thông   , 16/11/2025
VJ-522     , VietJet Air                            , 22:40         , 13:00       , 14h 20m ,     1,  2529074, Đà Nẵng       , Cần Thơ     , Phổ thông   , 16/11/2025
VJ-522     , VietJet Air                            , 22:40         , 19:35       , 20h 55m ,     1,  2529074, Đà Nẵng       , Cần Thơ     , Phổ thông   , 16/11/2025
VJ-520     , VietJet Air                            , 21:35         , 13:00       , 15h 25m ,     1,  2560454, Đà Nẵng       , Cần Thơ     , Phổ thông   , 16/11/2025
VJ-520     , VietJet Air                            , 21:35         , 19:35       , 22h 0m  ,     1,  2560454, Đà Nẵng       , Cần Thơ     , Phổ thông   , 16/11/2025
VU-658     , "Vietravel Airlines, VietJet Air"      , 18:55         , 07:40       , 12h 45m ,     1,  2642770, Đà Nẵng       , Cần Thơ     , Phổ thông   , 16/11/2025
VJ-504     , VietJet Air                            , 07:40         , 19:35       , 11h 55m ,     1,  3094356, Đà Nẵng       , Cần Thơ     , Phổ thông   , 16/11/2025
VJ-522     , VietJet Air                            , 22:40         , 07:40       , 9h 0m   ,     1,  3180495, Đà Nẵng       , Cần Thơ     , Phổ thông   , 16/11/2025
VJ-522     , VietJet Air                            , 22:40         , 13:00       , 14h 20m ,     1,  3180495, Đà Nẵng       , Cần Thơ     , Phổ thông   , 16/11/2025
VJ-522     , VietJet Air                            , 22:40         , 19:35       , 20h 55m ,     1,  3180495, Đà Nẵng       , Cần Thơ     , Phổ thông   , 16/11/2025
VU-638     , "Vietravel Airlines, VietJet Air"      , 08:30         , 19:55       , 11h 25m ,     1,  3181476, Đà Nẵng       , Cần Thơ     , Phổ thông   , 16/11/2025
VJ-518     , VietJet Air                            , 20:55         , 07:40       , 10h 45m ,     1,  3287572, Đà Nẵng       , Cần Thơ     , Phổ thông   , 16/11/2025
VJ-518     , VietJet Air                            , 20:55         , 13:00       , 16h 5m  ,     1,  3287572, Đà Nẵng       , Cần Thơ     , Phổ thông   , 16/11/2025
VJ-518     , VietJet Air                            , 20:55         , 19:35       , 22h 40m ,     1,  3287572, Đà Nẵng       , Cần Thơ     , Phổ thông   , 16/11/2025
VJ-520     , VietJet Air                            , 21:35         , 07:40       , 10h 5m  ,     1,  3336360, Đà Nẵng       , Cần Thơ     , Phổ thông   , 16/11/2025
VJ-520     , VietJet Air                            , 21:35         , 13:00       , 15h 25m ,     1,  3336360, Đà Nẵng       , Cần Thơ     , Phổ thông   , 16/11/2025
VJ-520     , VietJet Air                            , 21:35         , 19:35       , 22h 0m  ,     1,  3336360, Đà Nẵng       , Cần Thơ     , Phổ thông   , 16/11/2025
VJ-516     , VietJet Air                            , 18:15         , 07:40       , 13h 25m ,     1,  3405964, Đà Nẵng       , Cần Thơ     , Phổ thông   , 16/11/2025
VJ-516     , VietJet Air                            , 18:15         , 13:00       , 18h 45m ,     1,  3405964, Đà Nẵng       , Cần Thơ     , Phổ thông   , 16/11/2025
VJ-516     , VietJet Air                            , 18:15         , 19:35       , 25h 20m ,     1,  3405964, Đà Nẵng       , Cần Thơ     , Phổ thông   , 16/11/2025
QH-104     , "Bamboo Airways, VietJet Air"          , 09:30         , 19:55       , 10h 25m ,     1,  3471718, Đà Nẵng       , Cần Thơ     , Phổ thông   , 16/11/2025
VJ-514     , VietJet Air                            , 15:25         , 07:40       , 16h 15m ,     1,  3550137, Đà Nẵng       , Cần Thơ     , Phổ thông   , 16/11/2025
VJ-514     , VietJet Air                            , 15:25         , 13:00       , 21h 35m ,     1,  3550137, Đà Nẵng       , Cần Thơ     , Phổ thông   , 16/11/2025
VJ-504     , VietJet Air                            , 07:40         , 07:40       , 24h 0m  ,     1,  3550137, Đà Nẵng       , Cần Thơ     , Phổ thông   , 16/11/2025
VJ-720     , VietJet Air                            , 10:20         , 18:15       , 7h 55m  ,     1,  4245483, Đà Nẵng       , Cần Thơ     , Phổ thông   , 16/11/2025
VN-6070    , Vietnam Airlines                       , 20:20         , 20:15       , 23h 55m ,     1,  6624728, Đà Nẵng       , Cần Thơ     , Phổ thông   , 16/11/2025
VN-6070    , Vietnam Airlines                       , 20:20         , 09:00       , 12h 40m ,     1,  6674259, Đà Nẵng       , Cần Thơ     , Phổ thông   , 16/11/2025
VN-6070    , Vietnam Airlines                       , 20:20         , 13:55       , 17h 35m ,     1,  7560347, Đà Nẵng       , Cần Thơ     , Phổ thông   , 16/11/2025
VN-188     , Vietnam Airlines                       , 19:00         , 20:15       , 25h 15m ,     1,  7805907, Đà Nẵng       , Cần Thơ     , Phổ thông   , 16/11/2025
VN-180     , Vietnam Airlines                       , 18:05         , 20:15       , 26h 10m ,     1,  7805907, Đà Nẵng       , Cần Thơ     , Phổ thông   , 16/11/2025
VN-188     , Vietnam Airlines                       , 19:00         , 09:00       , 14h 0m  ,     1,  7861732, Đà Nẵng       , Cần Thơ     , Phổ thông   , 16/11/2025
VN-180     , Vietnam Airlines                       , 18:05         , 09:00       , 14h 55m ,     1,  7861732, Đà Nẵng       , Cần Thơ     , Phổ thông   , 16/11/2025
VN-174     , Vietnam Airlines                       , 17:00         , 09:00       , 16h 0m  ,     1,  7861732, Đà Nẵng       , Cần Thơ     , Phổ thông   , 16/11/2025
VN-188     , Vietnam Airlines                       , 19:00         , 13:55       , 18h 55m ,     1,  8727308, Đà Nẵng       , Cần Thơ     , Phổ thông   , 16/11/2025
VN-180     , Vietnam Airlines                       , 18:05         , 13:55       , 19h 50m ,     1,  8727308, Đà Nẵng       , Cần Thơ     , Phổ thông   , 16/11/2025
VN-168     , Vietnam Airlines                       , 12:50         , 09:00       , 20h 10m ,     1,  8727308, Đà Nẵng       , Cần Thơ     , Phổ thông   , 16/11/2025
VN-166     , Vietnam Airlines                       , 12:10         , 09:00       , 20h 50m ,     1,  8727308, Đà Nẵng       , Cần Thơ     , Phổ thông   , 16/11/2025
VN-174     , Vietnam Airlines                       , 17:00         , 13:55       , 20h 55m ,     1,  8727308, Đà Nẵng       , Cần Thơ     , Phổ thông   , 16/11/2025
VN-172     , Vietnam Airlines                       , 15:35         , 09:00       , 17h 25m ,     1,  9024862, Đà Nẵng       , Cần Thơ     , Phổ thông   , 16/11/2025
VN-158     , Vietnam Airlines                       , 07:55         , 09:00       , 25h 5m  ,     1,  9024862, Đà Nẵng       , Cần Thơ     , Phổ thông   , 16/11/2025
VN-6080    , Vietnam Airlines                       , 10:15         , 09:00       , 22h 45m ,     1,  9281628, Đà Nẵng       , Cần Thơ     , Phổ thông   , 16/11/2025
VN-164     , Vietnam Airlines                       , 09:40         , 09:00       , 23h 20m ,     1,  9323510, Đà Nẵng       , Cần Thơ     , Phổ thông   , 16/11/2025
VN-168     , Vietnam Airlines                       , 12:50         , 13:55       , 25h 5m  ,     1,  9613946, Đà Nẵng       , Cần Thơ     , Phổ thông   , 16/11/2025
VN-166     , Vietnam Airlines                       , 12:10         , 13:55       , 25h 45m ,     1,  9613946, Đà Nẵng       , Cần Thơ     , Phổ thông   , 16/11/2025
VN-172     , Vietnam Airlines                       , 15:35         , 13:55       , 22h 20m ,     1,  9912046, Đà Nẵng       , Cần Thơ     , Phổ thông   , 16/11/2025
VN-1548    , Vietnam Airlines                       , 22:30         , 23:50       , 1h 20m  ,     0,  1062650, Phú Bài       , Hà Nội      , Phổ thông   , 13/11/2025
VJ-566     , VietJet Air                            , 11:50         , 13:05       , 1h 15m  ,     0,  1410689, Phú Bài       , Hà Nội      , Phổ thông   , 13/11/2025
VJ-568     , VietJet Air                            , 21:00         , 22:15       , 1h 15m  ,     0,  2493304, Phú Bài       , Hà Nội      , Phổ thông   , 13/11/2025
VN-1548    , Vietnam Airlines                       , 22:30         , 23:50       , 1h 20m  ,     0,  2652167, Phú Bài       , Hà Nội      , Phổ thông   , 13/11/2025
VN-1540    , Vietnam Airlines                       , 07:50         , 09:10       , 1h 20m  ,     0,  2710693, Phú Bài       , Hà Nội      , Phổ thông   , 13/11/2025
VN-1544    , Vietnam Airlines                       , 18:50         , 20:10       , 1h 20m  ,     0,  3047581, Phú Bài       , Hà Nội      , Phổ thông   , 13/11/2025
VN-1544    , Vietnam Airlines                       , 18:20         , 19:40       , 1h 20m  ,     0,  6318921, Phú Bài       , Hà Nội      , Phổ thông   , 13/11/2025
VJ-307     , VietJet Air                            , 14:35         , 00:55       , 10h 20m ,     1,  2712979, Phú Bài       , Hà Nội      , Phổ thông   , 13/11/2025
VJ-307     , VietJet Air                            , 14:35         , 21:10       , 30h 35m ,     1,  2712979, Phú Bài       , Hà Nội      , Phổ thông   , 13/11/2025
VJ-307     , VietJet Air                            , 14:35         , 21:15       , 30h 40m ,     1,  2712979, Phú Bài       , Hà Nội      , Phổ thông   , 13/11/2025
VJ-313     , VietJet Air                            , 23:00         , 21:15       , 22h 15m ,     1,  2837240, Phú Bài       , Hà Nội      , Phổ thông   , 13/11/2025
VJ-303     , VietJet Air                            , 09:55         , 00:55       , 15h 0m  ,     1,  3299940, Phú Bài       , Hà Nội      , Phổ thông   , 13/11/2025
VJ-303     , VietJet Air                            , 09:55         , 21:00       , 35h 5m  ,     1,  3299940, Phú Bài       , Hà Nội      , Phổ thông   , 13/11/2025
VJ-303     , VietJet Air                            , 09:55         , 21:10       , 35h 15m ,     1,  3299940, Phú Bài       , Hà Nội      , Phổ thông   , 13/11/2025
VJ-303     , VietJet Air                            , 09:55         , 21:15       , 35h 20m ,     1,  3299940, Phú Bài       , Hà Nội      , Phổ thông   , 13/11/2025
VJ-303     , VietJet Air                            , 09:55         , 23:10       , 37h 15m ,     1,  3299940, Phú Bài       , Hà Nội      , Phổ thông   , 13/11/2025
VJ-303     , VietJet Air                            , 09:55         , 23:55       , 38h 0m  ,     1,  3299940, Phú Bài       , Hà Nội      , Phổ thông   , 13/11/2025
VJ-303     , VietJet Air                            , 09:55         , 09:00       , 23h 5m  ,     1,  3445429, Phú Bài       , Hà Nội      , Phổ thông   , 13/11/2025
VJ-303     , VietJet Air                            , 09:55         , 14:40       , 28h 45m ,     1,  3445429, Phú Bài       , Hà Nội      , Phổ thông   , 13/11/2025
VJ-303     , VietJet Air                            , 09:55         , 14:50       , 28h 55m ,     1,  3445429, Phú Bài       , Hà Nội      , Phổ thông   , 13/11/2025
VJ-303     , VietJet Air                            , 09:55         , 09:30       , 23h 35m ,     1,  3561977, Phú Bài       , Hà Nội      , Phổ thông   , 13/11/2025
VJ-303     , VietJet Air                            , 09:55         , 16:50       , 30h 55m ,     1,  3561977, Phú Bài       , Hà Nội      , Phổ thông   , 13/11/2025
VN-1371    , Vietnam Airlines                       , 13:25         , 01:05       , 11h 40m ,     1,  4351217, Phú Bài       , Hà Nội      , Phổ thông   , 13/11/2025
VN-1371    , Vietnam Airlines                       , 13:25         , 22:35       , 33h 10m ,     1,  4359209, Phú Bài       , Hà Nội      , Phổ thông   , 13/11/2025
VN-1371    , Vietnam Airlines                       , 13:25         , 23:05       , 33h 40m ,     1,  4363205, Phú Bài       , Hà Nội      , Phổ thông   , 13/11/2025
VN-1371    , Vietnam Airlines                       , 13:25         , 23:15       , 9h 50m  ,     1,  4367201, Phú Bài       , Hà Nội      , Phổ thông   , 13/11/2025
VN-1367    , Vietnam Airlines                       , 07:50         , 01:05       , 17h 15m ,     1,  4460911, Phú Bài       , Hà Nội      , Phổ thông   , 13/11/2025
VN-1367    , Vietnam Airlines                       , 07:50         , 22:35       , 38h 45m ,     1,  4468903, Phú Bài       , Hà Nội      , Phổ thông   , 13/11/2025
VN-1367    , Vietnam Airlines                       , 07:50         , 23:05       , 39h 15m ,     1,  4472899, Phú Bài       , Hà Nội      , Phổ thông   , 13/11/2025
VN-1367    , Vietnam Airlines                       , 07:50         , 23:15       , 15h 25m ,     1,  4476895, Phú Bài       , Hà Nội      , Phổ thông   , 13/11/2025
VN-1375    , Vietnam Airlines                       , 17:40         , 01:05       , 7h 25m  ,     1,  4551371, Phú Bài       , Hà Nội      , Phổ thông   , 13/11/2025
VN-1367    , Vietnam Airlines                       , 07:50         , 18:45       , 34h 55m ,     1,  4700671, Phú Bài       , Hà Nội      , Phổ thông   , 13/11/2025
VN-1371    , Vietnam Airlines                       , 13:25         , 00:05       , 10h 40m ,     1,  4811756, Phú Bài       , Hà Nội      , Phổ thông   , 13/11/2025
VN-1367    , Vietnam Airlines                       , 07:50         , 19:05       , 35h 15m ,     1,  4909462, Phú Bài       , Hà Nội      , Phổ thông   , 13/11/2025
VN-1367    , Vietnam Airlines                       , 07:50         , 18:05       , 34h 15m ,     1,  4917454, Phú Bài       , Hà Nội      , Phổ thông   , 13/11/2025
VN-1367    , Vietnam Airlines                       , 07:50         , 00:05       , 16h 15m ,     1,  4921450, Phú Bài       , Hà Nội      , Phổ thông   , 13/11/2025
VN-1375    , Vietnam Airlines                       , 17:40         , 00:05       , 6h 25m  ,     1,  5011910, Phú Bài       , Hà Nội      , Phổ thông   , 13/11/2025
VN-1371    , Vietnam Airlines                       , 13:25         , 21:05       , 31h 40m ,     1,  5020547, Phú Bài       , Hà Nội      , Phổ thông   , 13/11/2025
VN-1371    , Vietnam Airlines                       , 13:25         , 21:40       , 32h 15m ,     1,  5034169, Phú Bài       , Hà Nội      , Phổ thông   , 13/11/2025
VN-1367    , Vietnam Airlines                       , 07:50         , 21:05       , 37h 15m ,     1,  5130241, Phú Bài       , Hà Nội      , Phổ thông   , 13/11/2025
VN-1367    , Vietnam Airlines                       , 07:50         , 21:40       , 37h 50m ,     1,  5143863, Phú Bài       , Hà Nội      , Phổ thông   , 13/11/2025
VN-1371    , Vietnam Airlines                       , 13:25         , 20:05       , 30h 40m ,     1,  5279288, Phú Bài       , Hà Nội      , Phổ thông   , 13/11/2025
VN-1367    , Vietnam Airlines                       , 07:50         , 20:05       , 36h 15m ,     1,  5388982, Phú Bài       , Hà Nội      , Phổ thông   , 13/11/2025
VN-1367    , Vietnam Airlines                       , 07:50         , 17:05       , 33h 15m ,     1,  5631739, Phú Bài       , Hà Nội      , Phổ thông   , 13/11/2025
VN-1367    , Vietnam Airlines                       , 07:50         , 15:35       , 31h 45m ,     1,  5866654, Phú Bài       , Hà Nội      , Phổ thông   , 13/11/2025
VN-1367    , Vietnam Airlines                       , 07:50         , 14:05       , 30h 15m ,     1,  5922448, Phú Bài       , Hà Nội      , Phổ thông   , 13/11/2025
VN-1367    , Vietnam Airlines                       , 07:50         , 16:05       , 32h 15m ,     1,  6078617, Phú Bài       , Hà Nội      , Phổ thông   , 13/11/2025
VN-1371    , Vietnam Airlines                       , 13:25         , 21:25       , 8h 0m   ,     1,  7493087, Phú Bài       , Hà Nội      , Phổ thông   , 13/11/2025
VN-1371    , Vietnam Airlines                       , 13:25         , 00:30       , 11h 5m  ,     1,  7493087, Phú Bài       , Hà Nội      , Phổ thông   , 13/11/2025
VN-1367    , Vietnam Airlines                       , 07:50         , 21:25       , 13h 35m ,     1,  7493087, Phú Bài       , Hà Nội      , Phổ thông   , 13/11/2025
VN-1367    , Vietnam Airlines                       , 07:50         , 00:30       , 16h 40m ,     1,  7493087, Phú Bài       , Hà Nội      , Phổ thông   , 13/11/2025
VN-1375    , Vietnam Airlines                       , 17:40         , 23:15       , 5h 35m  ,     1,  7622695, Phú Bài       , Hà Nội      , Phổ thông   , 13/11/2025
VN-1375    , Vietnam Airlines                       , 17:40         , 00:30       , 6h 50m  ,     1,  7786629, Phú Bài       , Hà Nội      , Phổ thông   , 13/11/2025
VN-1371    , Vietnam Airlines                       , 13:25         , 09:30       , 20h 5m  ,     1,  8377535, Phú Bài       , Hà Nội      , Phổ thông   , 13/11/2025
VN-1371    , Vietnam Airlines                       , 13:25         , 09:40       , 20h 15m ,     1,  8377535, Phú Bài       , Hà Nội      , Phổ thông   , 13/11/2025
VN-1375    , Vietnam Airlines                       , 17:40         , 18:45       , 25h 5m  ,     1,  8377535, Phú Bài       , Hà Nội      , Phổ thông   , 13/11/2025
VN-1367    , Vietnam Airlines                       , 07:50         , 09:30       , 25h 40m ,     1,  8377535, Phú Bài       , Hà Nội      , Phổ thông   , 13/11/2025
VN-1367    , Vietnam Airlines                       , 07:50         , 09:40       , 25h 50m ,     1,  8377535, Phú Bài       , Hà Nội      , Phổ thông   , 13/11/2025
VN-1375    , Vietnam Airlines                       , 17:40         , 19:35       , 25h 55m ,     1,  8377535, Phú Bài       , Hà Nội      , Phổ thông   , 13/11/2025
VN-1375    , Vietnam Airlines                       , 17:40         , 09:30       , 15h 50m ,     1,  8671349, Phú Bài       , Hà Nội      , Phổ thông   , 13/11/2025
VN-1375    , Vietnam Airlines                       , 17:40         , 09:40       , 16h 0m  ,     1,  8671349, Phú Bài       , Hà Nội      , Phổ thông   , 13/11/2025
VN-1371    , Vietnam Airlines                       , 13:25         , 09:05       , 19h 40m ,     1,  8964617, Phú Bài       , Hà Nội      , Phổ thông   , 13/11/2025
VN-1367    , Vietnam Airlines                       , 07:50         , 09:05       , 25h 15m ,     1,  8964617, Phú Bài       , Hà Nội      , Phổ thông   , 13/11/2025
VN-1375    , Vietnam Airlines                       , 17:40         , 09:05       , 15h 25m ,     1,  9258705, Phú Bài       , Hà Nội      , Phổ thông   , 13/11/2025
VN-1371    , Vietnam Airlines                       , 13:25         , 18:05       , 4h 40m  ,     1, 10763910, Phú Bài       , Hà Nội      , Phổ thông   , 13/11/2025
VN-1375    , Vietnam Airlines                       , 17:40         , 22:25       , 4h 45m  ,     1, 11027598, Phú Bài       , Hà Nội      , Phổ thông   , 13/11/2025
VN-1375    , Vietnam Airlines                       , 17:40         , 22:35       , 4h 55m  ,     1, 11618778, Phú Bài       , Hà Nội      , Phổ thông   , 13/11/2025
VN-1548    , Vietnam Airlines                       , 22:30         , 23:50       , 1h 20m  ,     0,  2631367, Phú Bài       , Hà Nội      , Thương gia  , 13/11/2025
VN-1540    , Vietnam Airlines                       , 07:50         , 09:10       , 1h 20m  ,     0,  2631367, Phú Bài       , Hà Nội      , Thương gia  , 13/11/2025
VN-1544    , Vietnam Airlines                       , 18:50         , 20:10       , 1h 20m  ,     0,  4630081, Phú Bài       , Hà Nội      , Thương gia  , 13/11/2025
VN-1548    , Vietnam Airlines                       , 22:30         , 23:50       , 1h 20m  ,     0,  1062650, Phú Bài       , Hà Nội      , Phổ thông   , 14/11/2025
VJ-566     , VietJet Air                            , 11:50         , 13:05       , 1h 15m  ,     0,  1410689, Phú Bài       , Hà Nội      , Phổ thông   , 14/11/2025
VJ-568     , VietJet Air                            , 21:00         , 22:15       , 1h 15m  ,     0,  2493304, Phú Bài       , Hà Nội      , Phổ thông   , 14/11/2025
VN-1548    , Vietnam Airlines                       , 22:30         , 23:50       , 1h 20m  ,     0,  2652167, Phú Bài       , Hà Nội      , Phổ thông   , 14/11/2025
VN-1540    , Vietnam Airlines                       , 07:50         , 09:10       , 1h 20m  ,     0,  2710693, Phú Bài       , Hà Nội      , Phổ thông   , 14/11/2025
VN-1544    , Vietnam Airlines                       , 18:50         , 20:10       , 1h 20m  ,     0,  3047581, Phú Bài       , Hà Nội      , Phổ thông   , 14/11/2025
VN-1544    , Vietnam Airlines                       , 18:20         , 19:40       , 1h 20m  ,     0,  6318921, Phú Bài       , Hà Nội      , Phổ thông   , 14/11/2025
VJ-307     , VietJet Air                            , 14:35         , 00:55       , 10h 20m ,     1,  2712979, Phú Bài       , Hà Nội      , Phổ thông   , 14/11/2025
VJ-307     , VietJet Air                            , 14:35         , 21:10       , 30h 35m ,     1,  2712979, Phú Bài       , Hà Nội      , Phổ thông   , 14/11/2025
VJ-307     , VietJet Air                            , 14:35         , 21:15       , 30h 40m ,     1,  2712979, Phú Bài       , Hà Nội      , Phổ thông   , 14/11/2025
VJ-303     , VietJet Air                            , 09:55         , 00:55       , 15h 0m  ,     1,  3299940, Phú Bài       , Hà Nội      , Phổ thông   , 14/11/2025
VJ-303     , VietJet Air                            , 09:55         , 21:00       , 35h 5m  ,     1,  3299940, Phú Bài       , Hà Nội      , Phổ thông   , 14/11/2025
VJ-303     , VietJet Air                            , 09:55         , 21:10       , 35h 15m ,     1,  3299940, Phú Bài       , Hà Nội      , Phổ thông   , 14/11/2025
VJ-303     , VietJet Air                            , 09:55         , 21:15       , 35h 20m ,     1,  3299940, Phú Bài       , Hà Nội      , Phổ thông   , 14/11/2025
VJ-303     , VietJet Air                            , 09:55         , 23:10       , 37h 15m ,     1,  3299940, Phú Bài       , Hà Nội      , Phổ thông   , 14/11/2025
VJ-303     , VietJet Air                            , 09:55         , 23:55       , 38h 0m  ,     1,  3299940, Phú Bài       , Hà Nội      , Phổ thông   , 14/11/2025
VJ-303     , VietJet Air                            , 09:55         , 09:00       , 23h 5m  ,     1,  3445429, Phú Bài       , Hà Nội      , Phổ thông   , 14/11/2025
VJ-303     , VietJet Air                            , 09:55         , 14:40       , 28h 45m ,     1,  3445429, Phú Bài       , Hà Nội      , Phổ thông   , 14/11/2025
VJ-303     , VietJet Air                            , 09:55         , 14:50       , 28h 55m ,     1,  3445429, Phú Bài       , Hà Nội      , Phổ thông   , 14/11/2025
VJ-303     , VietJet Air                            , 09:55         , 09:30       , 23h 35m ,     1,  3561977, Phú Bài       , Hà Nội      , Phổ thông   , 14/11/2025
VJ-303     , VietJet Air                            , 09:55         , 16:50       , 30h 55m ,     1,  3561977, Phú Bài       , Hà Nội      , Phổ thông   , 14/11/2025
VN-1371    , Vietnam Airlines                       , 13:25         , 01:05       , 11h 40m ,     1,  4351217, Phú Bài       , Hà Nội      , Phổ thông   , 14/11/2025
VN-1371    , Vietnam Airlines                       , 13:25         , 22:35       , 33h 10m ,     1,  4359209, Phú Bài       , Hà Nội      , Phổ thông   , 14/11/2025
VN-1371    , Vietnam Airlines                       , 13:25         , 23:05       , 33h 40m ,     1,  4363205, Phú Bài       , Hà Nội      , Phổ thông   , 14/11/2025
VN-1371    , Vietnam Airlines                       , 13:25         , 23:15       , 9h 50m  ,     1,  4367201, Phú Bài       , Hà Nội      , Phổ thông   , 14/11/2025
VN-1367    , Vietnam Airlines                       , 07:50         , 01:05       , 17h 15m ,     1,  4460911, Phú Bài       , Hà Nội      , Phổ thông   , 14/11/2025
VN-1367    , Vietnam Airlines                       , 07:50         , 22:35       , 38h 45m ,     1,  4468903, Phú Bài       , Hà Nội      , Phổ thông   , 14/11/2025
VN-1367    , Vietnam Airlines                       , 07:50         , 23:05       , 39h 15m ,     1,  4472899, Phú Bài       , Hà Nội      , Phổ thông   , 14/11/2025
VN-1367    , Vietnam Airlines                       , 07:50         , 23:15       , 15h 25m ,     1,  4476895, Phú Bài       , Hà Nội      , Phổ thông   , 14/11/2025
VN-1375    , Vietnam Airlines                       , 17:40         , 01:05       , 7h 25m  ,     1,  4551371, Phú Bài       , Hà Nội      , Phổ thông   , 14/11/2025
VN-1367    , Vietnam Airlines                       , 07:50         , 18:45       , 34h 55m ,     1,  4700671, Phú Bài       , Hà Nội      , Phổ thông   , 14/11/2025
VN-1371    , Vietnam Airlines                       , 13:25         , 00:05       , 10h 40m ,     1,  4811756, Phú Bài       , Hà Nội      , Phổ thông   , 14/11/2025
VN-1367    , Vietnam Airlines                       , 07:50         , 19:05       , 35h 15m ,     1,  4909462, Phú Bài       , Hà Nội      , Phổ thông   , 14/11/2025
VN-1367    , Vietnam Airlines                       , 07:50         , 18:05       , 34h 15m ,     1,  4917454, Phú Bài       , Hà Nội      , Phổ thông   , 14/11/2025
VN-1367    , Vietnam Airlines                       , 07:50         , 00:05       , 16h 15m ,     1,  4921450, Phú Bài       , Hà Nội      , Phổ thông   , 14/11/2025
VN-1375    , Vietnam Airlines                       , 17:40         , 00:05       , 6h 25m  ,     1,  5011910, Phú Bài       , Hà Nội      , Phổ thông   , 14/11/2025
VN-1371    , Vietnam Airlines                       , 13:25         , 21:05       , 31h 40m ,     1,  5020547, Phú Bài       , Hà Nội      , Phổ thông   , 14/11/2025
VN-1371    , Vietnam Airlines                       , 13:25         , 21:40       , 32h 15m ,     1,  5034169, Phú Bài       , Hà Nội      , Phổ thông   , 14/11/2025
VN-1367    , Vietnam Airlines                       , 07:50         , 21:05       , 37h 15m ,     1,  5130241, Phú Bài       , Hà Nội      , Phổ thông   , 14/11/2025
VN-1367    , Vietnam Airlines                       , 07:50         , 21:40       , 37h 50m ,     1,  5143863, Phú Bài       , Hà Nội      , Phổ thông   , 14/11/2025
VN-1371    , Vietnam Airlines                       , 13:25         , 20:05       , 30h 40m ,     1,  5279288, Phú Bài       , Hà Nội      , Phổ thông   , 14/11/2025
VN-1367    , Vietnam Airlines                       , 07:50         , 20:05       , 36h 15m ,     1,  5388982, Phú Bài       , Hà Nội      , Phổ thông   , 14/11/2025
VN-1367    , Vietnam Airlines                       , 07:50         , 17:05       , 33h 15m ,     1,  5631739, Phú Bài       , Hà Nội      , Phổ thông   , 14/11/2025
VN-1367    , Vietnam Airlines                       , 07:50         , 15:35       , 31h 45m ,     1,  5866654, Phú Bài       , Hà Nội      , Phổ thông   , 14/11/2025
VN-1367    , Vietnam Airlines                       , 07:50         , 14:05       , 30h 15m ,     1,  5922448, Phú Bài       , Hà Nội      , Phổ thông   , 14/11/2025
VN-1367    , Vietnam Airlines                       , 07:50         , 16:05       , 32h 15m ,     1,  6078617, Phú Bài       , Hà Nội      , Phổ thông   , 14/11/2025
VN-1371    , Vietnam Airlines                       , 13:25         , 21:25       , 8h 0m   ,     1,  7493087, Phú Bài       , Hà Nội      , Phổ thông   , 14/11/2025
VN-1371    , Vietnam Airlines                       , 13:25         , 00:30       , 11h 5m  ,     1,  7493087, Phú Bài       , Hà Nội      , Phổ thông   , 14/11/2025
VN-1367    , Vietnam Airlines                       , 07:50         , 21:25       , 13h 35m ,     1,  7493087, Phú Bài       , Hà Nội      , Phổ thông   , 14/11/2025
VN-1367    , Vietnam Airlines                       , 07:50         , 00:30       , 16h 40m ,     1,  7493087, Phú Bài       , Hà Nội      , Phổ thông   , 14/11/2025
VN-1375    , Vietnam Airlines                       , 17:40         , 23:15       , 5h 35m  ,     1,  7622695, Phú Bài       , Hà Nội      , Phổ thông   , 14/11/2025
VN-1375    , Vietnam Airlines                       , 17:40         , 00:30       , 6h 50m  ,     1,  7786629, Phú Bài       , Hà Nội      , Phổ thông   , 14/11/2025
VN-1371    , Vietnam Airlines                       , 13:25         , 09:30       , 20h 5m  ,     1,  8377535, Phú Bài       , Hà Nội      , Phổ thông   , 14/11/2025
VN-1371    , Vietnam Airlines                       , 13:25         , 09:40       , 20h 15m ,     1,  8377535, Phú Bài       , Hà Nội      , Phổ thông   , 14/11/2025
VN-1375    , Vietnam Airlines                       , 17:40         , 18:45       , 25h 5m  ,     1,  8377535, Phú Bài       , Hà Nội      , Phổ thông   , 14/11/2025
VN-1367    , Vietnam Airlines                       , 07:50         , 09:30       , 25h 40m ,     1,  8377535, Phú Bài       , Hà Nội      , Phổ thông   , 14/11/2025
VN-1367    , Vietnam Airlines                       , 07:50         , 09:40       , 25h 50m ,     1,  8377535, Phú Bài       , Hà Nội      , Phổ thông   , 14/11/2025
VN-1375    , Vietnam Airlines                       , 17:40         , 19:35       , 25h 55m ,     1,  8377535, Phú Bài       , Hà Nội      , Phổ thông   , 14/11/2025
VN-1375    , Vietnam Airlines                       , 17:40         , 09:30       , 15h 50m ,     1,  8671349, Phú Bài       , Hà Nội      , Phổ thông   , 14/11/2025
VN-1375    , Vietnam Airlines                       , 17:40         , 09:40       , 16h 0m  ,     1,  8671349, Phú Bài       , Hà Nội      , Phổ thông   , 14/11/2025
VN-1371    , Vietnam Airlines                       , 13:25         , 09:05       , 19h 40m ,     1,  8964617, Phú Bài       , Hà Nội      , Phổ thông   , 14/11/2025
VN-1367    , Vietnam Airlines                       , 07:50         , 09:05       , 25h 15m ,     1,  8964617, Phú Bài       , Hà Nội      , Phổ thông   , 14/11/2025
VN-1375    , Vietnam Airlines                       , 17:40         , 09:05       , 15h 25m ,     1,  9258705, Phú Bài       , Hà Nội      , Phổ thông   , 14/11/2025
VN-1371    , Vietnam Airlines                       , 13:25         , 18:05       , 4h 40m  ,     1, 10763910, Phú Bài       , Hà Nội      , Phổ thông   , 14/11/2025
VN-1375    , Vietnam Airlines                       , 17:40         , 22:25       , 4h 45m  ,     1, 11027598, Phú Bài       , Hà Nội      , Phổ thông   , 14/11/2025
VN-1375    , Vietnam Airlines                       , 17:40         , 22:35       , 4h 55m  ,     1, 11618778, Phú Bài       , Hà Nội      , Phổ thông   , 14/11/2025
VN-1548    , Vietnam Airlines                       , 22:30         , 23:50       , 1h 20m  ,     0,  2631367, Phú Bài       , Hà Nội      , Thương gia  , 14/11/2025
VN-1540    , Vietnam Airlines                       , 07:50         , 09:10       , 1h 20m  ,     0,  2631367, Phú Bài       , Hà Nội      , Thương gia  , 14/11/2025
VN-1544    , Vietnam Airlines                       , 18:50         , 20:10       , 1h 20m  ,     0,  4630081, Phú Bài       , Hà Nội      , Thương gia  , 14/11/2025
VN-1548    , Vietnam Airlines                       , 22:30         , 23:50       , 1h 20m  ,     0,  1062650, Phú Bài       , Hà Nội      , Phổ thông   , 15/11/2025
VJ-566     , VietJet Air                            , 11:50         , 13:05       , 1h 15m  ,     0,  1410689, Phú Bài       , Hà Nội      , Phổ thông   , 15/11/2025
VJ-568     , VietJet Air                            , 21:00         , 22:15       , 1h 15m  ,     0,  2493304, Phú Bài       , Hà Nội      , Phổ thông   , 15/11/2025
VN-1544    , Vietnam Airlines                       , 18:50         , 20:10       , 1h 20m  ,     0,  2598398, Phú Bài       , Hà Nội      , Phổ thông   , 15/11/2025
VJ-307     , VietJet Air                            , 14:35         , 00:55       , 10h 20m ,     1,  2712979, Phú Bài       , Hà Nội      , Phổ thông   , 15/11/2025
VJ-307     , VietJet Air                            , 14:35         , 21:10       , 30h 35m ,     1,  2712979, Phú Bài       , Hà Nội      , Phổ thông   , 15/11/2025
VJ-307     , VietJet Air                            , 14:35         , 21:15       , 30h 40m ,     1,  2712979, Phú Bài       , Hà Nội      , Phổ thông   , 15/11/2025
VJ-303     , VietJet Air                            , 09:55         , 00:55       , 15h 0m  ,     1,  3299940, Phú Bài       , Hà Nội      , Phổ thông   , 15/11/2025
VJ-303     , VietJet Air                            , 09:55         , 21:00       , 35h 5m  ,     1,  3299940, Phú Bài       , Hà Nội      , Phổ thông   , 15/11/2025
VJ-303     , VietJet Air                            , 09:55         , 21:10       , 35h 15m ,     1,  3299940, Phú Bài       , Hà Nội      , Phổ thông   , 15/11/2025
VJ-303     , VietJet Air                            , 09:55         , 21:15       , 35h 20m ,     1,  3299940, Phú Bài       , Hà Nội      , Phổ thông   , 15/11/2025
VJ-303     , VietJet Air                            , 09:55         , 23:10       , 37h 15m ,     1,  3299940, Phú Bài       , Hà Nội      , Phổ thông   , 15/11/2025
VJ-303     , VietJet Air                            , 09:55         , 23:55       , 38h 0m  ,     1,  3299940, Phú Bài       , Hà Nội      , Phổ thông   , 15/11/2025
VJ-303     , VietJet Air                            , 09:55         , 09:00       , 23h 5m  ,     1,  3445429, Phú Bài       , Hà Nội      , Phổ thông   , 15/11/2025
VJ-303     , VietJet Air                            , 09:55         , 14:40       , 28h 45m ,     1,  3445429, Phú Bài       , Hà Nội      , Phổ thông   , 15/11/2025
VJ-303     , VietJet Air                            , 09:55         , 14:50       , 28h 55m ,     1,  3445429, Phú Bài       , Hà Nội      , Phổ thông   , 15/11/2025
VJ-303     , VietJet Air                            , 09:55         , 09:30       , 23h 35m ,     1,  3561977, Phú Bài       , Hà Nội      , Phổ thông   , 15/11/2025
VJ-303     , VietJet Air                            , 09:55         , 16:50       , 30h 55m ,     1,  3561977, Phú Bài       , Hà Nội      , Phổ thông   , 15/11/2025
VN-1371    , Vietnam Airlines                       , 13:25         , 01:05       , 11h 40m ,     1,  4326780, Phú Bài       , Hà Nội      , Phổ thông   , 15/11/2025
VN-1371    , Vietnam Airlines                       , 13:25         , 22:35       , 33h 10m ,     1,  4334772, Phú Bài       , Hà Nội      , Phổ thông   , 15/11/2025
VN-1371    , Vietnam Airlines                       , 13:25         , 23:05       , 33h 40m ,     1,  4338768, Phú Bài       , Hà Nội      , Phổ thông   , 15/11/2025
VN-1371    , Vietnam Airlines                       , 13:25         , 23:15       , 9h 50m  ,     1,  4342764, Phú Bài       , Hà Nội      , Phổ thông   , 15/11/2025
VN-1367    , Vietnam Airlines                       , 07:50         , 01:05       , 17h 15m ,     1,  4460911, Phú Bài       , Hà Nội      , Phổ thông   , 15/11/2025
VN-1367    , Vietnam Airlines                       , 07:50         , 22:35       , 38h 45m ,     1,  4468903, Phú Bài       , Hà Nội      , Phổ thông   , 15/11/2025
VN-1367    , Vietnam Airlines                       , 07:50         , 23:05       , 39h 15m ,     1,  4472899, Phú Bài       , Hà Nội      , Phổ thông   , 15/11/2025
VN-1367    , Vietnam Airlines                       , 07:50         , 23:15       , 15h 25m ,     1,  4476895, Phú Bài       , Hà Nội      , Phổ thông   , 15/11/2025
VN-1375    , Vietnam Airlines                       , 17:40         , 01:05       , 7h 25m  ,     1,  4583052, Phú Bài       , Hà Nội      , Phổ thông   , 15/11/2025
VN-1367    , Vietnam Airlines                       , 07:50         , 18:45       , 34h 55m ,     1,  4700671, Phú Bài       , Hà Nội      , Phổ thông   , 15/11/2025
VN-1371    , Vietnam Airlines                       , 13:25         , 00:05       , 10h 40m ,     1,  4787319, Phú Bài       , Hà Nội      , Phổ thông   , 15/11/2025
VN-1367    , Vietnam Airlines                       , 07:50         , 19:05       , 35h 15m ,     1,  4909462, Phú Bài       , Hà Nội      , Phổ thông   , 15/11/2025
VN-1367    , Vietnam Airlines                       , 07:50         , 18:05       , 34h 15m ,     1,  4917454, Phú Bài       , Hà Nội      , Phổ thông   , 15/11/2025
VN-1367    , Vietnam Airlines                       , 07:50         , 00:05       , 16h 15m ,     1,  4921450, Phú Bài       , Hà Nội      , Phổ thông   , 15/11/2025
VN-1371    , Vietnam Airlines                       , 13:25         , 21:05       , 31h 40m ,     1,  4996110, Phú Bài       , Hà Nội      , Phổ thông   , 15/11/2025
VN-1371    , Vietnam Airlines                       , 13:25         , 21:40       , 32h 15m ,     1,  5009732, Phú Bài       , Hà Nội      , Phổ thông   , 15/11/2025
VN-1375    , Vietnam Airlines                       , 17:40         , 00:05       , 6h 25m  ,     1,  5043591, Phú Bài       , Hà Nội      , Phổ thông   , 15/11/2025
VN-1367    , Vietnam Airlines                       , 07:50         , 21:05       , 37h 15m ,     1,  5130241, Phú Bài       , Hà Nội      , Phổ thông   , 15/11/2025
VN-1367    , Vietnam Airlines                       , 07:50         , 21:40       , 37h 50m ,     1,  5143863, Phú Bài       , Hà Nội      , Phổ thông   , 15/11/2025
VN-1371    , Vietnam Airlines                       , 13:25         , 20:05       , 30h 40m ,     1,  5254851, Phú Bài       , Hà Nội      , Phổ thông   , 15/11/2025
VN-1367    , Vietnam Airlines                       , 07:50         , 20:05       , 36h 15m ,     1,  5388982, Phú Bài       , Hà Nội      , Phổ thông   , 15/11/2025
VN-1367    , Vietnam Airlines                       , 07:50         , 17:05       , 33h 15m ,     1,  5631739, Phú Bài       , Hà Nội      , Phổ thông   , 15/11/2025
VN-1367    , Vietnam Airlines                       , 07:50         , 15:35       , 31h 45m ,     1,  5866654, Phú Bài       , Hà Nội      , Phổ thông   , 15/11/2025
VN-1367    , Vietnam Airlines                       , 07:50         , 14:05       , 30h 15m ,     1,  5922448, Phú Bài       , Hà Nội      , Phổ thông   , 15/11/2025
VN-1367    , Vietnam Airlines                       , 07:50         , 16:05       , 32h 15m ,     1,  6078617, Phú Bài       , Hà Nội      , Phổ thông   , 15/11/2025
VN-1371    , Vietnam Airlines                       , 13:25         , 21:25       , 8h 0m   ,     1,  7493087, Phú Bài       , Hà Nội      , Phổ thông   , 15/11/2025
VN-1371    , Vietnam Airlines                       , 13:25         , 00:30       , 11h 5m  ,     1,  7493087, Phú Bài       , Hà Nội      , Phổ thông   , 15/11/2025
VN-1367    , Vietnam Airlines                       , 07:50         , 21:25       , 13h 35m ,     1,  7493087, Phú Bài       , Hà Nội      , Phổ thông   , 15/11/2025
VN-1367    , Vietnam Airlines                       , 07:50         , 00:30       , 16h 40m ,     1,  7493087, Phú Bài       , Hà Nội      , Phổ thông   , 15/11/2025
VN-1375    , Vietnam Airlines                       , 17:40         , 23:15       , 5h 35m  ,     1,  7622695, Phú Bài       , Hà Nội      , Phổ thông   , 15/11/2025
VN-1375    , Vietnam Airlines                       , 17:40         , 00:30       , 6h 50m  ,     1,  7786629, Phú Bài       , Hà Nội      , Phổ thông   , 15/11/2025
VN-1371    , Vietnam Airlines                       , 13:25         , 09:30       , 20h 5m  ,     1,  8377535, Phú Bài       , Hà Nội      , Phổ thông   , 15/11/2025
VN-1371    , Vietnam Airlines                       , 13:25         , 09:40       , 20h 15m ,     1,  8377535, Phú Bài       , Hà Nội      , Phổ thông   , 15/11/2025
VN-1375    , Vietnam Airlines                       , 17:40         , 18:45       , 25h 5m  ,     1,  8377535, Phú Bài       , Hà Nội      , Phổ thông   , 15/11/2025
VN-1367    , Vietnam Airlines                       , 07:50         , 09:30       , 25h 40m ,     1,  8377535, Phú Bài       , Hà Nội      , Phổ thông   , 15/11/2025
VN-1367    , Vietnam Airlines                       , 07:50         , 09:40       , 25h 50m ,     1,  8377535, Phú Bài       , Hà Nội      , Phổ thông   , 15/11/2025
VN-1375    , Vietnam Airlines                       , 17:40         , 19:35       , 25h 55m ,     1,  8377535, Phú Bài       , Hà Nội      , Phổ thông   , 15/11/2025
VN-1375    , Vietnam Airlines                       , 17:40         , 09:30       , 15h 50m ,     1,  8671349, Phú Bài       , Hà Nội      , Phổ thông   , 15/11/2025
VN-1375    , Vietnam Airlines                       , 17:40         , 09:40       , 16h 0m  ,     1,  8671349, Phú Bài       , Hà Nội      , Phổ thông   , 15/11/2025
VN-1371    , Vietnam Airlines                       , 13:25         , 09:05       , 19h 40m ,     1,  8964617, Phú Bài       , Hà Nội      , Phổ thông   , 15/11/2025
VN-1367    , Vietnam Airlines                       , 07:50         , 09:05       , 25h 15m ,     1,  8964617, Phú Bài       , Hà Nội      , Phổ thông   , 15/11/2025
VN-1375    , Vietnam Airlines                       , 17:40         , 09:05       , 15h 25m ,     1,  9258705, Phú Bài       , Hà Nội      , Phổ thông   , 15/11/2025
VN-1371    , Vietnam Airlines                       , 13:25         , 18:05       , 4h 40m  ,     1, 10763910, Phú Bài       , Hà Nội      , Phổ thông   , 15/11/2025
VN-1375    , Vietnam Airlines                       , 17:40         , 22:25       , 4h 45m  ,     1, 11027598, Phú Bài       , Hà Nội      , Phổ thông   , 15/11/2025
VN-1375    , Vietnam Airlines                       , 17:40         , 22:35       , 4h 55m  ,     1, 11618778, Phú Bài       , Hà Nội      , Phổ thông   , 15/11/2025
VN-1548    , Vietnam Airlines                       , 22:30         , 23:50       , 1h 20m  ,     0,  2631367, Phú Bài       , Hà Nội      , Thương gia  , 15/11/2025
VN-1540    , Vietnam Airlines                       , 07:50         , 09:10       , 1h 20m  ,     0,  2631367, Phú Bài       , Hà Nội      , Thương gia  , 15/11/2025
VN-1544    , Vietnam Airlines                       , 18:50         , 20:10       , 1h 20m  ,     0,  4630081, Phú Bài       , Hà Nội      , Thương gia  , 15/11/2025
VN-1548    , Vietnam Airlines                       , 22:30         , 23:50       , 1h 20m  ,     0,  1062650, Phú Bài       , Hà Nội      , Phổ thông   , 16/11/2025
VJ-566     , VietJet Air                            , 11:50         , 13:05       , 1h 15m  ,     0,  1410689, Phú Bài       , Hà Nội      , Phổ thông   , 16/11/2025
VJ-568     , VietJet Air                            , 21:00         , 22:15       , 1h 15m  ,     0,  2493304, Phú Bài       , Hà Nội      , Phổ thông   , 16/11/2025
VN-1544    , Vietnam Airlines                       , 18:50         , 20:10       , 1h 20m  ,     0,  2598398, Phú Bài       , Hà Nội      , Phổ thông   , 16/11/2025
VN-1548    , Vietnam Airlines                       , 22:30         , 23:50       , 1h 20m  ,     0,  2652167, Phú Bài       , Hà Nội      , Phổ thông   , 16/11/2025
VN-1540    , Vietnam Airlines                       , 07:50         , 09:10       , 1h 20m  ,     0,  2710693, Phú Bài       , Hà Nội      , Phổ thông   , 16/11/2025
VN-1544    , Vietnam Airlines                       , 18:50         , 20:10       , 1h 20m  ,     0,  2710693, Phú Bài       , Hà Nội      , Phổ thông   , 16/11/2025
VJ-307     , VietJet Air                            , 14:35         , 00:55       , 10h 20m ,     1,  2712979, Phú Bài       , Hà Nội      , Phổ thông   , 16/11/2025
VJ-307     , VietJet Air                            , 14:35         , 21:10       , 30h 35m ,     1,  2712979, Phú Bài       , Hà Nội      , Phổ thông   , 16/11/2025
VJ-307     , VietJet Air                            , 14:35         , 21:15       , 30h 40m ,     1,  2712979, Phú Bài       , Hà Nội      , Phổ thông   , 16/11/2025
VJ-303     , VietJet Air                            , 09:55         , 00:55       , 15h 0m  ,     1,  3299940, Phú Bài       , Hà Nội      , Phổ thông   , 16/11/2025
VJ-303     , VietJet Air                            , 09:55         , 21:00       , 35h 5m  ,     1,  3299940, Phú Bài       , Hà Nội      , Phổ thông   , 16/11/2025
VJ-303     , VietJet Air                            , 09:55         , 21:10       , 35h 15m ,     1,  3299940, Phú Bài       , Hà Nội      , Phổ thông   , 16/11/2025
VJ-303     , VietJet Air                            , 09:55         , 21:15       , 35h 20m ,     1,  3299940, Phú Bài       , Hà Nội      , Phổ thông   , 16/11/2025
VJ-303     , VietJet Air                            , 09:55         , 23:10       , 37h 15m ,     1,  3299940, Phú Bài       , Hà Nội      , Phổ thông   , 16/11/2025
VJ-303     , VietJet Air                            , 09:55         , 23:55       , 38h 0m  ,     1,  3299940, Phú Bài       , Hà Nội      , Phổ thông   , 16/11/2025
VJ-303     , VietJet Air                            , 09:55         , 09:00       , 23h 5m  ,     1,  3445429, Phú Bài       , Hà Nội      , Phổ thông   , 16/11/2025
VJ-303     , VietJet Air                            , 09:55         , 14:40       , 28h 45m ,     1,  3445429, Phú Bài       , Hà Nội      , Phổ thông   , 16/11/2025
VJ-303     , VietJet Air                            , 09:55         , 14:50       , 28h 55m ,     1,  3445429, Phú Bài       , Hà Nội      , Phổ thông   , 16/11/2025
VJ-303     , VietJet Air                            , 09:55         , 09:30       , 23h 35m ,     1,  3561977, Phú Bài       , Hà Nội      , Phổ thông   , 16/11/2025
VJ-303     , VietJet Air                            , 09:55         , 16:50       , 30h 55m ,     1,  3561977, Phú Bài       , Hà Nội      , Phổ thông   , 16/11/2025
VN-1371    , Vietnam Airlines                       , 13:25         , 22:35       , 33h 10m ,     1,  4334772, Phú Bài       , Hà Nội      , Phổ thông   , 16/11/2025
VN-1371    , Vietnam Airlines                       , 13:25         , 23:05       , 33h 40m ,     1,  4338768, Phú Bài       , Hà Nội      , Phổ thông   , 16/11/2025
VN-1367    , Vietnam Airlines                       , 07:50         , 22:35       , 38h 45m ,     1,  4468903, Phú Bài       , Hà Nội      , Phổ thông   , 16/11/2025
VN-1367    , Vietnam Airlines                       , 07:50         , 23:05       , 39h 15m ,     1,  4472899, Phú Bài       , Hà Nội      , Phổ thông   , 16/11/2025
VN-1367    , Vietnam Airlines                       , 07:50         , 18:45       , 34h 55m ,     1,  4700671, Phú Bài       , Hà Nội      , Phổ thông   , 16/11/2025
VN-1367    , Vietnam Airlines                       , 07:50         , 19:05       , 35h 15m ,     1,  4909462, Phú Bài       , Hà Nội      , Phổ thông   , 16/11/2025
VN-1367    , Vietnam Airlines                       , 07:50         , 18:05       , 34h 15m ,     1,  4917454, Phú Bài       , Hà Nội      , Phổ thông   , 16/11/2025
VN-1371    , Vietnam Airlines                       , 13:25         , 21:05       , 31h 40m ,     1,  4996110, Phú Bài       , Hà Nội      , Phổ thông   , 16/11/2025
VN-1371    , Vietnam Airlines                       , 13:25         , 21:40       , 32h 15m ,     1,  5009732, Phú Bài       , Hà Nội      , Phổ thông   , 16/11/2025
VN-1367    , Vietnam Airlines                       , 07:50         , 21:05       , 37h 15m ,     1,  5130241, Phú Bài       , Hà Nội      , Phổ thông   , 16/11/2025
VN-1367    , Vietnam Airlines                       , 07:50         , 21:40       , 37h 50m ,     1,  5143863, Phú Bài       , Hà Nội      , Phổ thông   , 16/11/2025
VN-1371    , Vietnam Airlines                       , 13:25         , 20:05       , 30h 40m ,     1,  5254851, Phú Bài       , Hà Nội      , Phổ thông   , 16/11/2025
VN-1367    , Vietnam Airlines                       , 07:50         , 20:05       , 36h 15m ,     1,  5388982, Phú Bài       , Hà Nội      , Phổ thông   , 16/11/2025
VN-1367    , Vietnam Airlines                       , 07:50         , 17:05       , 33h 15m ,     1,  5631739, Phú Bài       , Hà Nội      , Phổ thông   , 16/11/2025
VN-1367    , Vietnam Airlines                       , 07:50         , 15:35       , 31h 45m ,     1,  5866654, Phú Bài       , Hà Nội      , Phổ thông   , 16/11/2025
VN-1367    , Vietnam Airlines                       , 07:50         , 14:05       , 30h 15m ,     1,  5922448, Phú Bài       , Hà Nội      , Phổ thông   , 16/11/2025
VN-1367    , Vietnam Airlines                       , 07:50         , 16:05       , 32h 15m ,     1,  6078617, Phú Bài       , Hà Nội      , Phổ thông   , 16/11/2025
VN-1371    , Vietnam Airlines                       , 13:25         , 21:25       , 8h 0m   ,     1,  7493087, Phú Bài       , Hà Nội      , Phổ thông   , 16/11/2025
VN-1371    , Vietnam Airlines                       , 13:25         , 23:15       , 9h 50m  ,     1,  7493087, Phú Bài       , Hà Nội      , Phổ thông   , 16/11/2025
VN-1371    , Vietnam Airlines                       , 13:25         , 00:30       , 11h 5m  ,     1,  7493087, Phú Bài       , Hà Nội      , Phổ thông   , 16/11/2025
VN-1371    , Vietnam Airlines                       , 13:25         , 01:05       , 11h 40m ,     1,  7493087, Phú Bài       , Hà Nội      , Phổ thông   , 16/11/2025
VN-1367    , Vietnam Airlines                       , 07:50         , 21:25       , 13h 35m ,     1,  7493087, Phú Bài       , Hà Nội      , Phổ thông   , 16/11/2025
VN-1367    , Vietnam Airlines                       , 07:50         , 23:15       , 15h 25m ,     1,  7493087, Phú Bài       , Hà Nội      , Phổ thông   , 16/11/2025
VN-1367    , Vietnam Airlines                       , 07:50         , 00:30       , 16h 40m ,     1,  7493087, Phú Bài       , Hà Nội      , Phổ thông   , 16/11/2025
VN-1367    , Vietnam Airlines                       , 07:50         , 01:05       , 17h 15m ,     1,  7493087, Phú Bài       , Hà Nội      , Phổ thông   , 16/11/2025
VN-1375    , Vietnam Airlines                       , 17:40         , 23:15       , 5h 35m  ,     1,  7622695, Phú Bài       , Hà Nội      , Phổ thông   , 16/11/2025
VN-1375    , Vietnam Airlines                       , 17:40         , 00:30       , 6h 50m  ,     1,  7786629, Phú Bài       , Hà Nội      , Phổ thông   , 16/11/2025
VN-1375    , Vietnam Airlines                       , 17:40         , 01:05       , 7h 25m  ,     1,  7786629, Phú Bài       , Hà Nội      , Phổ thông   , 16/11/2025
VN-1371    , Vietnam Airlines                       , 13:25         , 00:05       , 10h 40m ,     1,  8377535, Phú Bài       , Hà Nội      , Phổ thông   , 16/11/2025
VN-1367    , Vietnam Airlines                       , 07:50         , 00:05       , 16h 15m ,     1,  8377535, Phú Bài       , Hà Nội      , Phổ thông   , 16/11/2025
VN-1371    , Vietnam Airlines                       , 13:25         , 09:30       , 20h 5m  ,     1,  8377535, Phú Bài       , Hà Nội      , Phổ thông   , 16/11/2025
VN-1371    , Vietnam Airlines                       , 13:25         , 09:40       , 20h 15m ,     1,  8377535, Phú Bài       , Hà Nội      , Phổ thông   , 16/11/2025
VN-1375    , Vietnam Airlines                       , 17:40         , 18:45       , 25h 5m  ,     1,  8377535, Phú Bài       , Hà Nội      , Phổ thông   , 16/11/2025
VN-1367    , Vietnam Airlines                       , 07:50         , 09:30       , 25h 40m ,     1,  8377535, Phú Bài       , Hà Nội      , Phổ thông   , 16/11/2025
VN-1367    , Vietnam Airlines                       , 07:50         , 09:40       , 25h 50m ,     1,  8377535, Phú Bài       , Hà Nội      , Phổ thông   , 16/11/2025
VN-1375    , Vietnam Airlines                       , 17:40         , 19:35       , 25h 55m ,     1,  8377535, Phú Bài       , Hà Nội      , Phổ thông   , 16/11/2025
VN-1375    , Vietnam Airlines                       , 17:40         , 00:05       , 6h 25m  ,     1,  8671349, Phú Bài       , Hà Nội      , Phổ thông   , 16/11/2025
VN-1375    , Vietnam Airlines                       , 17:40         , 09:30       , 15h 50m ,     1,  8671349, Phú Bài       , Hà Nội      , Phổ thông   , 16/11/2025
VN-1375    , Vietnam Airlines                       , 17:40         , 09:40       , 16h 0m  ,     1,  8671349, Phú Bài       , Hà Nội      , Phổ thông   , 16/11/2025
VN-1371    , Vietnam Airlines                       , 13:25         , 09:05       , 19h 40m ,     1,  8964617, Phú Bài       , Hà Nội      , Phổ thông   , 16/11/2025
VN-1367    , Vietnam Airlines                       , 07:50         , 09:05       , 25h 15m ,     1,  8964617, Phú Bài       , Hà Nội      , Phổ thông   , 16/11/2025
VN-1375    , Vietnam Airlines                       , 17:40         , 09:05       , 15h 25m ,     1,  9258705, Phú Bài       , Hà Nội      , Phổ thông   , 16/11/2025
VN-1371    , Vietnam Airlines                       , 13:25         , 18:05       , 4h 40m  ,     1, 10763910, Phú Bài       , Hà Nội      , Phổ thông   , 16/11/2025
VN-1375    , Vietnam Airlines                       , 17:40         , 22:25       , 4h 45m  ,     1, 11027598, Phú Bài       , Hà Nội      , Phổ thông   , 16/11/2025
VN-1375    , Vietnam Airlines                       , 17:40         , 22:35       , 4h 55m  ,     1, 11618778, Phú Bài       , Hà Nội      , Phổ thông   , 16/11/2025
VN-1548    , Vietnam Airlines                       , 22:30         , 23:50       , 1h 20m  ,     0,  2631367, Phú Bài       , Hà Nội      , Thương gia  , 16/11/2025
VN-1540    , Vietnam Airlines                       , 07:50         , 09:10       , 1h 20m  ,     0,  2631367, Phú Bài       , Hà Nội      , Thương gia  , 16/11/2025
VN-1544    , Vietnam Airlines                       , 18:50         , 20:10       , 1h 20m  ,     0,  4630081, Phú Bài       , Hà Nội      , Thương gia  , 16/11/2025
VJ-311     , VietJet Air                            , 22:10         , 22:00       , 23h 50m ,     1,  2300198, Phú Bài       , Hải Phòng   , Phổ thông   , 13/11/2025
VJ-311     , VietJet Air                            , 22:10         , 22:55       , 24h 45m ,     1,  2340624, Phú Bài       , Hải Phòng   , Phổ thông   , 13/11/2025
VJ-311     , VietJet Air                            , 22:10         , 08:15       , 10h 5m  ,     1,  2524632, Phú Bài       , Hải Phòng   , Phổ thông   , 13/11/2025
VJ-311     , VietJet Air                            , 22:10         , 09:45       , 11h 35m ,     1,  2524632, Phú Bài       , Hải Phòng   , Phổ thông   , 13/11/2025
VJ-311     , VietJet Air                            , 22:10         , 10:55       , 12h 45m ,     1,  2524632, Phú Bài       , Hải Phòng   , Phổ thông   , 13/11/2025
VJ-311     , VietJet Air                            , 22:10         , 20:15       , 22h 5m  ,     1,  2524632, Phú Bài       , Hải Phòng   , Phổ thông   , 13/11/2025
VJ-307     , VietJet Air                            , 14:35         , 23:00       , 8h 25m  ,     1,  2712979, Phú Bài       , Hải Phòng   , Phổ thông   , 13/11/2025
VJ-311     , VietJet Air                            , 22:10         , 17:55       , 19h 45m ,     1,  2872949, Phú Bài       , Hải Phòng   , Phổ thông   , 13/11/2025
VJ-303     , VietJet Air                            , 09:55         , 23:00       , 13h 5m  ,     1,  3299940, Phú Bài       , Hải Phòng   , Phổ thông   , 13/11/2025
VJ-303     , VietJet Air                            , 09:55         , 17:55       , 8h 0m   ,     1,  3551717, Phú Bài       , Hải Phòng   , Phổ thông   , 13/11/2025
VJ-307     , "VietJet Air, Vietnam Airlines"        , 14:35         , 20:35       , 6h 0m   ,     1,  4622483, Phú Bài       , Hải Phòng   , Phổ thông   , 13/11/2025
VJ-307     , "VietJet Air, Vietnam Airlines"        , 14:35         , 22:30       , 7h 55m  ,     1,  4622483, Phú Bài       , Hải Phòng   , Phổ thông   , 13/11/2025
VJ-311     , VietJet Air                            , 22:10         , 22:00       , 23h 50m ,     1,  2300198, Phú Bài       , Hải Phòng   , Phổ thông   , 14/11/2025
VJ-311     , VietJet Air                            , 22:10         , 22:55       , 24h 45m ,     1,  2340624, Phú Bài       , Hải Phòng   , Phổ thông   , 14/11/2025
VJ-311     , VietJet Air                            , 22:10         , 08:15       , 10h 5m  ,     1,  2524632, Phú Bài       , Hải Phòng   , Phổ thông   , 14/11/2025
VJ-311     , VietJet Air                            , 22:10         , 09:45       , 11h 35m ,     1,  2524632, Phú Bài       , Hải Phòng   , Phổ thông   , 14/11/2025
VJ-311     , VietJet Air                            , 22:10         , 10:55       , 12h 45m ,     1,  2524632, Phú Bài       , Hải Phòng   , Phổ thông   , 14/11/2025
VJ-311     , VietJet Air                            , 22:10         , 20:15       , 22h 5m  ,     1,  2524632, Phú Bài       , Hải Phòng   , Phổ thông   , 14/11/2025
VJ-307     , VietJet Air                            , 14:35         , 23:00       , 8h 25m  ,     1,  2712979, Phú Bài       , Hải Phòng   , Phổ thông   , 14/11/2025
VJ-311     , VietJet Air                            , 22:10         , 17:55       , 19h 45m ,     1,  2872949, Phú Bài       , Hải Phòng   , Phổ thông   , 14/11/2025
VJ-303     , VietJet Air                            , 09:55         , 23:00       , 13h 5m  ,     1,  3299940, Phú Bài       , Hải Phòng   , Phổ thông   , 14/11/2025
VJ-303     , VietJet Air                            , 09:55         , 17:55       , 8h 0m   ,     1,  3551717, Phú Bài       , Hải Phòng   , Phổ thông   , 14/11/2025
VJ-307     , "VietJet Air, Vietnam Airlines"        , 14:35         , 20:35       , 6h 0m   ,     1,  4622483, Phú Bài       , Hải Phòng   , Phổ thông   , 14/11/2025
VJ-307     , "VietJet Air, Vietnam Airlines"        , 14:35         , 22:30       , 7h 55m  ,     1,  4622483, Phú Bài       , Hải Phòng   , Phổ thông   , 14/11/2025
VJ-311     , VietJet Air                            , 22:10         , 22:00       , 23h 50m ,     1,  2300198, Phú Bài       , Hải Phòng   , Phổ thông   , 15/11/2025
VJ-311     , VietJet Air                            , 22:10         , 22:55       , 24h 45m ,     1,  2340624, Phú Bài       , Hải Phòng   , Phổ thông   , 15/11/2025
VJ-311     , VietJet Air                            , 22:10         , 08:15       , 10h 5m  ,     1,  2524632, Phú Bài       , Hải Phòng   , Phổ thông   , 15/11/2025
VJ-311     , VietJet Air                            , 22:10         , 09:45       , 11h 35m ,     1,  2524632, Phú Bài       , Hải Phòng   , Phổ thông   , 15/11/2025
VJ-311     , VietJet Air                            , 22:10         , 10:55       , 12h 45m ,     1,  2524632, Phú Bài       , Hải Phòng   , Phổ thông   , 15/11/2025
VJ-311     , VietJet Air                            , 22:10         , 20:15       , 22h 5m  ,     1,  2524632, Phú Bài       , Hải Phòng   , Phổ thông   , 15/11/2025
VJ-307     , VietJet Air                            , 14:35         , 23:00       , 8h 25m  ,     1,  2712979, Phú Bài       , Hải Phòng   , Phổ thông   , 15/11/2025
VJ-311     , VietJet Air                            , 22:10         , 17:55       , 19h 45m ,     1,  2872949, Phú Bài       , Hải Phòng   , Phổ thông   , 15/11/2025
VJ-303     , VietJet Air                            , 09:55         , 23:00       , 13h 5m  ,     1,  3299940, Phú Bài       , Hải Phòng   , Phổ thông   , 15/11/2025
VJ-303     , VietJet Air                            , 09:55         , 17:55       , 8h 0m   ,     1,  3551717, Phú Bài       , Hải Phòng   , Phổ thông   , 15/11/2025
VJ-307     , "VietJet Air, Vietnam Airlines"        , 14:35         , 20:35       , 6h 0m   ,     1,  4622483, Phú Bài       , Hải Phòng   , Phổ thông   , 15/11/2025
VJ-307     , "VietJet Air, Vietnam Airlines"        , 14:35         , 22:30       , 7h 55m  ,     1,  4622483, Phú Bài       , Hải Phòng   , Phổ thông   , 15/11/2025
VJ-311     , VietJet Air                            , 22:10         , 22:00       , 23h 50m ,     1,  2300198, Phú Bài       , Hải Phòng   , Phổ thông   , 16/11/2025
VJ-311     , VietJet Air                            , 22:10         , 22:55       , 24h 45m ,     1,  2340624, Phú Bài       , Hải Phòng   , Phổ thông   , 16/11/2025
VJ-311     , VietJet Air                            , 22:10         , 08:15       , 10h 5m  ,     1,  2524632, Phú Bài       , Hải Phòng   , Phổ thông   , 16/11/2025
VJ-311     , VietJet Air                            , 22:10         , 09:45       , 11h 35m ,     1,  2524632, Phú Bài       , Hải Phòng   , Phổ thông   , 16/11/2025
VJ-311     , VietJet Air                            , 22:10         , 10:55       , 12h 45m ,     1,  2524632, Phú Bài       , Hải Phòng   , Phổ thông   , 16/11/2025
VJ-311     , VietJet Air                            , 22:10         , 20:15       , 22h 5m  ,     1,  2524632, Phú Bài       , Hải Phòng   , Phổ thông   , 16/11/2025
VJ-307     , VietJet Air                            , 14:35         , 23:00       , 8h 25m  ,     1,  2712979, Phú Bài       , Hải Phòng   , Phổ thông   , 16/11/2025
VJ-311     , VietJet Air                            , 22:10         , 17:55       , 19h 45m ,     1,  2872949, Phú Bài       , Hải Phòng   , Phổ thông   , 16/11/2025
VJ-303     , VietJet Air                            , 09:55         , 23:00       , 13h 5m  ,     1,  3299940, Phú Bài       , Hải Phòng   , Phổ thông   , 16/11/2025
VJ-303     , VietJet Air                            , 09:55         , 17:55       , 8h 0m   ,     1,  3551717, Phú Bài       , Hải Phòng   , Phổ thông   , 16/11/2025
VJ-307     , "VietJet Air, Vietnam Airlines"        , 14:35         , 20:35       , 6h 0m   ,     1,  4622483, Phú Bài       , Hải Phòng   , Phổ thông   , 16/11/2025
VJ-307     , "VietJet Air, Vietnam Airlines"        , 14:35         , 22:30       , 7h 55m  ,     1,  4622483, Phú Bài       , Hải Phòng   , Phổ thông   , 16/11/2025
VJ-311     , "VietJet Air, Bamboo Airways"          , 22:10         , 07:40       , 9h 30m  ,     1,  1723575, Phú Bài       , Đà Nẵng     , Phổ thông   , 13/11/2025
VJ-311     , "VietJet Air, Vietravel Airlines"      , 22:10         , 10:20       , 12h 10m ,     1,  1797354, Phú Bài       , Đà Nẵng     , Phổ thông   , 13/11/2025
VJ-311     , VietJet Air                            , 22:10         , 07:50       , 9h 40m  ,     1,  1863205, Phú Bài       , Đà Nẵng     , Phổ thông   , 13/11/2025
VJ-311     , VietJet Air                            , 22:10         , 08:40       , 10h 30m ,     1,  1863205, Phú Bài       , Đà Nẵng     , Phổ thông   , 13/11/2025
VJ-311     , VietJet Air                            , 22:10         , 09:40       , 11h 30m ,     1,  1863205, Phú Bài       , Đà Nẵng     , Phổ thông   , 13/11/2025
VJ-311     , VietJet Air                            , 22:10         , 10:45       , 12h 35m ,     1,  1863205, Phú Bài       , Đà Nẵng     , Phổ thông   , 13/11/2025
VJ-307     , VietJet Air                            , 14:35         , 19:35       , 5h 0m   ,     1,  2019200, Phú Bài       , Đà Nẵng     , Phổ thông   , 13/11/2025
VJ-311     , "VietJet Air, Bamboo Airways"          , 22:10         , 10:15       , 12h 5m  ,     1,  2021378, Phú Bài       , Đà Nẵng     , Phổ thông   , 13/11/2025
VJ-307     , VietJet Air                            , 14:35         , 22:05       , 7h 30m  ,     1,  2044730, Phú Bài       , Đà Nẵng     , Phổ thông   , 13/11/2025
VJ-307     , VietJet Air                            , 14:35         , 22:45       , 8h 10m  ,     1,  2275986, Phú Bài       , Đà Nẵng     , Phổ thông   , 13/11/2025
VJ-303     , VietJet Air                            , 09:55         , 19:35       , 9h 40m  ,     1,  2606161, Phú Bài       , Đà Nẵng     , Phổ thông   , 13/11/2025
VJ-307     , "VietJet Air, Vietnam Airlines"        , 14:35         , 21:15       , 6h 40m  ,     1,  2847873, Phú Bài       , Đà Nẵng     , Phổ thông   , 13/11/2025
VJ-307     , "VietJet Air, Vietnam Airlines"        , 14:35         , 22:15       , 7h 40m  ,     1,  3130095, Phú Bài       , Đà Nẵng     , Phổ thông   , 13/11/2025
VN-1371    , "Vietnam Airlines, VietJet Air"        , 13:25         , 19:35       , 6h 10m  ,     1,  3227378, Phú Bài       , Đà Nẵng     , Phổ thông   , 13/11/2025
VJ-307     , "VietJet Air, Vietravel Airlines"      , 14:35         , 20:30       , 5h 55m  ,     1,  3257870, Phú Bài       , Đà Nẵng     , Phổ thông   , 13/11/2025
VJ-311     , "VietJet Air, Bamboo Airways"          , 22:10         , 07:40       , 9h 30m  ,     1,  1723575, Phú Bài       , Đà Nẵng     , Phổ thông   , 14/11/2025
VJ-311     , "VietJet Air, Vietravel Airlines"      , 22:10         , 10:20       , 12h 10m ,     1,  1797354, Phú Bài       , Đà Nẵng     , Phổ thông   , 14/11/2025
VJ-311     , VietJet Air                            , 22:10         , 07:50       , 9h 40m  ,     1,  1863205, Phú Bài       , Đà Nẵng     , Phổ thông   , 14/11/2025
VJ-311     , VietJet Air                            , 22:10         , 08:40       , 10h 30m ,     1,  1863205, Phú Bài       , Đà Nẵng     , Phổ thông   , 14/11/2025
VJ-311     , VietJet Air                            , 22:10         , 09:40       , 11h 30m ,     1,  1863205, Phú Bài       , Đà Nẵng     , Phổ thông   , 14/11/2025
VJ-311     , VietJet Air                            , 22:10         , 10:45       , 12h 35m ,     1,  1863205, Phú Bài       , Đà Nẵng     , Phổ thông   , 14/11/2025
VJ-307     , VietJet Air                            , 14:35         , 19:35       , 5h 0m   ,     1,  2019200, Phú Bài       , Đà Nẵng     , Phổ thông   , 14/11/2025
VJ-311     , "VietJet Air, Bamboo Airways"          , 22:10         , 10:15       , 12h 5m  ,     1,  2021378, Phú Bài       , Đà Nẵng     , Phổ thông   , 14/11/2025
VJ-307     , VietJet Air                            , 14:35         , 22:05       , 7h 30m  ,     1,  2044730, Phú Bài       , Đà Nẵng     , Phổ thông   , 14/11/2025
VJ-307     , VietJet Air                            , 14:35         , 22:45       , 8h 10m  ,     1,  2275986, Phú Bài       , Đà Nẵng     , Phổ thông   , 14/11/2025
VJ-303     , VietJet Air                            , 09:55         , 19:35       , 9h 40m  ,     1,  2606161, Phú Bài       , Đà Nẵng     , Phổ thông   , 14/11/2025
VJ-307     , "VietJet Air, Vietnam Airlines"        , 14:35         , 21:15       , 6h 40m  ,     1,  2847873, Phú Bài       , Đà Nẵng     , Phổ thông   , 14/11/2025
VJ-307     , "VietJet Air, Vietnam Airlines"        , 14:35         , 22:15       , 7h 40m  ,     1,  3130095, Phú Bài       , Đà Nẵng     , Phổ thông   , 14/11/2025
VN-1371    , "Vietnam Airlines, VietJet Air"        , 13:25         , 19:35       , 6h 10m  ,     1,  3227378, Phú Bài       , Đà Nẵng     , Phổ thông   , 14/11/2025
VJ-307     , "VietJet Air, Vietravel Airlines"      , 14:35         , 20:30       , 5h 55m  ,     1,  3257870, Phú Bài       , Đà Nẵng     , Phổ thông   , 14/11/2025
VJ-311     , VietJet Air                            , 22:10         , 08:40       , 10h 30m ,     1,  1669834, Phú Bài       , Đà Nẵng     , Phổ thông   , 15/11/2025
VJ-311     , "VietJet Air, Bamboo Airways"          , 22:10         , 07:40       , 9h 30m  ,     1,  1723575, Phú Bài       , Đà Nẵng     , Phổ thông   , 15/11/2025
VJ-311     , "VietJet Air, Vietravel Airlines"      , 22:10         , 10:20       , 12h 10m ,     1,  1797354, Phú Bài       , Đà Nẵng     , Phổ thông   , 15/11/2025
VJ-311     , VietJet Air                            , 22:10         , 07:50       , 9h 40m  ,     1,  1863205, Phú Bài       , Đà Nẵng     , Phổ thông   , 15/11/2025
VJ-311     , VietJet Air                            , 22:10         , 09:40       , 11h 30m ,     1,  1863205, Phú Bài       , Đà Nẵng     , Phổ thông   , 15/11/2025
VJ-311     , VietJet Air                            , 22:10         , 10:45       , 12h 35m ,     1,  1863205, Phú Bài       , Đà Nẵng     , Phổ thông   , 15/11/2025
VJ-307     , VietJet Air                            , 14:35         , 19:35       , 5h 0m   ,     1,  2019200, Phú Bài       , Đà Nẵng     , Phổ thông   , 15/11/2025
VJ-311     , "VietJet Air, Bamboo Airways"          , 22:10         , 10:15       , 12h 5m  ,     1,  2021378, Phú Bài       , Đà Nẵng     , Phổ thông   , 15/11/2025
VJ-307     , VietJet Air                            , 14:35         , 22:05       , 7h 30m  ,     1,  2044730, Phú Bài       , Đà Nẵng     , Phổ thông   , 15/11/2025
VJ-307     , VietJet Air                            , 14:35         , 22:45       , 8h 10m  ,     1,  2275986, Phú Bài       , Đà Nẵng     , Phổ thông   , 15/11/2025
VJ-303     , VietJet Air                            , 09:55         , 19:35       , 9h 40m  ,     1,  2606161, Phú Bài       , Đà Nẵng     , Phổ thông   , 15/11/2025
VJ-307     , "VietJet Air, Vietnam Airlines"        , 14:35         , 21:15       , 6h 40m  ,     1,  2847873, Phú Bài       , Đà Nẵng     , Phổ thông   , 15/11/2025
VJ-307     , "VietJet Air, Vietnam Airlines"        , 14:35         , 22:15       , 7h 40m  ,     1,  3130095, Phú Bài       , Đà Nẵng     , Phổ thông   , 15/11/2025
VN-1371    , "Vietnam Airlines, VietJet Air"        , 13:25         , 19:35       , 6h 10m  ,     1,  3227378, Phú Bài       , Đà Nẵng     , Phổ thông   , 15/11/2025
VJ-307     , "VietJet Air, Vietravel Airlines"      , 14:35         , 20:30       , 5h 55m  ,     1,  3257870, Phú Bài       , Đà Nẵng     , Phổ thông   , 15/11/2025
VJ-311     , VietJet Air                            , 22:10         , 08:40       , 10h 30m ,     1,  1669834, Phú Bài       , Đà Nẵng     , Phổ thông   , 16/11/2025
VJ-311     , "VietJet Air, Bamboo Airways"          , 22:10         , 07:40       , 9h 30m  ,     1,  1723575, Phú Bài       , Đà Nẵng     , Phổ thông   , 16/11/2025
VJ-311     , "VietJet Air, Vietravel Airlines"      , 22:10         , 10:20       , 12h 10m ,     1,  1797354, Phú Bài       , Đà Nẵng     , Phổ thông   , 16/11/2025
VJ-311     , VietJet Air                            , 22:10         , 07:50       , 9h 40m  ,     1,  1863205, Phú Bài       , Đà Nẵng     , Phổ thông   , 16/11/2025
VJ-311     , VietJet Air                            , 22:10         , 09:40       , 11h 30m ,     1,  1863205, Phú Bài       , Đà Nẵng     , Phổ thông   , 16/11/2025
VJ-311     , VietJet Air                            , 22:10         , 10:45       , 12h 35m ,     1,  1863205, Phú Bài       , Đà Nẵng     , Phổ thông   , 16/11/2025
VJ-307     , VietJet Air                            , 14:35         , 19:35       , 5h 0m   ,     1,  2019200, Phú Bài       , Đà Nẵng     , Phổ thông   , 16/11/2025
VJ-311     , "VietJet Air, Bamboo Airways"          , 22:10         , 10:15       , 12h 5m  ,     1,  2021378, Phú Bài       , Đà Nẵng     , Phổ thông   , 16/11/2025
VJ-307     , VietJet Air                            , 14:35         , 22:05       , 7h 30m  ,     1,  2044730, Phú Bài       , Đà Nẵng     , Phổ thông   , 16/11/2025
VJ-307     , VietJet Air                            , 14:35         , 22:45       , 8h 10m  ,     1,  2275986, Phú Bài       , Đà Nẵng     , Phổ thông   , 16/11/2025
VJ-303     , VietJet Air                            , 09:55         , 19:35       , 9h 40m  ,     1,  2606161, Phú Bài       , Đà Nẵng     , Phổ thông   , 16/11/2025
VJ-307     , "VietJet Air, Vietnam Airlines"        , 14:35         , 21:15       , 6h 40m  ,     1,  2847873, Phú Bài       , Đà Nẵng     , Phổ thông   , 16/11/2025
VJ-307     , "VietJet Air, Vietnam Airlines"        , 14:35         , 22:15       , 7h 40m  ,     1,  3130095, Phú Bài       , Đà Nẵng     , Phổ thông   , 16/11/2025
VN-1371    , "Vietnam Airlines, VietJet Air"        , 13:25         , 19:35       , 6h 10m  ,     1,  3227378, Phú Bài       , Đà Nẵng     , Phổ thông   , 16/11/2025
VJ-307     , "VietJet Air, Vietravel Airlines"      , 14:35         , 20:30       , 5h 55m  ,     1,  3257870, Phú Bài       , Đà Nẵng     , Phổ thông   , 16/11/2025
VN-1371    , Vietnam Airlines                       , 13:25         , 14:55       , 1h 30m  ,     0,  2320778, Phú Bài       , TP HCM      , Phổ thông   , 13/11/2025
VJ-311     , VietJet Air                            , 22:10         , 23:35       , 1h 25m  ,     0,   699819, Phú Bài       , TP HCM      , Phổ thông   , 13/11/2025
VJ-307     , VietJet Air                            , 14:35         , 16:00       , 1h 25m  ,     0,  1112600, Phú Bài       , TP HCM      , Phổ thông   , 13/11/2025
VJ-309     , VietJet Air                            , 18:40         , 20:05       , 1h 25m  ,     0,  1112600, Phú Bài       , TP HCM      , Phổ thông   , 13/11/2025
VJ-301     , VietJet Air                            , 07:25         , 08:50       , 1h 25m  ,     0,  1194071, Phú Bài       , TP HCM      , Phổ thông   , 13/11/2025
VJ-313     , VietJet Air                            , 23:00         , 00:25       , 1h 25m  ,     0,  1236861, Phú Bài       , TP HCM      , Phổ thông   , 13/11/2025
VJ-303     , VietJet Air                            , 09:55         , 11:20       , 1h 25m  ,     0,  1699561, Phú Bài       , TP HCM      , Phổ thông   , 13/11/2025
VN-1367    , Vietnam Airlines                       , 07:50         , 09:20       , 1h 30m  ,     0,  2454909, Phú Bài       , TP HCM      , Phổ thông   , 13/11/2025
VJ-315     , VietJet Air                            , 21:05         , 22:30       , 1h 25m  ,     0,  2493304, Phú Bài       , TP HCM      , Phổ thông   , 13/11/2025
VN-1375    , Vietnam Airlines                       , 17:40         , 19:10       , 1h 30m  ,     0,  2577050, Phú Bài       , TP HCM      , Phổ thông   , 13/11/2025
VJ-566     , VietJet Air                            , 11:50         , 19:30       , 7h 40m  ,     1,  4001336, Phú Bài       , TP HCM      , Phổ thông   , 13/11/2025
VJ-566     , VietJet Air                            , 11:50         , 20:30       , 8h 40m  ,     1,  4001336, Phú Bài       , TP HCM      , Phổ thông   , 13/11/2025
VJ-566     , VietJet Air                            , 11:50         , 18:10       , 6h 20m  ,     1,  4348878, Phú Bài       , TP HCM      , Phổ thông   , 13/11/2025
VJ-566     , VietJet Air                            , 11:50         , 18:10       , 6h 20m  ,     1,  4348878, Phú Bài       , TP HCM      , Phổ thông   , 13/11/2025
VN-1548    , Vietnam Airlines                       , 21:50         , 23:10       , 25h 20m ,     1,  4689033, Phú Bài       , TP HCM      , Phổ thông   , 13/11/2025
VN-1548    , Vietnam Airlines                       , 21:50         , 22:40       , 24h 50m ,     1,  4982491, Phú Bài       , TP HCM      , Phổ thông   , 13/11/2025
VN-1548    , Vietnam Airlines                       , 21:50         , 22:25       , 24h 35m ,     1,  5019775, Phú Bài       , TP HCM      , Phổ thông   , 13/11/2025
VN-1548    , Vietnam Airlines                       , 21:50         , 09:10       , 11h 20m ,     1,  5107335, Phú Bài       , TP HCM      , Phổ thông   , 13/11/2025
VN-1548    , Vietnam Airlines                       , 21:50         , 20:40       , 22h 50m ,     1,  5573773, Phú Bài       , TP HCM      , Phổ thông   , 13/11/2025
VN-1548    , Vietnam Airlines                       , 21:50         , 22:10       , 24h 20m ,     1,  5573773, Phú Bài       , TP HCM      , Phổ thông   , 13/11/2025
VN-1548    , Vietnam Airlines                       , 21:50         , 00:10       , 26h 20m ,     1,  5573773, Phú Bài       , TP HCM      , Phổ thông   , 13/11/2025
VN-1548    , Vietnam Airlines                       , 21:50         , 08:40       , 10h 50m ,     1,  5728230, Phú Bài       , TP HCM      , Phổ thông   , 13/11/2025
VN-1548    , Vietnam Airlines                       , 21:50         , 19:40       , 21h 50m ,     1,  5870778, Phú Bài       , TP HCM      , Phổ thông   , 13/11/2025
VN-1548    , Vietnam Airlines                       , 21:50         , 20:10       , 22h 20m ,     1,  5870778, Phú Bài       , TP HCM      , Phổ thông   , 13/11/2025
VN-1548    , Vietnam Airlines                       , 21:50         , 21:10       , 23h 20m ,     1,  5870778, Phú Bài       , TP HCM      , Phổ thông   , 13/11/2025
VN-1548    , Vietnam Airlines                       , 21:50         , 13:00       , 15h 10m ,     1,  6033789, Phú Bài       , TP HCM      , Phổ thông   , 13/11/2025
VN-1548    , Vietnam Airlines                       , 21:50         , 09:30       , 11h 40m ,     1,  6457691, Phú Bài       , TP HCM      , Phổ thông   , 13/11/2025
VN-1548    , Vietnam Airlines                       , 21:50         , 10:10       , 12h 20m ,     1,  6457691, Phú Bài       , TP HCM      , Phổ thông   , 13/11/2025
VN-1548    , Vietnam Airlines                       , 21:50         , 12:10       , 14h 20m ,     1,  6457691, Phú Bài       , TP HCM      , Phổ thông   , 13/11/2025
VN-1548    , Vietnam Airlines                       , 21:50         , 07:10       , 9h 20m  ,     1,  6636976, Phú Bài       , TP HCM      , Phổ thông   , 13/11/2025
VN-1548    , Vietnam Airlines                       , 21:50         , 07:55       , 10h 5m  ,     1,  6636976, Phú Bài       , TP HCM      , Phổ thông   , 13/11/2025
VN-1548    , Vietnam Airlines                       , 21:50         , 17:40       , 19h 50m ,     1,  6755517, Phú Bài       , TP HCM      , Phổ thông   , 13/11/2025
VN-1548    , Vietnam Airlines                       , 21:50         , 13:10       , 15h 20m ,     1,  6755518, Phú Bài       , TP HCM      , Phổ thông   , 13/11/2025
VN-1548    , Vietnam Airlines                       , 21:50         , 11:10       , 13h 20m ,     1,  7342432, Phú Bài       , TP HCM      , Phổ thông   , 13/11/2025
VN-1548    , Vietnam Airlines                       , 21:50         , 14:40       , 16h 50m ,     1,  7342432, Phú Bài       , TP HCM      , Phổ thông   , 13/11/2025
VN-1548    , Vietnam Airlines                       , 21:50         , 16:40       , 18h 50m ,     1,  7342432, Phú Bài       , TP HCM      , Phổ thông   , 13/11/2025
VN-1548    , Vietnam Airlines                       , 21:50         , 17:10       , 19h 20m ,     1,  7342432, Phú Bài       , TP HCM      , Phổ thông   , 13/11/2025
VN-1548    , Vietnam Airlines                       , 21:50         , 18:40       , 20h 50m ,     1,  7342432, Phú Bài       , TP HCM      , Phổ thông   , 13/11/2025
VN-1544    , Vietnam Airlines                       , 18:20         , 00:10       , 5h 50m  ,     1,  9210850, Phú Bài       , TP HCM      , Phổ thông   , 13/11/2025
VN-1544    , Vietnam Airlines                       , 18:20         , 23:10       , 4h 50m  ,     1, 11909170, Phú Bài       , TP HCM      , Phổ thông   , 13/11/2025
VN-1367    , Vietnam Airlines                       , 07:50         , 09:20       , 1h 30m  ,     0,  2630609, Phú Bài       , TP HCM      , Thương gia  , 13/11/2025
VN-7369    , Vietnam Airlines                       , 20:00         , 21:30       , 1h 30m  ,     0,  2707062, Phú Bài       , TP HCM      , Thương gia  , 13/11/2025
VN-1371    , Vietnam Airlines                       , 13:25         , 14:55       , 1h 30m  ,     0,  2345215, Phú Bài       , TP HCM      , Phổ thông   , 14/11/2025
VJ-311     , VietJet Air                            , 22:10         , 23:35       , 1h 25m  ,     0,   699819, Phú Bài       , TP HCM      , Phổ thông   , 14/11/2025
VJ-307     , VietJet Air                            , 14:35         , 16:00       , 1h 25m  ,     0,  1112600, Phú Bài       , TP HCM      , Phổ thông   , 14/11/2025
VJ-309     , VietJet Air                            , 18:40         , 20:05       , 1h 25m  ,     0,  1112600, Phú Bài       , TP HCM      , Phổ thông   , 14/11/2025
VJ-301     , VietJet Air                            , 07:25         , 08:50       , 1h 25m  ,     0,  1194071, Phú Bài       , TP HCM      , Phổ thông   , 14/11/2025
VJ-313     , VietJet Air                            , 23:00         , 00:25       , 1h 25m  ,     0,  1236861, Phú Bài       , TP HCM      , Phổ thông   , 14/11/2025
VJ-303     , VietJet Air                            , 09:55         , 11:20       , 1h 25m  ,     0,  1699561, Phú Bài       , TP HCM      , Phổ thông   , 14/11/2025
VN-1367    , Vietnam Airlines                       , 07:50         , 09:20       , 1h 30m  ,     0,  2454909, Phú Bài       , TP HCM      , Phổ thông   , 14/11/2025
VJ-315     , VietJet Air                            , 21:05         , 22:30       , 1h 25m  ,     0,  2493304, Phú Bài       , TP HCM      , Phổ thông   , 14/11/2025
VN-1375    , Vietnam Airlines                       , 17:40         , 19:10       , 1h 30m  ,     0,  2577050, Phú Bài       , TP HCM      , Phổ thông   , 14/11/2025
VJ-566     , VietJet Air                            , 11:50         , 19:30       , 7h 40m  ,     1,  4001336, Phú Bài       , TP HCM      , Phổ thông   , 14/11/2025
VJ-566     , VietJet Air                            , 11:50         , 20:30       , 8h 40m  ,     1,  4001336, Phú Bài       , TP HCM      , Phổ thông   , 14/11/2025
VJ-566     , VietJet Air                            , 11:50         , 18:10       , 6h 20m  ,     1,  4348878, Phú Bài       , TP HCM      , Phổ thông   , 14/11/2025
VJ-566     , VietJet Air                            , 11:50         , 18:10       , 6h 20m  ,     1,  4348878, Phú Bài       , TP HCM      , Phổ thông   , 14/11/2025
VN-1548    , Vietnam Airlines                       , 21:50         , 23:10       , 25h 20m ,     1,  4689033, Phú Bài       , TP HCM      , Phổ thông   , 14/11/2025
VN-1548    , Vietnam Airlines                       , 21:50         , 22:40       , 24h 50m ,     1,  4982491, Phú Bài       , TP HCM      , Phổ thông   , 14/11/2025
VN-1548    , Vietnam Airlines                       , 21:50         , 22:25       , 24h 35m ,     1,  5019775, Phú Bài       , TP HCM      , Phổ thông   , 14/11/2025
VN-1548    , Vietnam Airlines                       , 21:50         , 09:10       , 11h 20m ,     1,  5107335, Phú Bài       , TP HCM      , Phổ thông   , 14/11/2025
VN-1548    , Vietnam Airlines                       , 21:50         , 20:40       , 22h 50m ,     1,  5573773, Phú Bài       , TP HCM      , Phổ thông   , 14/11/2025
VN-1548    , Vietnam Airlines                       , 21:50         , 22:10       , 24h 20m ,     1,  5573773, Phú Bài       , TP HCM      , Phổ thông   , 14/11/2025
VN-1548    , Vietnam Airlines                       , 21:50         , 00:10       , 26h 20m ,     1,  5573773, Phú Bài       , TP HCM      , Phổ thông   , 14/11/2025
VN-1548    , Vietnam Airlines                       , 21:50         , 08:40       , 10h 50m ,     1,  5728230, Phú Bài       , TP HCM      , Phổ thông   , 14/11/2025
VN-1548    , Vietnam Airlines                       , 21:50         , 19:40       , 21h 50m ,     1,  5870778, Phú Bài       , TP HCM      , Phổ thông   , 14/11/2025
VN-1548    , Vietnam Airlines                       , 21:50         , 20:10       , 22h 20m ,     1,  5870778, Phú Bài       , TP HCM      , Phổ thông   , 14/11/2025
VN-1548    , Vietnam Airlines                       , 21:50         , 21:10       , 23h 20m ,     1,  5870778, Phú Bài       , TP HCM      , Phổ thông   , 14/11/2025
VN-1548    , Vietnam Airlines                       , 21:50         , 13:00       , 15h 10m ,     1,  6033789, Phú Bài       , TP HCM      , Phổ thông   , 14/11/2025
VN-1548    , Vietnam Airlines                       , 21:50         , 09:30       , 11h 40m ,     1,  6457691, Phú Bài       , TP HCM      , Phổ thông   , 14/11/2025
VN-1548    , Vietnam Airlines                       , 21:50         , 10:10       , 12h 20m ,     1,  6457691, Phú Bài       , TP HCM      , Phổ thông   , 14/11/2025
VN-1548    , Vietnam Airlines                       , 21:50         , 12:10       , 14h 20m ,     1,  6457691, Phú Bài       , TP HCM      , Phổ thông   , 14/11/2025
VN-1548    , Vietnam Airlines                       , 21:50         , 07:10       , 9h 20m  ,     1,  6636976, Phú Bài       , TP HCM      , Phổ thông   , 14/11/2025
VN-1548    , Vietnam Airlines                       , 21:50         , 07:55       , 10h 5m  ,     1,  6636976, Phú Bài       , TP HCM      , Phổ thông   , 14/11/2025
VN-1548    , Vietnam Airlines                       , 21:50         , 17:40       , 19h 50m ,     1,  6755517, Phú Bài       , TP HCM      , Phổ thông   , 14/11/2025
VN-1548    , Vietnam Airlines                       , 21:50         , 13:10       , 15h 20m ,     1,  6755518, Phú Bài       , TP HCM      , Phổ thông   , 14/11/2025
VN-1548    , Vietnam Airlines                       , 21:50         , 11:10       , 13h 20m ,     1,  7342432, Phú Bài       , TP HCM      , Phổ thông   , 14/11/2025
VN-1548    , Vietnam Airlines                       , 21:50         , 14:40       , 16h 50m ,     1,  7342432, Phú Bài       , TP HCM      , Phổ thông   , 14/11/2025
VN-1548    , Vietnam Airlines                       , 21:50         , 16:40       , 18h 50m ,     1,  7342432, Phú Bài       , TP HCM      , Phổ thông   , 14/11/2025
VN-1548    , Vietnam Airlines                       , 21:50         , 17:10       , 19h 20m ,     1,  7342432, Phú Bài       , TP HCM      , Phổ thông   , 14/11/2025
VN-1548    , Vietnam Airlines                       , 21:50         , 18:40       , 20h 50m ,     1,  7342432, Phú Bài       , TP HCM      , Phổ thông   , 14/11/2025
VN-1544    , Vietnam Airlines                       , 18:20         , 00:10       , 5h 50m  ,     1,  9210850, Phú Bài       , TP HCM      , Phổ thông   , 14/11/2025
VN-1544    , Vietnam Airlines                       , 18:20         , 23:10       , 4h 50m  ,     1, 11909170, Phú Bài       , TP HCM      , Phổ thông   , 14/11/2025
VN-1367    , Vietnam Airlines                       , 07:50         , 09:20       , 1h 30m  ,     0,  2630609, Phú Bài       , TP HCM      , Thương gia  , 14/11/2025
VN-7369    , Vietnam Airlines                       , 20:00         , 21:30       , 1h 30m  ,     0,  2707062, Phú Bài       , TP HCM      , Thương gia  , 14/11/2025
VN-1371    , Vietnam Airlines                       , 13:25         , 14:55       , 1h 30m  ,     0,  2345215, Phú Bài       , TP HCM      , Phổ thông   , 15/11/2025
VJ-311     , VietJet Air                            , 22:10         , 23:35       , 1h 25m  ,     0,   699819, Phú Bài       , TP HCM      , Phổ thông   , 15/11/2025
VJ-307     , VietJet Air                            , 14:35         , 16:00       , 1h 25m  ,     0,  1112600, Phú Bài       , TP HCM      , Phổ thông   , 15/11/2025
VJ-309     , VietJet Air                            , 18:40         , 20:05       , 1h 25m  ,     0,  1112600, Phú Bài       , TP HCM      , Phổ thông   , 15/11/2025
VJ-301     , VietJet Air                            , 07:25         , 08:50       , 1h 25m  ,     0,  1194071, Phú Bài       , TP HCM      , Phổ thông   , 15/11/2025
VJ-313     , VietJet Air                            , 23:00         , 00:25       , 1h 25m  ,     0,  1236861, Phú Bài       , TP HCM      , Phổ thông   , 15/11/2025
VJ-303     , VietJet Air                            , 09:55         , 11:20       , 1h 25m  ,     0,  1699561, Phú Bài       , TP HCM      , Phổ thông   , 15/11/2025
VN-1367    , Vietnam Airlines                       , 07:50         , 09:20       , 1h 30m  ,     0,  2454909, Phú Bài       , TP HCM      , Phổ thông   , 15/11/2025
VJ-315     , VietJet Air                            , 21:05         , 22:30       , 1h 25m  ,     0,  2493304, Phú Bài       , TP HCM      , Phổ thông   , 15/11/2025
VN-1375    , Vietnam Airlines                       , 17:40         , 19:10       , 1h 30m  ,     0,  2577050, Phú Bài       , TP HCM      , Phổ thông   , 15/11/2025
VJ-566     , VietJet Air                            , 11:50         , 19:30       , 7h 40m  ,     1,  4001336, Phú Bài       , TP HCM      , Phổ thông   , 15/11/2025
VJ-566     , VietJet Air                            , 11:50         , 20:30       , 8h 40m  ,     1,  4001336, Phú Bài       , TP HCM      , Phổ thông   , 15/11/2025
VJ-566     , VietJet Air                            , 11:50         , 18:10       , 6h 20m  ,     1,  4348878, Phú Bài       , TP HCM      , Phổ thông   , 15/11/2025
VJ-566     , VietJet Air                            , 11:50         , 18:10       , 6h 20m  ,     1,  4348878, Phú Bài       , TP HCM      , Phổ thông   , 15/11/2025
VN-1548    , Vietnam Airlines                       , 21:50         , 23:10       , 25h 20m ,     1,  4689033, Phú Bài       , TP HCM      , Phổ thông   , 15/11/2025
VN-1548    , Vietnam Airlines                       , 21:50         , 22:40       , 24h 50m ,     1,  4982491, Phú Bài       , TP HCM      , Phổ thông   , 15/11/2025
VN-1548    , Vietnam Airlines                       , 21:50         , 22:25       , 24h 35m ,     1,  5019775, Phú Bài       , TP HCM      , Phổ thông   , 15/11/2025
VN-1548    , Vietnam Airlines                       , 21:50         , 09:10       , 11h 20m ,     1,  5107335, Phú Bài       , TP HCM      , Phổ thông   , 15/11/2025
VN-1548    , Vietnam Airlines                       , 21:50         , 20:40       , 22h 50m ,     1,  5573773, Phú Bài       , TP HCM      , Phổ thông   , 15/11/2025
VN-1548    , Vietnam Airlines                       , 21:50         , 22:10       , 24h 20m ,     1,  5573773, Phú Bài       , TP HCM      , Phổ thông   , 15/11/2025
VN-1548    , Vietnam Airlines                       , 21:50         , 00:10       , 26h 20m ,     1,  5573773, Phú Bài       , TP HCM      , Phổ thông   , 15/11/2025
VN-1548    , Vietnam Airlines                       , 21:50         , 08:40       , 10h 50m ,     1,  5728230, Phú Bài       , TP HCM      , Phổ thông   , 15/11/2025
VN-1548    , Vietnam Airlines                       , 21:50         , 19:40       , 21h 50m ,     1,  5870778, Phú Bài       , TP HCM      , Phổ thông   , 15/11/2025
VN-1548    , Vietnam Airlines                       , 21:50         , 20:10       , 22h 20m ,     1,  5870778, Phú Bài       , TP HCM      , Phổ thông   , 15/11/2025
VN-1548    , Vietnam Airlines                       , 21:50         , 21:10       , 23h 20m ,     1,  5870778, Phú Bài       , TP HCM      , Phổ thông   , 15/11/2025
VN-1548    , Vietnam Airlines                       , 21:50         , 13:00       , 15h 10m ,     1,  6033789, Phú Bài       , TP HCM      , Phổ thông   , 15/11/2025
VN-1548    , Vietnam Airlines                       , 21:50         , 09:30       , 11h 40m ,     1,  6457691, Phú Bài       , TP HCM      , Phổ thông   , 15/11/2025
VN-1548    , Vietnam Airlines                       , 21:50         , 10:10       , 12h 20m ,     1,  6457691, Phú Bài       , TP HCM      , Phổ thông   , 15/11/2025
VN-1548    , Vietnam Airlines                       , 21:50         , 12:10       , 14h 20m ,     1,  6457691, Phú Bài       , TP HCM      , Phổ thông   , 15/11/2025
VN-1548    , Vietnam Airlines                       , 21:50         , 07:10       , 9h 20m  ,     1,  6636976, Phú Bài       , TP HCM      , Phổ thông   , 15/11/2025
VN-1548    , Vietnam Airlines                       , 21:50         , 07:55       , 10h 5m  ,     1,  6636976, Phú Bài       , TP HCM      , Phổ thông   , 15/11/2025
VN-1548    , Vietnam Airlines                       , 21:50         , 17:40       , 19h 50m ,     1,  6755517, Phú Bài       , TP HCM      , Phổ thông   , 15/11/2025
VN-1548    , Vietnam Airlines                       , 21:50         , 13:10       , 15h 20m ,     1,  6755518, Phú Bài       , TP HCM      , Phổ thông   , 15/11/2025
VN-1548    , Vietnam Airlines                       , 21:50         , 11:10       , 13h 20m ,     1,  7342432, Phú Bài       , TP HCM      , Phổ thông   , 15/11/2025
VN-1548    , Vietnam Airlines                       , 21:50         , 14:40       , 16h 50m ,     1,  7342432, Phú Bài       , TP HCM      , Phổ thông   , 15/11/2025
VN-1548    , Vietnam Airlines                       , 21:50         , 16:40       , 18h 50m ,     1,  7342432, Phú Bài       , TP HCM      , Phổ thông   , 15/11/2025
VN-1548    , Vietnam Airlines                       , 21:50         , 17:10       , 19h 20m ,     1,  7342432, Phú Bài       , TP HCM      , Phổ thông   , 15/11/2025
VN-1548    , Vietnam Airlines                       , 21:50         , 18:40       , 20h 50m ,     1,  7342432, Phú Bài       , TP HCM      , Phổ thông   , 15/11/2025
VN-1544    , Vietnam Airlines                       , 18:20         , 00:10       , 5h 50m  ,     1,  9210850, Phú Bài       , TP HCM      , Phổ thông   , 15/11/2025
VN-1544    , Vietnam Airlines                       , 18:20         , 23:10       , 4h 50m  ,     1, 11909170, Phú Bài       , TP HCM      , Phổ thông   , 15/11/2025
VN-1367    , Vietnam Airlines                       , 07:50         , 09:20       , 1h 30m  ,     0,  2630609, Phú Bài       , TP HCM      , Thương gia  , 15/11/2025
VN-7369    , Vietnam Airlines                       , 20:00         , 21:30       , 1h 30m  ,     0,  2707062, Phú Bài       , TP HCM      , Thương gia  , 15/11/2025
VN-1371    , Vietnam Airlines                       , 13:25         , 14:55       , 1h 30m  ,     0,  2345215, Phú Bài       , TP HCM      , Phổ thông   , 16/11/2025
VJ-311     , VietJet Air                            , 22:10         , 23:35       , 1h 25m  ,     0,   699819, Phú Bài       , TP HCM      , Phổ thông   , 16/11/2025
VJ-307     , VietJet Air                            , 14:35         , 16:00       , 1h 25m  ,     0,  1112600, Phú Bài       , TP HCM      , Phổ thông   , 16/11/2025
VJ-309     , VietJet Air                            , 18:40         , 20:05       , 1h 25m  ,     0,  1112600, Phú Bài       , TP HCM      , Phổ thông   , 16/11/2025
VJ-301     , VietJet Air                            , 07:25         , 08:50       , 1h 25m  ,     0,  1194071, Phú Bài       , TP HCM      , Phổ thông   , 16/11/2025
VJ-313     , VietJet Air                            , 23:00         , 00:25       , 1h 25m  ,     0,  1236861, Phú Bài       , TP HCM      , Phổ thông   , 16/11/2025
VJ-303     , VietJet Air                            , 09:55         , 11:20       , 1h 25m  ,     0,  1699561, Phú Bài       , TP HCM      , Phổ thông   , 16/11/2025
VN-1367    , Vietnam Airlines                       , 07:50         , 09:20       , 1h 30m  ,     0,  2454909, Phú Bài       , TP HCM      , Phổ thông   , 16/11/2025
VJ-315     , VietJet Air                            , 21:05         , 22:30       , 1h 25m  ,     0,  2493304, Phú Bài       , TP HCM      , Phổ thông   , 16/11/2025
VN-1375    , Vietnam Airlines                       , 17:40         , 19:10       , 1h 30m  ,     0,  2577050, Phú Bài       , TP HCM      , Phổ thông   , 16/11/2025
VJ-566     , VietJet Air                            , 11:50         , 19:30       , 7h 40m  ,     1,  4001336, Phú Bài       , TP HCM      , Phổ thông   , 16/11/2025
VJ-566     , VietJet Air                            , 11:50         , 20:30       , 8h 40m  ,     1,  4001336, Phú Bài       , TP HCM      , Phổ thông   , 16/11/2025
VJ-566     , VietJet Air                            , 11:50         , 18:10       , 6h 20m  ,     1,  4348878, Phú Bài       , TP HCM      , Phổ thông   , 16/11/2025
VJ-566     , VietJet Air                            , 11:50         , 18:10       , 6h 20m  ,     1,  4348878, Phú Bài       , TP HCM      , Phổ thông   , 16/11/2025
VN-1548    , Vietnam Airlines                       , 21:50         , 23:10       , 25h 20m ,     1,  4689033, Phú Bài       , TP HCM      , Phổ thông   , 16/11/2025
VN-1548    , Vietnam Airlines                       , 21:50         , 22:40       , 24h 50m ,     1,  4982491, Phú Bài       , TP HCM      , Phổ thông   , 16/11/2025
VN-1548    , Vietnam Airlines                       , 21:50         , 22:25       , 24h 35m ,     1,  5019775, Phú Bài       , TP HCM      , Phổ thông   , 16/11/2025
VN-1548    , Vietnam Airlines                       , 21:50         , 09:10       , 11h 20m ,     1,  5107335, Phú Bài       , TP HCM      , Phổ thông   , 16/11/2025
VN-1548    , Vietnam Airlines                       , 21:50         , 20:40       , 22h 50m ,     1,  5573773, Phú Bài       , TP HCM      , Phổ thông   , 16/11/2025
VN-1548    , Vietnam Airlines                       , 21:50         , 22:10       , 24h 20m ,     1,  5573773, Phú Bài       , TP HCM      , Phổ thông   , 16/11/2025
VN-1548    , Vietnam Airlines                       , 21:50         , 00:10       , 26h 20m ,     1,  5573773, Phú Bài       , TP HCM      , Phổ thông   , 16/11/2025
VN-1548    , Vietnam Airlines                       , 21:50         , 08:40       , 10h 50m ,     1,  5728230, Phú Bài       , TP HCM      , Phổ thông   , 16/11/2025
VN-1548    , Vietnam Airlines                       , 21:50         , 19:40       , 21h 50m ,     1,  5870778, Phú Bài       , TP HCM      , Phổ thông   , 16/11/2025
VN-1548    , Vietnam Airlines                       , 21:50         , 20:10       , 22h 20m ,     1,  5870778, Phú Bài       , TP HCM      , Phổ thông   , 16/11/2025
VN-1548    , Vietnam Airlines                       , 21:50         , 21:10       , 23h 20m ,     1,  5870778, Phú Bài       , TP HCM      , Phổ thông   , 16/11/2025
VN-1548    , Vietnam Airlines                       , 21:50         , 13:00       , 15h 10m ,     1,  6033789, Phú Bài       , TP HCM      , Phổ thông   , 16/11/2025
VN-1548    , Vietnam Airlines                       , 21:50         , 09:30       , 11h 40m ,     1,  6457691, Phú Bài       , TP HCM      , Phổ thông   , 16/11/2025
VN-1548    , Vietnam Airlines                       , 21:50         , 10:10       , 12h 20m ,     1,  6457691, Phú Bài       , TP HCM      , Phổ thông   , 16/11/2025
VN-1548    , Vietnam Airlines                       , 21:50         , 12:10       , 14h 20m ,     1,  6457691, Phú Bài       , TP HCM      , Phổ thông   , 16/11/2025
VN-1548    , Vietnam Airlines                       , 21:50         , 07:10       , 9h 20m  ,     1,  6636976, Phú Bài       , TP HCM      , Phổ thông   , 16/11/2025
VN-1548    , Vietnam Airlines                       , 21:50         , 07:55       , 10h 5m  ,     1,  6636976, Phú Bài       , TP HCM      , Phổ thông   , 16/11/2025
VN-1548    , Vietnam Airlines                       , 21:50         , 17:40       , 19h 50m ,     1,  6755517, Phú Bài       , TP HCM      , Phổ thông   , 16/11/2025
VN-1548    , Vietnam Airlines                       , 21:50         , 13:10       , 15h 20m ,     1,  6755518, Phú Bài       , TP HCM      , Phổ thông   , 16/11/2025
VN-1548    , Vietnam Airlines                       , 21:50         , 11:10       , 13h 20m ,     1,  7342432, Phú Bài       , TP HCM      , Phổ thông   , 16/11/2025
VN-1548    , Vietnam Airlines                       , 21:50         , 14:40       , 16h 50m ,     1,  7342432, Phú Bài       , TP HCM      , Phổ thông   , 16/11/2025
VN-1548    , Vietnam Airlines                       , 21:50         , 16:40       , 18h 50m ,     1,  7342432, Phú Bài       , TP HCM      , Phổ thông   , 16/11/2025
VN-1548    , Vietnam Airlines                       , 21:50         , 17:10       , 19h 20m ,     1,  7342432, Phú Bài       , TP HCM      , Phổ thông   , 16/11/2025
VN-1548    , Vietnam Airlines                       , 21:50         , 18:40       , 20h 50m ,     1,  7342432, Phú Bài       , TP HCM      , Phổ thông   , 16/11/2025
VN-1544    , Vietnam Airlines                       , 18:20         , 00:10       , 5h 50m  ,     1,  9210850, Phú Bài       , TP HCM      , Phổ thông   , 16/11/2025
VN-1544    , Vietnam Airlines                       , 18:20         , 23:10       , 4h 50m  ,     1, 11909170, Phú Bài       , TP HCM      , Phổ thông   , 16/11/2025
VN-1367    , Vietnam Airlines                       , 07:50         , 09:20       , 1h 30m  ,     0,  2630609, Phú Bài       , TP HCM      , Thương gia  , 16/11/2025
VN-7369    , Vietnam Airlines                       , 20:00         , 21:30       , 1h 30m  ,     0,  2707062, Phú Bài       , TP HCM      , Thương gia  , 16/11/2025
VN-1548    , "Vietnam Airlines, VietJet Air"        , 22:30         , 07:40       , 9h 10m  ,     1,  2822855, Phú Bài       , Cần Thơ     , Phổ thông   , 13/11/2025
VN-1548    , "Vietnam Airlines, VietJet Air"        , 22:30         , 13:00       , 14h 30m ,     1,  2887264, Phú Bài       , Cần Thơ     , Phổ thông   , 13/11/2025
VN-1548    , "Vietnam Airlines, VietJet Air"        , 22:30         , 19:35       , 21h 5m  ,     1,  2887264, Phú Bài       , Cần Thơ     , Phổ thông   , 13/11/2025
VJ-566     , VietJet Air                            , 11:50         , 07:40       , 19h 50m ,     1,  3170894, Phú Bài       , Cần Thơ     , Phổ thông   , 13/11/2025
VJ-566     , VietJet Air                            , 11:50         , 13:00       , 25h 10m ,     1,  3235303, Phú Bài       , Cần Thơ     , Phổ thông   , 13/11/2025
VJ-566     , VietJet Air                            , 11:50         , 19:55       , 8h 5m   ,     1,  3262845, Phú Bài       , Cần Thơ     , Phổ thông   , 13/11/2025
VJ-568     , VietJet Air                            , 21:00         , 07:40       , 10h 40m ,     1,  4253509, Phú Bài       , Cần Thơ     , Phổ thông   , 13/11/2025
VN-1544    , "Vietnam Airlines, VietJet Air"        , 18:50         , 07:40       , 12h 50m ,     1,  4358603, Phú Bài       , Cần Thơ     , Phổ thông   , 13/11/2025
VJ-566     , "VietJet Air, Vietnam Airlines"        , 11:50         , 18:50       , 7h 0m   ,     1,  5925468, Phú Bài       , Cần Thơ     , Phổ thông   , 13/11/2025
VN-1548    , "Vietnam Airlines, VietJet Air"        , 22:30         , 07:40       , 9h 10m  ,     1,  2822855, Phú Bài       , Cần Thơ     , Phổ thông   , 14/11/2025
VN-1548    , "Vietnam Airlines, VietJet Air"        , 22:30         , 13:00       , 14h 30m ,     1,  2887264, Phú Bài       , Cần Thơ     , Phổ thông   , 14/11/2025
VN-1548    , "Vietnam Airlines, VietJet Air"        , 22:30         , 19:35       , 21h 5m  ,     1,  2887264, Phú Bài       , Cần Thơ     , Phổ thông   , 14/11/2025
VJ-566     , VietJet Air                            , 11:50         , 07:40       , 19h 50m ,     1,  3170894, Phú Bài       , Cần Thơ     , Phổ thông   , 14/11/2025
VJ-566     , VietJet Air                            , 11:50         , 13:00       , 25h 10m ,     1,  3235303, Phú Bài       , Cần Thơ     , Phổ thông   , 14/11/2025
VJ-566     , VietJet Air                            , 11:50         , 19:55       , 8h 5m   ,     1,  3262845, Phú Bài       , Cần Thơ     , Phổ thông   , 14/11/2025
VJ-568     , VietJet Air                            , 21:00         , 07:40       , 10h 40m ,     1,  4253509, Phú Bài       , Cần Thơ     , Phổ thông   , 14/11/2025
VN-1544    , "Vietnam Airlines, VietJet Air"        , 18:50         , 07:40       , 12h 50m ,     1,  4358603, Phú Bài       , Cần Thơ     , Phổ thông   , 14/11/2025
VJ-566     , "VietJet Air, Vietnam Airlines"        , 11:50         , 18:50       , 7h 0m   ,     1,  5925468, Phú Bài       , Cần Thơ     , Phổ thông   , 14/11/2025
VN-1548    , "Vietnam Airlines, VietJet Air"        , 22:30         , 07:40       , 9h 10m  ,     1,  2822855, Phú Bài       , Cần Thơ     , Phổ thông   , 15/11/2025
VN-1548    , "Vietnam Airlines, VietJet Air"        , 22:30         , 13:00       , 14h 30m ,     1,  2887264, Phú Bài       , Cần Thơ     , Phổ thông   , 15/11/2025
VN-1548    , "Vietnam Airlines, VietJet Air"        , 22:30         , 19:35       , 21h 5m  ,     1,  2887264, Phú Bài       , Cần Thơ     , Phổ thông   , 15/11/2025
VJ-566     , VietJet Air                            , 11:50         , 07:40       , 19h 50m ,     1,  3170894, Phú Bài       , Cần Thơ     , Phổ thông   , 15/11/2025
VJ-566     , VietJet Air                            , 11:50         , 13:00       , 25h 10m ,     1,  3235303, Phú Bài       , Cần Thơ     , Phổ thông   , 15/11/2025
VJ-566     , VietJet Air                            , 11:50         , 19:55       , 8h 5m   ,     1,  3262845, Phú Bài       , Cần Thơ     , Phổ thông   , 15/11/2025
VJ-568     , VietJet Air                            , 21:00         , 07:40       , 10h 40m ,     1,  4253509, Phú Bài       , Cần Thơ     , Phổ thông   , 15/11/2025
VN-1544    , "Vietnam Airlines, VietJet Air"        , 18:50         , 07:40       , 12h 50m ,     1,  4358603, Phú Bài       , Cần Thơ     , Phổ thông   , 15/11/2025
VJ-566     , "VietJet Air, Vietnam Airlines"        , 11:50         , 18:50       , 7h 0m   ,     1,  5925468, Phú Bài       , Cần Thơ     , Phổ thông   , 15/11/2025
VN-1548    , "Vietnam Airlines, VietJet Air"        , 22:30         , 07:40       , 9h 10m  ,     1,  2822855, Phú Bài       , Cần Thơ     , Phổ thông   , 16/11/2025
VN-1548    , "Vietnam Airlines, VietJet Air"        , 22:30         , 13:00       , 14h 30m ,     1,  2887264, Phú Bài       , Cần Thơ     , Phổ thông   , 16/11/2025
VN-1548    , "Vietnam Airlines, VietJet Air"        , 22:30         , 19:35       , 21h 5m  ,     1,  2887264, Phú Bài       , Cần Thơ     , Phổ thông   , 16/11/2025
VJ-566     , VietJet Air                            , 11:50         , 07:40       , 19h 50m ,     1,  3170894, Phú Bài       , Cần Thơ     , Phổ thông   , 16/11/2025
VJ-566     , VietJet Air                            , 11:50         , 13:00       , 25h 10m ,     1,  3235303, Phú Bài       , Cần Thơ     , Phổ thông   , 16/11/2025
VJ-566     , VietJet Air                            , 11:50         , 19:55       , 8h 5m   ,     1,  3262845, Phú Bài       , Cần Thơ     , Phổ thông   , 16/11/2025
VJ-568     , VietJet Air                            , 21:00         , 07:40       , 10h 40m ,     1,  4253509, Phú Bài       , Cần Thơ     , Phổ thông   , 16/11/2025
VN-1544    , "Vietnam Airlines, VietJet Air"        , 18:50         , 07:40       , 12h 50m ,     1,  4358603, Phú Bài       , Cần Thơ     , Phổ thông   , 16/11/2025
VJ-566     , "VietJet Air, Vietnam Airlines"        , 11:50         , 18:50       , 7h 0m   ,     1,  5925468, Phú Bài       , Cần Thơ     , Phổ thông   , 16/11/2025
9G-882     , SUN PhuQuoc AIRWAYS                    , 21:50         , 23:55       , 2h 5m   ,     0,  1888199, TP HCM        , Hà Nội      , Phổ thông   , 13/11/2025
QH-282     , Bamboo Airways                         , 23:50         , 02:00       , 2h 10m  ,     0,  1476779, TP HCM        , Hà Nội      , Phổ thông   , 13/11/2025
VJ-174     , VietJet Air                            , 21:45         , 23:55       , 2h 10m  ,     0,  1590379, TP HCM        , Hà Nội      , Phổ thông   , 13/11/2025
VJ-178     , VietJet Air                            , 22:45         , 00:55       , 2h 10m  ,     0,  1590379, TP HCM        , Hà Nội      , Phổ thông   , 13/11/2025
VJ-182     , VietJet Air                            , 23:20         , 01:30       , 2h 10m  ,     0,  1590379, TP HCM        , Hà Nội      , Phổ thông   , 13/11/2025
VJ-180     , VietJet Air                            , 20:15         , 22:25       , 2h 10m  ,     0,  1674200, TP HCM        , Hà Nội      , Phổ thông   , 13/11/2025
VU-794     , Vietravel Airlines                     , 21:05         , 23:15       , 2h 10m  ,     0,  1695480, TP HCM        , Hà Nội      , Phổ thông   , 13/11/2025
VJ-160     , VietJet Air                            , 19:05         , 21:15       , 2h 10m  ,     0,  1769110, TP HCM        , Hà Nội      , Phổ thông   , 13/11/2025
QH-298     , Bamboo Airways                         , 20:10         , 22:20       , 2h 10m  ,     0,  1784781, TP HCM        , Hà Nội      , Phổ thông   , 13/11/2025
9G-882     , SUN PhuQuoc AIRWAYS                    , 21:50         , 23:55       , 2h 5m   ,     0,  1888199, TP HCM        , Hà Nội      , Phổ thông   , 13/11/2025
QH-268     , Bamboo Airways                         , 19:35         , 21:45       , 2h 10m  ,     0,  1937016, TP HCM        , Hà Nội      , Phổ thông   , 13/11/2025
VJ-156     , VietJet Air                            , 21:10         , 23:20       , 2h 10m  ,     0,  1986020, TP HCM        , Hà Nội      , Phổ thông   , 13/11/2025
VN-220     , Vietnam Airlines                       , 21:20         , 23:25       , 2h 5m   ,     0,  2011986, TP HCM        , Hà Nội      , Phổ thông   , 13/11/2025
VN-7204    , Vietnam Airlines                       , 21:15         , 23:20       , 2h 5m   ,     0,  2017266, TP HCM        , Hà Nội      , Phổ thông   , 13/11/2025
VN-270     , Vietnam Airlines                       , 23:00         , 01:05       , 2h 5m   ,     0,  2022356, TP HCM        , Hà Nội      , Phổ thông   , 13/11/2025
VN-7206    , Vietnam Airlines                       , 22:20         , 00:30       , 2h 10m  ,     0,  2022356, TP HCM        , Hà Nội      , Phổ thông   , 13/11/2025
9G-878     , SUN PhuQuoc AIRWAYS                    , 19:15         , 21:25       , 2h 10m  ,     0,  2082168, TP HCM        , Hà Nội      , Phổ thông   , 13/11/2025
9G-868     , SUN PhuQuoc AIRWAYS                    , 18:10         , 20:20       , 2h 10m  ,     0,  2154175, TP HCM        , Hà Nội      , Phổ thông   , 13/11/2025
VJ-166     , VietJet Air                            , 18:50         , 21:00       , 2h 10m  ,     0,  2168237, TP HCM        , Hà Nội      , Phổ thông   , 13/11/2025
VJ-152     , VietJet Air                            , 17:00         , 19:15       , 2h 15m  ,     0,  2168237, TP HCM        , Hà Nội      , Phổ thông   , 13/11/2025
VU-780     , Vietravel Airlines                     , 17:10         , 19:20       , 2h 10m  ,     0,  2223825, TP HCM        , Hà Nội      , Phổ thông   , 13/11/2025
VJ-194     , VietJet Air                            , 15:30         , 17:40       , 2h 10m  ,     0,  2341235, TP HCM        , Hà Nội      , Phổ thông   , 13/11/2025
VN-224     , Vietnam Airlines                       , 22:00         , 00:05       , 2h 5m   ,     0,  2475312, TP HCM        , Hà Nội      , Phổ thông   , 13/11/2025
VJ-134     , VietJet Air                            , 14:40         , 16:50       , 2h 10m  ,     0,  2562497, TP HCM        , Hà Nội      , Phổ thông   , 13/11/2025
9G-806     , SUN PhuQuoc AIRWAYS                    , 06:30         , 08:40       , 2h 10m  ,     0,  2650901, TP HCM        , Hà Nội      , Phổ thông   , 13/11/2025
VJ-136     , VietJet Air                            , 08:30         , 10:40       , 2h 10m  ,     0,  2786575, TP HCM        , Hà Nội      , Phổ thông   , 13/11/2025
VU-778     , Vietravel Airlines                     , 13:15         , 15:20       , 2h 5m   ,     0,  2827790, TP HCM        , Hà Nội      , Phổ thông   , 13/11/2025
QH-204     , Bamboo Airways                         , 07:10         , 09:20       , 2h 10m  ,     0,  2985000, TP HCM        , Hà Nội      , Phổ thông   , 13/11/2025
VJ-126     , VietJet Air                            , 06:15         , 08:25       , 2h 10m  ,     0,  3110250, TP HCM        , Hà Nội      , Phổ thông   , 13/11/2025
VN-260     , Vietnam Airlines                       , 21:00         , 23:05       , 2h 5m   ,     0,  3403593, TP HCM        , Hà Nội      , Phổ thông   , 13/11/2025
VN-262     , Vietnam Airlines                       , 20:30         , 22:35       , 2h 5m   ,     0,  3457539, TP HCM        , Hà Nội      , Phổ thông   , 13/11/2025
VN-216     , Vietnam Airlines                       , 16:00         , 18:05       , 2h 5m   ,     0,  3613708, TP HCM        , Hà Nội      , Phổ thông   , 13/11/2025
VN-252     , Vietnam Airlines                       , 16:40         , 18:45       , 2h 5m   ,     0,  3613708, TP HCM        , Hà Nội      , Phổ thông   , 13/11/2025
VN-254     , Vietnam Airlines                       , 17:00         , 19:05       , 2h 5m   ,     0,  3613708, TP HCM        , Hà Nội      , Phổ thông   , 13/11/2025
VU-750     , Vietravel Airlines                     , 05:45         , 07:55       , 2h 10m  ,     0,  3645657, TP HCM        , Hà Nội      , Phổ thông   , 13/11/2025
VU-770     , Vietravel Airlines                     , 14:00         , 15:55       , 1h 55m  ,     0,  3666575, TP HCM        , Hà Nội      , Phổ thông   , 13/11/2025
VU-774     , Vietravel Airlines                     , 07:05         , 09:15       , 2h 10m  ,     0,  3666575, TP HCM        , Hà Nội      , Phổ thông   , 13/11/2025
QH-250     , Bamboo Airways                         , 13:30         , 15:40       , 2h 10m  ,     0,  3713340, TP HCM        , Hà Nội      , Phổ thông   , 13/11/2025
VJ-190     , VietJet Air                            , 19:55         , 22:05       , 2h 10m  ,     0,  3747980, TP HCM        , Hà Nội      , Phổ thông   , 13/11/2025
VN-256     , Vietnam Airlines                       , 20:30         , 22:35       , 2h 5m   ,     0,  3756240, TP HCM        , Hà Nội      , Phổ thông   , 13/11/2025
VN-232     , Vietnam Airlines                       , 15:30         , 17:35       , 2h 5m   ,     0,  3778002, TP HCM        , Hà Nội      , Phổ thông   , 13/11/2025
VN-246     , Vietnam Airlines                       , 11:00         , 13:05       , 2h 5m   ,     0,  3868063, TP HCM        , Hà Nội      , Phổ thông   , 13/11/2025
VN-212     , Vietnam Airlines                       , 12:00         , 14:05       , 2h 5m   ,     0,  3868063, TP HCM        , Hà Nội      , Phổ thông   , 13/11/2025
VN-6002    , Vietnam Airlines                       , 04:55         , 07:05       , 2h 10m  ,     0,  3868063, TP HCM        , Hà Nội      , Phổ thông   , 13/11/2025
VN-218     , Vietnam Airlines                       , 18:00         , 20:05       , 2h 5m   ,     0,  3938934, TP HCM        , Hà Nội      , Phổ thông   , 13/11/2025
VU-672     , "Vietravel Airlines, VietJet Air"      , 09:00         , 22:55       , 13h 55m ,     1,  1597025, TP HCM        , Hà Nội      , Phổ thông   , 13/11/2025
VU-672     , "Vietravel Airlines, VietJet Air"      , 09:00         , 00:00       , 15h 0m  ,     1,  1597025, TP HCM        , Hà Nội      , Phổ thông   , 13/11/2025
VU-672     , Vietravel Airlines                     , 09:00         , 20:15       , 11h 15m ,     1,  1775130, TP HCM        , Hà Nội      , Phổ thông   , 13/11/2025
VU-672     , "Vietravel Airlines, VietJet Air"      , 09:00         , 22:15       , 13h 15m ,     1,  1814695, TP HCM        , Hà Nội      , Phổ thông   , 13/11/2025
VU-672     , "Vietravel Airlines, VietJet Air"      , 09:00         , 07:05       , 22h 5m  ,     1,  1814695, TP HCM        , Hà Nội      , Phổ thông   , 13/11/2025
QH-154     , "Bamboo Airways, VietJet Air"          , 08:50         , 22:55       , 14h 5m  ,     1,  1827144, TP HCM        , Hà Nội      , Phổ thông   , 13/11/2025
QH-154     , "Bamboo Airways, Vietravel Airlines"   , 08:50         , 20:15       , 11h 25m ,     1,  2005249, TP HCM        , Hà Nội      , Phổ thông   , 13/11/2025
QH-150     , "Bamboo Airways, Vietravel Airlines"   , 06:15         , 20:15       , 14h 0m  ,     1,  2005249, TP HCM        , Hà Nội      , Phổ thông   , 13/11/2025
VJ-630     , "VietJet Air, Vietravel Airlines"      , 13:10         , 20:15       , 7h 5m   ,     1,  2134765, TP HCM        , Hà Nội      , Phổ thông   , 13/11/2025
VU-672     , "Vietravel Airlines, VietJet Air"      , 09:00         , 16:45       , 7h 45m  ,     1,  2134765, TP HCM        , Hà Nội      , Phổ thông   , 13/11/2025
QH-154     , "Bamboo Airways, VietJet Air"          , 08:50         , 16:45       , 7h 55m  ,     1,  2364884, TP HCM        , Hà Nội      , Phổ thông   , 13/11/2025
VJ-648     , VietJet Air                            , 18:15         , 00:01       , 5h 46m  ,     1,  2397133, TP HCM        , Hà Nội      , Phổ thông   , 13/11/2025
VJ-646     , VietJet Air                            , 20:40         , 07:05       , 10h 25m ,     1,  2450559, TP HCM        , Hà Nội      , Phổ thông   , 13/11/2025
VJ-640     , VietJet Air                            , 21:25         , 09:00       , 11h 35m ,     1,  2482782, TP HCM        , Hà Nội      , Phổ thông   , 13/11/2025
VJ-630     , VietJet Air                            , 13:10         , 00:01       , 10h 51m ,     1,  2484064, TP HCM        , Hà Nội      , Phổ thông   , 13/11/2025
VJ-634     , VietJet Air                            , 11:40         , 00:01       , 12h 21m ,     1,  2484064, TP HCM        , Hà Nội      , Phổ thông   , 13/11/2025
VJ-622     , VietJet Air                            , 07:20         , 00:01       , 16h 41m ,     1,  2501358, TP HCM        , Hà Nội      , Phổ thông   , 13/11/2025
VJ-640     , VietJet Air                            , 21:25         , 07:05       , 9h 40m  ,     1,  2563235, TP HCM        , Hà Nội      , Phổ thông   , 13/11/2025
VN-136     , "Vietnam Airlines, VietJet Air"        , 17:15         , 22:55       , 5h 40m  ,     1,  2597310, TP HCM        , Hà Nội      , Phổ thông   , 13/11/2025
VJ-636     , VietJet Air                            , 23:00         , 07:05       , 8h 5m   ,     1,  2654567, TP HCM        , Hà Nội      , Phổ thông   , 13/11/2025
VJ-626     , VietJet Air                            , 09:25         , 16:45       , 7h 20m  ,     1,  2662889, TP HCM        , Hà Nội      , Phổ thông   , 13/11/2025
VJ-646     , VietJet Air                            , 20:40         , 09:00       , 12h 20m ,     1,  2705366, TP HCM        , Hà Nội      , Phổ thông   , 13/11/2025
VJ-622     , VietJet Air                            , 07:20         , 22:15       , 14h 55m ,     1,  2705366, TP HCM        , Hà Nội      , Phổ thông   , 13/11/2025
VJ-648     , VietJet Air                            , 18:15         , 22:55       , 4h 40m  ,     1,  2721325, TP HCM        , Hà Nội      , Phổ thông   , 13/11/2025
VN-140     , "Vietnam Airlines, VietJet Air"        , 16:45         , 22:55       , 6h 10m  ,     1,  2721955, TP HCM        , Hà Nội      , Phổ thông   , 13/11/2025
VJ-630     , VietJet Air                            , 13:10         , 22:15       , 9h 5m   ,     1,  2743766, TP HCM        , Hà Nội      , Phổ thông   , 13/11/2025
VJ-634     , VietJet Air                            , 11:40         , 22:15       , 10h 35m ,     1,  2743766, TP HCM        , Hà Nội      , Phổ thông   , 13/11/2025
VJ-636     , VietJet Air                            , 23:00         , 16:45       , 17h 45m ,     1,  2767517, TP HCM        , Hà Nội      , Phổ thông   , 13/11/2025
VJ-394     , VietJet Air                            , 08:20         , 19:35       , 11h 15m ,     1,  2785891, TP HCM        , Hà Nội      , Phổ thông   , 13/11/2025
VN-136     , "Vietnam Airlines, VietJet Air"        , 17:15         , 22:15       , 5h 0m   ,     1,  2814980, TP HCM        , Hà Nội      , Phổ thông   , 13/11/2025
VJ-640     , VietJet Air                            , 21:25         , 09:00       , 11h 35m ,     1,  2818857, TP HCM        , Hà Nội      , Phổ thông   , 13/11/2025
VJ-325     , VietJet Air                            , 07:30         , 17:10       , 9h 40m  ,     1,  2902623, TP HCM        , Hà Nội      , Phổ thông   , 13/11/2025
VJ-636     , VietJet Air                            , 23:00         , 09:00       , 10h 0m  ,     1,  2910190, TP HCM        , Hà Nội      , Phổ thông   , 13/11/2025
VJ-636     , VietJet Air                            , 23:00         , 12:40       , 13h 40m ,     1,  2910190, TP HCM        , Hà Nội      , Phổ thông   , 13/11/2025
VJ-302     , VietJet Air                            , 05:30         , 13:05       , 7h 35m  ,     1,  2949801, TP HCM        , Hà Nội      , Phổ thông   , 13/11/2025
VJ-634     , VietJet Air                            , 11:40         , 16:45       , 5h 5m   ,     1,  3159844, TP HCM        , Hà Nội      , Phổ thông   , 13/11/2025
VN-1394    , Vietnam Airlines                       , 13:35         , 15:05       , 25h 30m ,     1,  3659801, TP HCM        , Hà Nội      , Phổ thông   , 13/11/2025
VJ-358     , VietJet Air                            , 15:15         , 18:35       , 3h 20m  ,     1,  4040218, TP HCM        , Hà Nội      , Phổ thông   , 13/11/2025
VJ-356     , VietJet Air                            , 06:30         , 10:00       , 3h 30m  ,     1,  4040218, TP HCM        , Hà Nội      , Phổ thông   , 13/11/2025
VN-1374    , Vietnam Airlines                       , 15:45         , 23:10       , 7h 25m  ,     1,  4098475, TP HCM        , Hà Nội      , Phổ thông   , 13/11/2025
VN-1829    , Vietnam Airlines                       , 15:20         , 12:10       , 20h 50m ,     1,  4395475, TP HCM        , Hà Nội      , Phổ thông   , 13/11/2025
VN-1374    , Vietnam Airlines                       , 15:45         , 09:10       , 17h 25m ,     1,  4467594, TP HCM        , Hà Nội      , Phổ thông   , 13/11/2025
VN-1422    , Vietnam Airlines                       , 15:05         , 11:55       , 20h 50m ,     1,  4688924, TP HCM        , Hà Nội      , Phổ thông   , 13/11/2025
VN-136     , Vietnam Airlines                       , 16:15         , 21:45       , 5h 30m  ,     1,  5131147, TP HCM        , Hà Nội      , Phổ thông   , 13/11/2025
VN-1833    , Vietnam Airlines                       , 14:00         , 12:10       , 22h 10m ,     1,  5131147, TP HCM        , Hà Nội      , Phổ thông   , 13/11/2025
VN-6103    , Vietnam Airlines                       , 09:55         , 12:10       , 26h 15m ,     1,  5131147, TP HCM        , Hà Nội      , Phổ thông   , 13/11/2025
VN-1468    , Vietnam Airlines                       , 15:55         , 10:35       , 18h 40m ,     1,  5722143, TP HCM        , Hà Nội      , Phổ thông   , 13/11/2025
VN-1370    , Vietnam Airlines                       , 11:30         , 23:10       , 11h 40m ,     1,  5870641, TP HCM        , Hà Nội      , Phổ thông   , 13/11/2025
VN-140     , Vietnam Airlines                       , 16:45         , 21:45       , 5h 0m   ,     1,  6121855, TP HCM        , Hà Nội      , Phổ thông   , 13/11/2025
VN-1827    , Vietnam Airlines                       , 13:00         , 12:10       , 23h 10m ,     1,  6121855, TP HCM        , Hà Nội      , Phổ thông   , 13/11/2025
VN-1825    , Vietnam Airlines                       , 11:10         , 12:10       , 25h 0m  ,     1,  6121855, TP HCM        , Hà Nội      , Phổ thông   , 13/11/2025
VN-134     , Vietnam Airlines                       , 15:15         , 21:45       , 6h 30m  ,     1,  6308770, TP HCM        , Hà Nội      , Phổ thông   , 13/11/2025
VN-132     , Vietnam Airlines                       , 13:30         , 21:45       , 8h 15m  ,     1,  6308770, TP HCM        , Hà Nội      , Phổ thông   , 13/11/2025
VN-7126    , Vietnam Airlines                       , 12:15         , 21:45       , 9h 30m  ,     1,  6308770, TP HCM        , Hà Nội      , Phổ thông   , 13/11/2025
VN-126     , Vietnam Airlines                       , 11:05         , 21:45       , 10h 40m ,     1,  6308770, TP HCM        , Hà Nội      , Phổ thông   , 13/11/2025
VN-7136    , Vietnam Airlines                       , 19:35         , 08:00       , 12h 25m ,     1,  6308770, TP HCM        , Hà Nội      , Phổ thông   , 13/11/2025
VN-136     , Vietnam Airlines                       , 16:15         , 20:25       , 4h 10m  ,     1,  6723502, TP HCM        , Hà Nội      , Phổ thông   , 13/11/2025
VN-6103    , Vietnam Airlines                       , 09:55         , 17:30       , 7h 35m  ,     1,  6723502, TP HCM        , Hà Nội      , Phổ thông   , 13/11/2025
VN-1823    , Vietnam Airlines                       , 08:10         , 17:30       , 9h 20m  ,     1,  7020505, TP HCM        , Hà Nội      , Phổ thông   , 13/11/2025
VN-1350    , Vietnam Airlines                       , 19:50         , 19:30       , 23h 40m ,     1,  7167095, TP HCM        , Hà Nội      , Phổ thông   , 13/11/2025
VN-6150    , Vietnam Airlines                       , 19:00         , 19:30       , 24h 30m ,     1,  7167095, TP HCM        , Hà Nội      , Phổ thông   , 13/11/2025
VN-1374    , Vietnam Airlines                       , 15:45         , 19:40       , 3h 55m  ,     1,  7317233, TP HCM        , Hà Nội      , Phổ thông   , 13/11/2025
VN-1350    , Vietnam Airlines                       , 19:50         , 12:00       , 16h 10m ,     1,  7467919, TP HCM        , Hà Nội      , Phổ thông   , 13/11/2025
VN-6150    , Vietnam Airlines                       , 19:00         , 12:00       , 17h 0m  ,     1,  7467919, TP HCM        , Hà Nội      , Phổ thông   , 13/11/2025
VN-1350    , Vietnam Airlines                       , 19:50         , 14:30       , 18h 40m ,     1,  7467919, TP HCM        , Hà Nội      , Phổ thông   , 13/11/2025
VN-6150    , Vietnam Airlines                       , 19:00         , 14:30       , 19h 30m ,     1,  7467919, TP HCM        , Hà Nội      , Phổ thông   , 13/11/2025
VN-1350    , Vietnam Airlines                       , 19:50         , 18:15       , 22h 25m ,     1,  7467919, TP HCM        , Hà Nội      , Phổ thông   , 13/11/2025
VN-6150    , Vietnam Airlines                       , 19:00         , 18:15       , 23h 15m ,     1,  7467919, TP HCM        , Hà Nội      , Phổ thông   , 13/11/2025
VN-1340    , Vietnam Airlines                       , 07:45         , 12:20       , 4h 35m  ,     1,  8817533, TP HCM        , Hà Nội      , Phổ thông   , 13/11/2025
9G-882     , SUN PhuQuoc AIRWAYS                    , 21:50         , 23:55       , 2h 5m   ,     0,  5805602, TP HCM        , Hà Nội      , Thương gia  , 13/11/2025
VN-6002    , Vietnam Airlines                       , 04:55         , 07:05       , 2h 10m  ,     0,  4008899, TP HCM        , Hà Nội      , Thương gia  , 13/11/2025
VN-270     , Vietnam Airlines                       , 23:00         , 01:05       , 2h 5m   ,     0,  4780775, TP HCM        , Hà Nội      , Thương gia  , 13/11/2025
9G-868     , SUN PhuQuoc AIRWAYS                    , 18:10         , 20:20       , 2h 10m  ,     0,  5805602, TP HCM        , Hà Nội      , Thương gia  , 13/11/2025
VN-7214    , Vietnam Airlines                       , 06:40         , 08:45       , 2h 5m   ,     0,  5951863, TP HCM        , Hà Nội      , Thương gia  , 13/11/2025
VN-226     , Vietnam Airlines                       , 07:25         , 09:30       , 2h 5m   ,     0,  5951863, TP HCM        , Hà Nội      , Thương gia  , 13/11/2025
9G-806     , SUN PhuQuoc AIRWAYS                    , 06:30         , 08:40       , 2h 10m  ,     0,  6308010, TP HCM        , Hà Nội      , Thương gia  , 13/11/2025
QH-282     , Bamboo Airways                         , 23:50         , 02:00       , 2h 10m  ,     0,  7250850, TP HCM        , Hà Nội      , Thương gia  , 13/11/2025
QH-250     , Bamboo Airways                         , 13:30         , 15:40       , 2h 10m  ,     0,  7582950, TP HCM        , Hà Nội      , Thương gia  , 13/11/2025
QH-298     , Bamboo Airways                         , 20:10         , 22:20       , 2h 10m  ,     0,  7582950, TP HCM        , Hà Nội      , Thương gia  , 13/11/2025
VN-256     , Vietnam Airlines                       , 20:30         , 22:35       , 2h 5m   ,     0,  7716152, TP HCM        , Hà Nội      , Thương gia  , 13/11/2025
VN-7204    , Vietnam Airlines                       , 21:15         , 23:20       , 2h 5m   ,     0,  7716152, TP HCM        , Hà Nội      , Thương gia  , 13/11/2025
VN-220     , Vietnam Airlines                       , 21:20         , 23:25       , 2h 5m   ,     0,  7716152, TP HCM        , Hà Nội      , Thương gia  , 13/11/2025
VN-7206    , Vietnam Airlines                       , 22:20         , 00:30       , 2h 10m  ,     0,  7716152, TP HCM        , Hà Nội      , Thương gia  , 13/11/2025
VN-212     , Vietnam Airlines                       , 12:00         , 14:05       , 2h 5m   ,     0,  8929101, TP HCM        , Hà Nội      , Thương gia  , 13/11/2025
VN-214     , Vietnam Airlines                       , 14:00         , 16:05       , 2h 5m   ,     0,  8929101, TP HCM        , Hà Nội      , Thương gia  , 13/11/2025
VN-250     , Vietnam Airlines                       , 15:00         , 17:05       , 2h 5m   ,     0,  8929101, TP HCM        , Hà Nội      , Thương gia  , 13/11/2025
VN-232     , Vietnam Airlines                       , 15:30         , 17:35       , 2h 5m   ,     0,  8929101, TP HCM        , Hà Nội      , Thương gia  , 13/11/2025
VN-216     , Vietnam Airlines                       , 16:00         , 18:05       , 2h 5m   ,     0,  8929101, TP HCM        , Hà Nội      , Thương gia  , 13/11/2025
VN-252     , Vietnam Airlines                       , 16:40         , 18:45       , 2h 5m   ,     0,  8929101, TP HCM        , Hà Nội      , Thương gia  , 13/11/2025
VN-254     , Vietnam Airlines                       , 17:00         , 19:05       , 2h 5m   ,     0,  8929101, TP HCM        , Hà Nội      , Thương gia  , 13/11/2025
VN-218     , Vietnam Airlines                       , 18:00         , 20:05       , 2h 5m   ,     0,  8929101, TP HCM        , Hà Nội      , Thương gia  , 13/11/2025
VN-262     , Vietnam Airlines                       , 20:30         , 22:35       , 2h 5m   ,     0,  8929101, TP HCM        , Hà Nội      , Thương gia  , 13/11/2025
VN-224     , Vietnam Airlines                       , 22:00         , 00:05       , 2h 5m   ,     0,  8929101, TP HCM        , Hà Nội      , Thương gia  , 13/11/2025
VN-210     , Vietnam Airlines                       , 10:00         , 12:05       , 2h 5m   ,     0,  9112841, TP HCM        , Hà Nội      , Thương gia  , 13/11/2025
VN-246     , Vietnam Airlines                       , 11:00         , 13:05       , 2h 5m   ,     0,  9112841, TP HCM        , Hà Nội      , Thương gia  , 13/11/2025
VN-258     , Vietnam Airlines                       , 19:00         , 21:05       , 2h 5m   ,     0,  9112841, TP HCM        , Hà Nội      , Thương gia  , 13/11/2025
9G-882     , SUN PhuQuoc AIRWAYS                    , 21:50         , 23:55       , 2h 5m   ,     0,  1888199, TP HCM        , Hà Nội      , Phổ thông   , 14/11/2025
QH-282     , Bamboo Airways                         , 23:50         , 02:00       , 2h 10m  ,     0,  1476779, TP HCM        , Hà Nội      , Phổ thông   , 14/11/2025
VJ-174     , VietJet Air                            , 21:45         , 23:55       , 2h 10m  ,     0,  1590379, TP HCM        , Hà Nội      , Phổ thông   , 14/11/2025
VJ-178     , VietJet Air                            , 22:45         , 00:55       , 2h 10m  ,     0,  1590379, TP HCM        , Hà Nội      , Phổ thông   , 14/11/2025
VJ-182     , VietJet Air                            , 23:20         , 01:30       , 2h 10m  ,     0,  1590379, TP HCM        , Hà Nội      , Phổ thông   , 14/11/2025
VJ-180     , VietJet Air                            , 20:15         , 22:25       , 2h 10m  ,     0,  1674200, TP HCM        , Hà Nội      , Phổ thông   , 14/11/2025
VU-794     , Vietravel Airlines                     , 21:05         , 23:15       , 2h 10m  ,     0,  1695480, TP HCM        , Hà Nội      , Phổ thông   , 14/11/2025
VJ-160     , VietJet Air                            , 19:05         , 21:15       , 2h 10m  ,     0,  1769110, TP HCM        , Hà Nội      , Phổ thông   , 14/11/2025
QH-298     , Bamboo Airways                         , 20:10         , 22:20       , 2h 10m  ,     0,  1784781, TP HCM        , Hà Nội      , Phổ thông   , 14/11/2025
9G-882     , SUN PhuQuoc AIRWAYS                    , 21:50         , 23:55       , 2h 5m   ,     0,  1888199, TP HCM        , Hà Nội      , Phổ thông   , 14/11/2025
QH-268     , Bamboo Airways                         , 19:35         , 21:45       , 2h 10m  ,     0,  1937016, TP HCM        , Hà Nội      , Phổ thông   , 14/11/2025
VJ-156     , VietJet Air                            , 21:10         , 23:20       , 2h 10m  ,     0,  1986020, TP HCM        , Hà Nội      , Phổ thông   , 14/11/2025
VN-220     , Vietnam Airlines                       , 21:20         , 23:25       , 2h 5m   ,     0,  2011986, TP HCM        , Hà Nội      , Phổ thông   , 14/11/2025
VN-7204    , Vietnam Airlines                       , 21:15         , 23:20       , 2h 5m   ,     0,  2017266, TP HCM        , Hà Nội      , Phổ thông   , 14/11/2025
VN-270     , Vietnam Airlines                       , 23:00         , 01:05       , 2h 5m   ,     0,  2022356, TP HCM        , Hà Nội      , Phổ thông   , 14/11/2025
VN-7206    , Vietnam Airlines                       , 22:20         , 00:30       , 2h 10m  ,     0,  2022356, TP HCM        , Hà Nội      , Phổ thông   , 14/11/2025
9G-868     , SUN PhuQuoc AIRWAYS                    , 18:10         , 20:20       , 2h 10m  ,     0,  2082168, TP HCM        , Hà Nội      , Phổ thông   , 14/11/2025
9G-878     , SUN PhuQuoc AIRWAYS                    , 19:15         , 21:25       , 2h 10m  ,     0,  2082168, TP HCM        , Hà Nội      , Phổ thông   , 14/11/2025
VJ-166     , VietJet Air                            , 18:50         , 21:00       , 2h 10m  ,     0,  2168237, TP HCM        , Hà Nội      , Phổ thông   , 14/11/2025
VJ-152     , VietJet Air                            , 17:00         , 19:15       , 2h 15m  ,     0,  2168237, TP HCM        , Hà Nội      , Phổ thông   , 14/11/2025
VU-780     , Vietravel Airlines                     , 17:10         , 19:20       , 2h 10m  ,     0,  2223825, TP HCM        , Hà Nội      , Phổ thông   , 14/11/2025
VJ-194     , VietJet Air                            , 15:30         , 17:40       , 2h 10m  ,     0,  2341235, TP HCM        , Hà Nội      , Phổ thông   , 14/11/2025
VN-224     , Vietnam Airlines                       , 22:00         , 00:05       , 2h 5m   ,     0,  2475312, TP HCM        , Hà Nội      , Phổ thông   , 14/11/2025
VJ-134     , VietJet Air                            , 14:40         , 16:50       , 2h 10m  ,     0,  2562497, TP HCM        , Hà Nội      , Phổ thông   , 14/11/2025
9G-806     , SUN PhuQuoc AIRWAYS                    , 06:30         , 08:40       , 2h 10m  ,     0,  2650901, TP HCM        , Hà Nội      , Phổ thông   , 14/11/2025
VJ-136     , VietJet Air                            , 08:30         , 10:40       , 2h 10m  ,     0,  2786575, TP HCM        , Hà Nội      , Phổ thông   , 14/11/2025
VU-778     , Vietravel Airlines                     , 13:15         , 15:20       , 2h 5m   ,     0,  2827790, TP HCM        , Hà Nội      , Phổ thông   , 14/11/2025
QH-204     , Bamboo Airways                         , 07:10         , 09:20       , 2h 10m  ,     0,  2985000, TP HCM        , Hà Nội      , Phổ thông   , 14/11/2025
VJ-126     , VietJet Air                            , 06:15         , 08:25       , 2h 10m  ,     0,  3110250, TP HCM        , Hà Nội      , Phổ thông   , 14/11/2025
VN-260     , Vietnam Airlines                       , 21:00         , 23:05       , 2h 5m   ,     0,  3403593, TP HCM        , Hà Nội      , Phổ thông   , 14/11/2025
VN-262     , Vietnam Airlines                       , 20:30         , 22:35       , 2h 5m   ,     0,  3457539, TP HCM        , Hà Nội      , Phổ thông   , 14/11/2025
VN-216     , Vietnam Airlines                       , 16:00         , 18:05       , 2h 5m   ,     0,  3613708, TP HCM        , Hà Nội      , Phổ thông   , 14/11/2025
VN-252     , Vietnam Airlines                       , 16:40         , 18:45       , 2h 5m   ,     0,  3613708, TP HCM        , Hà Nội      , Phổ thông   , 14/11/2025
VN-254     , Vietnam Airlines                       , 17:00         , 19:05       , 2h 5m   ,     0,  3613708, TP HCM        , Hà Nội      , Phổ thông   , 14/11/2025
VU-750     , Vietravel Airlines                     , 05:45         , 07:55       , 2h 10m  ,     0,  3645657, TP HCM        , Hà Nội      , Phổ thông   , 14/11/2025
VU-770     , Vietravel Airlines                     , 14:00         , 15:55       , 1h 55m  ,     0,  3666575, TP HCM        , Hà Nội      , Phổ thông   , 14/11/2025
VU-774     , Vietravel Airlines                     , 07:05         , 09:15       , 2h 10m  ,     0,  3666575, TP HCM        , Hà Nội      , Phổ thông   , 14/11/2025
QH-250     , Bamboo Airways                         , 13:30         , 15:40       , 2h 10m  ,     0,  3713340, TP HCM        , Hà Nội      , Phổ thông   , 14/11/2025
VJ-190     , VietJet Air                            , 19:55         , 22:05       , 2h 10m  ,     0,  3747980, TP HCM        , Hà Nội      , Phổ thông   , 14/11/2025
VN-256     , Vietnam Airlines                       , 20:30         , 22:35       , 2h 5m   ,     0,  3756240, TP HCM        , Hà Nội      , Phổ thông   , 14/11/2025
VN-232     , Vietnam Airlines                       , 15:30         , 17:35       , 2h 5m   ,     0,  3778002, TP HCM        , Hà Nội      , Phổ thông   , 14/11/2025
VN-246     , Vietnam Airlines                       , 11:00         , 13:05       , 2h 5m   ,     0,  3868063, TP HCM        , Hà Nội      , Phổ thông   , 14/11/2025
VN-212     , Vietnam Airlines                       , 12:00         , 14:05       , 2h 5m   ,     0,  3868063, TP HCM        , Hà Nội      , Phổ thông   , 14/11/2025
VN-6002    , Vietnam Airlines                       , 04:55         , 07:05       , 2h 10m  ,     0,  3868063, TP HCM        , Hà Nội      , Phổ thông   , 14/11/2025
VN-218     , Vietnam Airlines                       , 18:00         , 20:05       , 2h 5m   ,     0,  3938934, TP HCM        , Hà Nội      , Phổ thông   , 14/11/2025
VN-214     , Vietnam Airlines                       , 14:00         , 16:05       , 2h 5m   ,     0,  7524882, TP HCM        , Hà Nội      , Phổ thông   , 14/11/2025
VU-672     , "Vietravel Airlines, VietJet Air"      , 09:00         , 22:55       , 13h 55m ,     1,  1597025, TP HCM        , Hà Nội      , Phổ thông   , 14/11/2025
VU-672     , "Vietravel Airlines, VietJet Air"      , 09:00         , 00:00       , 15h 0m  ,     1,  1597025, TP HCM        , Hà Nội      , Phổ thông   , 14/11/2025
VU-672     , Vietravel Airlines                     , 09:00         , 20:15       , 11h 15m ,     1,  1775130, TP HCM        , Hà Nội      , Phổ thông   , 14/11/2025
VU-672     , "Vietravel Airlines, VietJet Air"      , 09:00         , 22:15       , 13h 15m ,     1,  1814695, TP HCM        , Hà Nội      , Phổ thông   , 14/11/2025
VU-672     , "Vietravel Airlines, VietJet Air"      , 09:00         , 07:05       , 22h 5m  ,     1,  1814695, TP HCM        , Hà Nội      , Phổ thông   , 14/11/2025
QH-154     , "Bamboo Airways, VietJet Air"          , 08:50         , 22:55       , 14h 5m  ,     1,  1827144, TP HCM        , Hà Nội      , Phổ thông   , 14/11/2025
QH-154     , "Bamboo Airways, Vietravel Airlines"   , 08:50         , 20:15       , 11h 25m ,     1,  2005249, TP HCM        , Hà Nội      , Phổ thông   , 14/11/2025
QH-150     , "Bamboo Airways, Vietravel Airlines"   , 06:15         , 20:15       , 14h 0m  ,     1,  2005249, TP HCM        , Hà Nội      , Phổ thông   , 14/11/2025
VJ-630     , "VietJet Air, Vietravel Airlines"      , 13:10         , 20:15       , 7h 5m   ,     1,  2134765, TP HCM        , Hà Nội      , Phổ thông   , 14/11/2025
VU-672     , "Vietravel Airlines, VietJet Air"      , 09:00         , 16:45       , 7h 45m  ,     1,  2134765, TP HCM        , Hà Nội      , Phổ thông   , 14/11/2025
QH-154     , "Bamboo Airways, VietJet Air"          , 08:50         , 16:45       , 7h 55m  ,     1,  2364884, TP HCM        , Hà Nội      , Phổ thông   , 14/11/2025
VJ-648     , VietJet Air                            , 18:15         , 00:01       , 5h 46m  ,     1,  2397133, TP HCM        , Hà Nội      , Phổ thông   , 14/11/2025
VJ-646     , VietJet Air                            , 20:40         , 07:05       , 10h 25m ,     1,  2450559, TP HCM        , Hà Nội      , Phổ thông   , 14/11/2025
VJ-640     , VietJet Air                            , 21:25         , 09:00       , 11h 35m ,     1,  2482782, TP HCM        , Hà Nội      , Phổ thông   , 14/11/2025
VJ-630     , VietJet Air                            , 13:10         , 00:01       , 10h 51m ,     1,  2484064, TP HCM        , Hà Nội      , Phổ thông   , 14/11/2025
VJ-634     , VietJet Air                            , 11:40         , 00:01       , 12h 21m ,     1,  2484064, TP HCM        , Hà Nội      , Phổ thông   , 14/11/2025
VJ-622     , VietJet Air                            , 07:20         , 00:01       , 16h 41m ,     1,  2501358, TP HCM        , Hà Nội      , Phổ thông   , 14/11/2025
VJ-640     , VietJet Air                            , 21:25         , 07:05       , 9h 40m  ,     1,  2563235, TP HCM        , Hà Nội      , Phổ thông   , 14/11/2025
VN-136     , "Vietnam Airlines, VietJet Air"        , 17:15         , 22:55       , 5h 40m  ,     1,  2597310, TP HCM        , Hà Nội      , Phổ thông   , 14/11/2025
VJ-636     , VietJet Air                            , 23:00         , 07:05       , 8h 5m   ,     1,  2654567, TP HCM        , Hà Nội      , Phổ thông   , 14/11/2025
VJ-626     , VietJet Air                            , 09:25         , 16:45       , 7h 20m  ,     1,  2662889, TP HCM        , Hà Nội      , Phổ thông   , 14/11/2025
VJ-646     , VietJet Air                            , 20:40         , 09:00       , 12h 20m ,     1,  2705366, TP HCM        , Hà Nội      , Phổ thông   , 14/11/2025
VJ-622     , VietJet Air                            , 07:20         , 22:15       , 14h 55m ,     1,  2705366, TP HCM        , Hà Nội      , Phổ thông   , 14/11/2025
VJ-648     , VietJet Air                            , 18:15         , 22:55       , 4h 40m  ,     1,  2721325, TP HCM        , Hà Nội      , Phổ thông   , 14/11/2025
VN-140     , "Vietnam Airlines, VietJet Air"        , 16:45         , 22:55       , 6h 10m  ,     1,  2721955, TP HCM        , Hà Nội      , Phổ thông   , 14/11/2025
VJ-630     , VietJet Air                            , 13:10         , 22:15       , 9h 5m   ,     1,  2743766, TP HCM        , Hà Nội      , Phổ thông   , 14/11/2025
VJ-634     , VietJet Air                            , 11:40         , 22:15       , 10h 35m ,     1,  2743766, TP HCM        , Hà Nội      , Phổ thông   , 14/11/2025
VJ-636     , VietJet Air                            , 23:00         , 16:45       , 17h 45m ,     1,  2767517, TP HCM        , Hà Nội      , Phổ thông   , 14/11/2025
VJ-394     , VietJet Air                            , 08:20         , 19:35       , 11h 15m ,     1,  2785891, TP HCM        , Hà Nội      , Phổ thông   , 14/11/2025
VN-136     , "Vietnam Airlines, VietJet Air"        , 17:15         , 22:15       , 5h 0m   ,     1,  2814980, TP HCM        , Hà Nội      , Phổ thông   , 14/11/2025
VJ-640     , VietJet Air                            , 21:25         , 09:00       , 11h 35m ,     1,  2818857, TP HCM        , Hà Nội      , Phổ thông   , 14/11/2025
VJ-325     , VietJet Air                            , 07:30         , 17:10       , 9h 40m  ,     1,  2902623, TP HCM        , Hà Nội      , Phổ thông   , 14/11/2025
VJ-636     , VietJet Air                            , 23:00         , 09:00       , 10h 0m  ,     1,  2910190, TP HCM        , Hà Nội      , Phổ thông   , 14/11/2025
VJ-636     , VietJet Air                            , 23:00         , 12:40       , 13h 40m ,     1,  2910190, TP HCM        , Hà Nội      , Phổ thông   , 14/11/2025
VJ-302     , VietJet Air                            , 05:30         , 13:05       , 7h 35m  ,     1,  2949801, TP HCM        , Hà Nội      , Phổ thông   , 14/11/2025
VJ-634     , VietJet Air                            , 11:40         , 16:45       , 5h 5m   ,     1,  3159844, TP HCM        , Hà Nội      , Phổ thông   , 14/11/2025
VN-1394    , Vietnam Airlines                       , 13:35         , 15:05       , 25h 30m ,     1,  3659801, TP HCM        , Hà Nội      , Phổ thông   , 14/11/2025
VJ-358     , VietJet Air                            , 15:15         , 18:35       , 3h 20m  ,     1,  4040218, TP HCM        , Hà Nội      , Phổ thông   , 14/11/2025
VJ-356     , VietJet Air                            , 06:30         , 10:00       , 3h 30m  ,     1,  4040218, TP HCM        , Hà Nội      , Phổ thông   , 14/11/2025
VN-1374    , Vietnam Airlines                       , 15:45         , 23:10       , 7h 25m  ,     1,  4098475, TP HCM        , Hà Nội      , Phổ thông   , 14/11/2025
VN-1374    , Vietnam Airlines                       , 15:45         , 09:10       , 17h 25m ,     1,  4166497, TP HCM        , Hà Nội      , Phổ thông   , 14/11/2025
VN-1829    , Vietnam Airlines                       , 15:20         , 12:10       , 20h 50m ,     1,  4395475, TP HCM        , Hà Nội      , Phổ thông   , 14/11/2025
VN-1422    , Vietnam Airlines                       , 15:05         , 11:55       , 20h 50m ,     1,  4688924, TP HCM        , Hà Nội      , Phổ thông   , 14/11/2025
VN-1833    , Vietnam Airlines                       , 14:00         , 12:10       , 22h 10m ,     1,  5131147, TP HCM        , Hà Nội      , Phổ thông   , 14/11/2025
VN-6103    , Vietnam Airlines                       , 09:55         , 12:10       , 26h 15m ,     1,  5131147, TP HCM        , Hà Nội      , Phổ thông   , 14/11/2025
VN-136     , Vietnam Airlines                       , 16:15         , 21:45       , 5h 30m  ,     1,  5722143, TP HCM        , Hà Nội      , Phổ thông   , 14/11/2025
VN-1468    , Vietnam Airlines                       , 15:55         , 10:35       , 18h 40m ,     1,  5722143, TP HCM        , Hà Nội      , Phổ thông   , 14/11/2025
VN-1370    , Vietnam Airlines                       , 11:30         , 23:10       , 11h 40m ,     1,  5870641, TP HCM        , Hà Nội      , Phổ thông   , 14/11/2025
VN-1827    , Vietnam Airlines                       , 13:00         , 12:10       , 23h 10m ,     1,  6121855, TP HCM        , Hà Nội      , Phổ thông   , 14/11/2025
VN-1825    , Vietnam Airlines                       , 11:10         , 12:10       , 25h 0m  ,     1,  6121855, TP HCM        , Hà Nội      , Phổ thông   , 14/11/2025
VN-140     , Vietnam Airlines                       , 16:45         , 21:45       , 5h 0m   ,     1,  6308770, TP HCM        , Hà Nội      , Phổ thông   , 14/11/2025
VN-134     , Vietnam Airlines                       , 15:15         , 21:45       , 6h 30m  ,     1,  6308770, TP HCM        , Hà Nội      , Phổ thông   , 14/11/2025
VN-132     , Vietnam Airlines                       , 13:30         , 21:45       , 8h 15m  ,     1,  6308770, TP HCM        , Hà Nội      , Phổ thông   , 14/11/2025
VN-7126    , Vietnam Airlines                       , 12:15         , 21:45       , 9h 30m  ,     1,  6308770, TP HCM        , Hà Nội      , Phổ thông   , 14/11/2025
VN-126     , Vietnam Airlines                       , 11:05         , 21:45       , 10h 40m ,     1,  6308770, TP HCM        , Hà Nội      , Phổ thông   , 14/11/2025
VN-7136    , Vietnam Airlines                       , 19:35         , 08:00       , 12h 25m ,     1,  6308770, TP HCM        , Hà Nội      , Phổ thông   , 14/11/2025
VN-1464    , Vietnam Airlines                       , 11:55         , 10:35       , 22h 40m ,     1,  6411486, TP HCM        , Hà Nội      , Phổ thông   , 14/11/2025
VN-136     , Vietnam Airlines                       , 16:15         , 20:25       , 4h 10m  ,     1,  6723502, TP HCM        , Hà Nội      , Phổ thông   , 14/11/2025
VN-6103    , Vietnam Airlines                       , 09:55         , 17:30       , 7h 35m  ,     1,  6723502, TP HCM        , Hà Nội      , Phổ thông   , 14/11/2025
VN-1823    , Vietnam Airlines                       , 08:10         , 17:30       , 9h 20m  ,     1,  7020505, TP HCM        , Hà Nội      , Phổ thông   , 14/11/2025
VN-1350    , Vietnam Airlines                       , 19:50         , 19:30       , 23h 40m ,     1,  7167095, TP HCM        , Hà Nội      , Phổ thông   , 14/11/2025
VN-6150    , Vietnam Airlines                       , 19:00         , 19:30       , 24h 30m ,     1,  7167095, TP HCM        , Hà Nội      , Phổ thông   , 14/11/2025
VN-1374    , Vietnam Airlines                       , 15:45         , 19:40       , 3h 55m  ,     1,  7317233, TP HCM        , Hà Nội      , Phổ thông   , 14/11/2025
VN-1350    , Vietnam Airlines                       , 19:50         , 12:00       , 16h 10m ,     1,  7467919, TP HCM        , Hà Nội      , Phổ thông   , 14/11/2025
VN-6150    , Vietnam Airlines                       , 19:00         , 12:00       , 17h 0m  ,     1,  7467919, TP HCM        , Hà Nội      , Phổ thông   , 14/11/2025
VN-1350    , Vietnam Airlines                       , 19:50         , 14:30       , 18h 40m ,     1,  7467919, TP HCM        , Hà Nội      , Phổ thông   , 14/11/2025
VN-6150    , Vietnam Airlines                       , 19:00         , 14:30       , 19h 30m ,     1,  7467919, TP HCM        , Hà Nội      , Phổ thông   , 14/11/2025
VN-1350    , Vietnam Airlines                       , 19:50         , 18:15       , 22h 25m ,     1,  7467919, TP HCM        , Hà Nội      , Phổ thông   , 14/11/2025
VN-6150    , Vietnam Airlines                       , 19:00         , 18:15       , 23h 15m ,     1,  7467919, TP HCM        , Hà Nội      , Phổ thông   , 14/11/2025
VN-1829    , Vietnam Airlines                       , 15:20         , 17:30       , 26h 10m ,     1,  7467919, TP HCM        , Hà Nội      , Phổ thông   , 14/11/2025
VN-1340    , Vietnam Airlines                       , 07:45         , 12:20       , 4h 35m  ,     1,  9415907, TP HCM        , Hà Nội      , Phổ thông   , 14/11/2025
9G-882     , SUN PhuQuoc AIRWAYS                    , 21:50         , 23:55       , 2h 5m   ,     0,  5805602, TP HCM        , Hà Nội      , Thương gia  , 14/11/2025
VN-6002    , Vietnam Airlines                       , 04:55         , 07:05       , 2h 10m  ,     0,  4008899, TP HCM        , Hà Nội      , Thương gia  , 14/11/2025
VN-270     , Vietnam Airlines                       , 23:00         , 01:05       , 2h 5m   ,     0,  4780775, TP HCM        , Hà Nội      , Thương gia  , 14/11/2025
9G-868     , SUN PhuQuoc AIRWAYS                    , 18:10         , 20:20       , 2h 10m  ,     0,  5805602, TP HCM        , Hà Nội      , Thương gia  , 14/11/2025
VN-7214    , Vietnam Airlines                       , 06:40         , 08:45       , 2h 5m   ,     0,  5951863, TP HCM        , Hà Nội      , Thương gia  , 14/11/2025
VN-226     , Vietnam Airlines                       , 07:25         , 09:30       , 2h 5m   ,     0,  5951863, TP HCM        , Hà Nội      , Thương gia  , 14/11/2025
9G-806     , SUN PhuQuoc AIRWAYS                    , 06:30         , 08:40       , 2h 10m  ,     0,  6308010, TP HCM        , Hà Nội      , Thương gia  , 14/11/2025
QH-282     , Bamboo Airways                         , 23:50         , 02:00       , 2h 10m  ,     0,  7250850, TP HCM        , Hà Nội      , Thương gia  , 14/11/2025
QH-250     , Bamboo Airways                         , 13:30         , 15:40       , 2h 10m  ,     0,  7582950, TP HCM        , Hà Nội      , Thương gia  , 14/11/2025
QH-298     , Bamboo Airways                         , 20:10         , 22:20       , 2h 10m  ,     0,  7582950, TP HCM        , Hà Nội      , Thương gia  , 14/11/2025
VN-256     , Vietnam Airlines                       , 20:30         , 22:35       , 2h 5m   ,     0,  7716152, TP HCM        , Hà Nội      , Thương gia  , 14/11/2025
VN-7204    , Vietnam Airlines                       , 21:15         , 23:20       , 2h 5m   ,     0,  7716152, TP HCM        , Hà Nội      , Thương gia  , 14/11/2025
VN-220     , Vietnam Airlines                       , 21:20         , 23:25       , 2h 5m   ,     0,  7716152, TP HCM        , Hà Nội      , Thương gia  , 14/11/2025
VN-7206    , Vietnam Airlines                       , 22:20         , 00:30       , 2h 10m  ,     0,  7716152, TP HCM        , Hà Nội      , Thương gia  , 14/11/2025
VN-212     , Vietnam Airlines                       , 12:00         , 14:05       , 2h 5m   ,     0,  8929101, TP HCM        , Hà Nội      , Thương gia  , 14/11/2025
VN-214     , Vietnam Airlines                       , 14:00         , 16:05       , 2h 5m   ,     0,  8929101, TP HCM        , Hà Nội      , Thương gia  , 14/11/2025
VN-250     , Vietnam Airlines                       , 15:00         , 17:05       , 2h 5m   ,     0,  8929101, TP HCM        , Hà Nội      , Thương gia  , 14/11/2025
VN-232     , Vietnam Airlines                       , 15:30         , 17:35       , 2h 5m   ,     0,  8929101, TP HCM        , Hà Nội      , Thương gia  , 14/11/2025
VN-216     , Vietnam Airlines                       , 16:00         , 18:05       , 2h 5m   ,     0,  8929101, TP HCM        , Hà Nội      , Thương gia  , 14/11/2025
VN-252     , Vietnam Airlines                       , 16:40         , 18:45       , 2h 5m   ,     0,  8929101, TP HCM        , Hà Nội      , Thương gia  , 14/11/2025
VN-254     , Vietnam Airlines                       , 17:00         , 19:05       , 2h 5m   ,     0,  8929101, TP HCM        , Hà Nội      , Thương gia  , 14/11/2025
VN-218     , Vietnam Airlines                       , 18:00         , 20:05       , 2h 5m   ,     0,  8929101, TP HCM        , Hà Nội      , Thương gia  , 14/11/2025
VN-262     , Vietnam Airlines                       , 20:30         , 22:35       , 2h 5m   ,     0,  8929101, TP HCM        , Hà Nội      , Thương gia  , 14/11/2025
VN-224     , Vietnam Airlines                       , 22:00         , 00:05       , 2h 5m   ,     0,  8929101, TP HCM        , Hà Nội      , Thương gia  , 14/11/2025
VN-210     , Vietnam Airlines                       , 10:00         , 12:05       , 2h 5m   ,     0,  9112841, TP HCM        , Hà Nội      , Thương gia  , 14/11/2025
VN-246     , Vietnam Airlines                       , 11:00         , 13:05       , 2h 5m   ,     0,  9112841, TP HCM        , Hà Nội      , Thương gia  , 14/11/2025
VN-258     , Vietnam Airlines                       , 19:00         , 21:05       , 2h 5m   ,     0,  9112841, TP HCM        , Hà Nội      , Thương gia  , 14/11/2025
9G-882     , SUN PhuQuoc AIRWAYS                    , 21:50         , 23:55       , 2h 5m   ,     0,  1888199, TP HCM        , Hà Nội      , Phổ thông   , 15/11/2025
QH-282     , Bamboo Airways                         , 23:50         , 02:00       , 2h 10m  ,     0,  1476779, TP HCM        , Hà Nội      , Phổ thông   , 15/11/2025
VJ-174     , VietJet Air                            , 21:45         , 23:55       , 2h 10m  ,     0,  1590379, TP HCM        , Hà Nội      , Phổ thông   , 15/11/2025
VJ-178     , VietJet Air                            , 22:45         , 00:55       , 2h 10m  ,     0,  1590379, TP HCM        , Hà Nội      , Phổ thông   , 15/11/2025
VJ-182     , VietJet Air                            , 23:20         , 01:30       , 2h 10m  ,     0,  1590379, TP HCM        , Hà Nội      , Phổ thông   , 15/11/2025
VJ-180     , VietJet Air                            , 20:15         , 22:25       , 2h 10m  ,     0,  1674200, TP HCM        , Hà Nội      , Phổ thông   , 15/11/2025
VU-794     , Vietravel Airlines                     , 21:05         , 23:15       , 2h 10m  ,     0,  1695480, TP HCM        , Hà Nội      , Phổ thông   , 15/11/2025
VJ-160     , VietJet Air                            , 19:05         , 21:15       , 2h 10m  ,     0,  1769110, TP HCM        , Hà Nội      , Phổ thông   , 15/11/2025
QH-298     , Bamboo Airways                         , 20:10         , 22:20       , 2h 10m  ,     0,  1784781, TP HCM        , Hà Nội      , Phổ thông   , 15/11/2025
QH-268     , Bamboo Airways                         , 19:35         , 21:45       , 2h 10m  ,     0,  1840400, TP HCM        , Hà Nội      , Phổ thông   , 15/11/2025
9G-882     , SUN PhuQuoc AIRWAYS                    , 21:50         , 23:55       , 2h 5m   ,     0,  1888199, TP HCM        , Hà Nội      , Phổ thông   , 15/11/2025
VJ-156     , VietJet Air                            , 21:10         , 23:20       , 2h 10m  ,     0,  1986020, TP HCM        , Hà Nội      , Phổ thông   , 15/11/2025
VN-220     , Vietnam Airlines                       , 21:20         , 23:25       , 2h 5m   ,     0,  2011986, TP HCM        , Hà Nội      , Phổ thông   , 15/11/2025
VN-7204    , Vietnam Airlines                       , 21:15         , 23:20       , 2h 5m   ,     0,  2017266, TP HCM        , Hà Nội      , Phổ thông   , 15/11/2025
VN-270     , Vietnam Airlines                       , 23:00         , 01:05       , 2h 5m   ,     0,  2019567, TP HCM        , Hà Nội      , Phổ thông   , 15/11/2025
VN-7206    , Vietnam Airlines                       , 22:20         , 00:30       , 2h 10m  ,     0,  2019567, TP HCM        , Hà Nội      , Phổ thông   , 15/11/2025
9G-868     , SUN PhuQuoc AIRWAYS                    , 18:10         , 20:20       , 2h 10m  ,     0,  2082168, TP HCM        , Hà Nội      , Phổ thông   , 15/11/2025
9G-878     , SUN PhuQuoc AIRWAYS                    , 19:15         , 21:25       , 2h 10m  ,     0,  2082168, TP HCM        , Hà Nội      , Phổ thông   , 15/11/2025
VJ-166     , VietJet Air                            , 18:50         , 21:00       , 2h 10m  ,     0,  2168237, TP HCM        , Hà Nội      , Phổ thông   , 15/11/2025
VJ-152     , VietJet Air                            , 17:00         , 19:15       , 2h 15m  ,     0,  2168237, TP HCM        , Hà Nội      , Phổ thông   , 15/11/2025
VU-780     , Vietravel Airlines                     , 17:10         , 19:20       , 2h 10m  ,     0,  2223825, TP HCM        , Hà Nội      , Phổ thông   , 15/11/2025
VJ-194     , VietJet Air                            , 15:30         , 17:40       , 2h 10m  ,     0,  2341235, TP HCM        , Hà Nội      , Phổ thông   , 15/11/2025
VN-224     , Vietnam Airlines                       , 22:00         , 00:05       , 2h 5m   ,     0,  2475312, TP HCM        , Hà Nội      , Phổ thông   , 15/11/2025
VJ-134     , VietJet Air                            , 14:40         , 16:50       , 2h 10m  ,     0,  2562497, TP HCM        , Hà Nội      , Phổ thông   , 15/11/2025
9G-806     , SUN PhuQuoc AIRWAYS                    , 06:30         , 08:40       , 2h 10m  ,     0,  2650901, TP HCM        , Hà Nội      , Phổ thông   , 15/11/2025
VJ-136     , VietJet Air                            , 08:30         , 10:40       , 2h 10m  ,     0,  2786575, TP HCM        , Hà Nội      , Phổ thông   , 15/11/2025
VU-778     , Vietravel Airlines                     , 13:15         , 15:20       , 2h 5m   ,     0,  2827790, TP HCM        , Hà Nội      , Phổ thông   , 15/11/2025
QH-204     , Bamboo Airways                         , 07:10         , 09:20       , 2h 10m  ,     0,  2985000, TP HCM        , Hà Nội      , Phổ thông   , 15/11/2025
VJ-126     , VietJet Air                            , 06:15         , 08:25       , 2h 10m  ,     0,  3110250, TP HCM        , Hà Nội      , Phổ thông   , 15/11/2025
VN-260     , Vietnam Airlines                       , 21:00         , 23:05       , 2h 5m   ,     0,  3403593, TP HCM        , Hà Nội      , Phổ thông   , 15/11/2025
VN-262     , Vietnam Airlines                       , 20:30         , 22:35       , 2h 5m   ,     0,  3457539, TP HCM        , Hà Nội      , Phổ thông   , 15/11/2025
VN-216     , Vietnam Airlines                       , 16:00         , 18:05       , 2h 5m   ,     0,  3613708, TP HCM        , Hà Nội      , Phổ thông   , 15/11/2025
VN-252     , Vietnam Airlines                       , 16:40         , 18:45       , 2h 5m   ,     0,  3613708, TP HCM        , Hà Nội      , Phổ thông   , 15/11/2025
VN-254     , Vietnam Airlines                       , 17:00         , 19:05       , 2h 5m   ,     0,  3613708, TP HCM        , Hà Nội      , Phổ thông   , 15/11/2025
VU-750     , Vietravel Airlines                     , 05:45         , 07:55       , 2h 10m  ,     0,  3645657, TP HCM        , Hà Nội      , Phổ thông   , 15/11/2025
VU-770     , Vietravel Airlines                     , 14:00         , 15:55       , 1h 55m  ,     0,  3666575, TP HCM        , Hà Nội      , Phổ thông   , 15/11/2025
VU-774     , Vietravel Airlines                     , 07:05         , 09:15       , 2h 10m  ,     0,  3666575, TP HCM        , Hà Nội      , Phổ thông   , 15/11/2025
QH-250     , Bamboo Airways                         , 13:30         , 15:40       , 2h 10m  ,     0,  3713340, TP HCM        , Hà Nội      , Phổ thông   , 15/11/2025
VJ-190     , VietJet Air                            , 19:55         , 22:05       , 2h 10m  ,     0,  3747980, TP HCM        , Hà Nội      , Phổ thông   , 15/11/2025
VN-256     , Vietnam Airlines                       , 20:30         , 22:35       , 2h 5m   ,     0,  3756240, TP HCM        , Hà Nội      , Phổ thông   , 15/11/2025
VN-232     , Vietnam Airlines                       , 15:30         , 17:35       , 2h 5m   ,     0,  3759045, TP HCM        , Hà Nội      , Phổ thông   , 15/11/2025
VN-6002    , Vietnam Airlines                       , 04:55         , 07:05       , 2h 10m  ,     0,  3868063, TP HCM        , Hà Nội      , Phổ thông   , 15/11/2025
VN-212     , Vietnam Airlines                       , 12:00         , 14:05       , 2h 5m   ,     0,  3938934, TP HCM        , Hà Nội      , Phổ thông   , 15/11/2025
VN-218     , Vietnam Airlines                       , 18:00         , 20:05       , 2h 5m   ,     0,  3938934, TP HCM        , Hà Nội      , Phổ thông   , 15/11/2025
VN-214     , Vietnam Airlines                       , 14:00         , 16:05       , 2h 5m   ,     0,  7524882, TP HCM        , Hà Nội      , Phổ thông   , 15/11/2025
VU-672     , "Vietravel Airlines, VietJet Air"      , 09:00         , 22:55       , 13h 55m ,     1,  1597025, TP HCM        , Hà Nội      , Phổ thông   , 15/11/2025
VU-672     , "Vietravel Airlines, VietJet Air"      , 09:00         , 00:00       , 15h 0m  ,     1,  1597025, TP HCM        , Hà Nội      , Phổ thông   , 15/11/2025
VU-672     , Vietravel Airlines                     , 09:00         , 20:15       , 11h 15m ,     1,  1775130, TP HCM        , Hà Nội      , Phổ thông   , 15/11/2025
VU-672     , "Vietravel Airlines, VietJet Air"      , 09:00         , 22:15       , 13h 15m ,     1,  1814695, TP HCM        , Hà Nội      , Phổ thông   , 15/11/2025
VU-672     , "Vietravel Airlines, VietJet Air"      , 09:00         , 07:05       , 22h 5m  ,     1,  1814695, TP HCM        , Hà Nội      , Phổ thông   , 15/11/2025
QH-154     , "Bamboo Airways, VietJet Air"          , 08:50         , 22:55       , 14h 5m  ,     1,  1827144, TP HCM        , Hà Nội      , Phổ thông   , 15/11/2025
QH-154     , "Bamboo Airways, Vietravel Airlines"   , 08:50         , 20:15       , 11h 25m ,     1,  2005249, TP HCM        , Hà Nội      , Phổ thông   , 15/11/2025
QH-150     , "Bamboo Airways, Vietravel Airlines"   , 06:15         , 20:15       , 14h 0m  ,     1,  2005249, TP HCM        , Hà Nội      , Phổ thông   , 15/11/2025
VJ-630     , "VietJet Air, Vietravel Airlines"      , 13:10         , 20:15       , 7h 5m   ,     1,  2134765, TP HCM        , Hà Nội      , Phổ thông   , 15/11/2025
VU-672     , "Vietravel Airlines, VietJet Air"      , 09:00         , 16:45       , 7h 45m  ,     1,  2134765, TP HCM        , Hà Nội      , Phổ thông   , 15/11/2025
QH-154     , "Bamboo Airways, VietJet Air"          , 08:50         , 16:45       , 7h 55m  ,     1,  2364884, TP HCM        , Hà Nội      , Phổ thông   , 15/11/2025
VJ-648     , VietJet Air                            , 18:15         , 00:01       , 5h 46m  ,     1,  2397133, TP HCM        , Hà Nội      , Phổ thông   , 15/11/2025
VJ-646     , VietJet Air                            , 20:40         , 07:05       , 10h 25m ,     1,  2450559, TP HCM        , Hà Nội      , Phổ thông   , 15/11/2025
VJ-640     , VietJet Air                            , 21:25         , 09:00       , 11h 35m ,     1,  2482782, TP HCM        , Hà Nội      , Phổ thông   , 15/11/2025
VJ-630     , VietJet Air                            , 13:10         , 00:01       , 10h 51m ,     1,  2484064, TP HCM        , Hà Nội      , Phổ thông   , 15/11/2025
VJ-634     , VietJet Air                            , 11:40         , 00:01       , 12h 21m ,     1,  2484064, TP HCM        , Hà Nội      , Phổ thông   , 15/11/2025
VJ-622     , VietJet Air                            , 07:20         , 00:01       , 16h 41m ,     1,  2501358, TP HCM        , Hà Nội      , Phổ thông   , 15/11/2025
VJ-640     , VietJet Air                            , 21:25         , 07:05       , 9h 40m  ,     1,  2563235, TP HCM        , Hà Nội      , Phổ thông   , 15/11/2025
VN-136     , "Vietnam Airlines, VietJet Air"        , 17:15         , 22:55       , 5h 40m  ,     1,  2597310, TP HCM        , Hà Nội      , Phổ thông   , 15/11/2025
VJ-636     , VietJet Air                            , 23:00         , 07:05       , 8h 5m   ,     1,  2654567, TP HCM        , Hà Nội      , Phổ thông   , 15/11/2025
VJ-626     , VietJet Air                            , 09:25         , 16:45       , 7h 20m  ,     1,  2662889, TP HCM        , Hà Nội      , Phổ thông   , 15/11/2025
VJ-646     , VietJet Air                            , 20:40         , 09:00       , 12h 20m ,     1,  2705366, TP HCM        , Hà Nội      , Phổ thông   , 15/11/2025
VJ-622     , VietJet Air                            , 07:20         , 22:15       , 14h 55m ,     1,  2705366, TP HCM        , Hà Nội      , Phổ thông   , 15/11/2025
VJ-648     , VietJet Air                            , 18:15         , 22:55       , 4h 40m  ,     1,  2721325, TP HCM        , Hà Nội      , Phổ thông   , 15/11/2025
VN-140     , "Vietnam Airlines, VietJet Air"        , 16:45         , 22:55       , 6h 10m  ,     1,  2721955, TP HCM        , Hà Nội      , Phổ thông   , 15/11/2025
VJ-630     , VietJet Air                            , 13:10         , 22:15       , 9h 5m   ,     1,  2743766, TP HCM        , Hà Nội      , Phổ thông   , 15/11/2025
VJ-634     , VietJet Air                            , 11:40         , 22:15       , 10h 35m ,     1,  2743766, TP HCM        , Hà Nội      , Phổ thông   , 15/11/2025
VJ-636     , VietJet Air                            , 23:00         , 16:45       , 17h 45m ,     1,  2767517, TP HCM        , Hà Nội      , Phổ thông   , 15/11/2025
VJ-394     , VietJet Air                            , 08:20         , 19:35       , 11h 15m ,     1,  2785891, TP HCM        , Hà Nội      , Phổ thông   , 15/11/2025
VN-136     , "Vietnam Airlines, VietJet Air"        , 17:15         , 22:15       , 5h 0m   ,     1,  2814980, TP HCM        , Hà Nội      , Phổ thông   , 15/11/2025
VJ-640     , VietJet Air                            , 21:25         , 09:00       , 11h 35m ,     1,  2818857, TP HCM        , Hà Nội      , Phổ thông   , 15/11/2025
VJ-325     , VietJet Air                            , 07:30         , 17:10       , 9h 40m  ,     1,  2902623, TP HCM        , Hà Nội      , Phổ thông   , 15/11/2025
VJ-636     , VietJet Air                            , 23:00         , 09:00       , 10h 0m  ,     1,  2910190, TP HCM        , Hà Nội      , Phổ thông   , 15/11/2025
VJ-636     , VietJet Air                            , 23:00         , 12:40       , 13h 40m ,     1,  2910190, TP HCM        , Hà Nội      , Phổ thông   , 15/11/2025
VJ-302     , VietJet Air                            , 05:30         , 13:05       , 7h 35m  ,     1,  2949801, TP HCM        , Hà Nội      , Phổ thông   , 15/11/2025
VJ-634     , VietJet Air                            , 11:40         , 16:45       , 5h 5m   ,     1,  3159844, TP HCM        , Hà Nội      , Phổ thông   , 15/11/2025
VN-1394    , Vietnam Airlines                       , 13:35         , 15:05       , 25h 30m ,     1,  3659801, TP HCM        , Hà Nội      , Phổ thông   , 15/11/2025
VJ-358     , VietJet Air                            , 15:15         , 18:35       , 3h 20m  ,     1,  4040218, TP HCM        , Hà Nội      , Phổ thông   , 15/11/2025
VJ-356     , VietJet Air                            , 06:30         , 10:00       , 3h 30m  ,     1,  4040218, TP HCM        , Hà Nội      , Phổ thông   , 15/11/2025
VN-1374    , Vietnam Airlines                       , 15:45         , 23:10       , 7h 25m  ,     1,  4098475, TP HCM        , Hà Nội      , Phổ thông   , 15/11/2025
VN-1374    , Vietnam Airlines                       , 15:45         , 09:10       , 17h 25m ,     1,  4166497, TP HCM        , Hà Nội      , Phổ thông   , 15/11/2025
VN-1829    , Vietnam Airlines                       , 15:20         , 12:10       , 20h 50m ,     1,  4395475, TP HCM        , Hà Nội      , Phổ thông   , 15/11/2025
VN-1422    , Vietnam Airlines                       , 15:05         , 11:55       , 20h 50m ,     1,  4688924, TP HCM        , Hà Nội      , Phổ thông   , 15/11/2025
VN-1833    , Vietnam Airlines                       , 14:00         , 12:10       , 22h 10m ,     1,  5131147, TP HCM        , Hà Nội      , Phổ thông   , 15/11/2025
VN-6103    , Vietnam Airlines                       , 09:55         , 12:10       , 26h 15m ,     1,  5131147, TP HCM        , Hà Nội      , Phổ thông   , 15/11/2025
VN-136     , Vietnam Airlines                       , 16:15         , 21:45       , 5h 30m  ,     1,  5722143, TP HCM        , Hà Nội      , Phổ thông   , 15/11/2025
VN-1468    , Vietnam Airlines                       , 15:55         , 10:35       , 18h 40m ,     1,  5722143, TP HCM        , Hà Nội      , Phổ thông   , 15/11/2025
VN-1370    , Vietnam Airlines                       , 11:30         , 23:10       , 11h 40m ,     1,  5870641, TP HCM        , Hà Nội      , Phổ thông   , 15/11/2025
VN-1827    , Vietnam Airlines                       , 13:00         , 12:10       , 23h 10m ,     1,  6121855, TP HCM        , Hà Nội      , Phổ thông   , 15/11/2025
VN-1825    , Vietnam Airlines                       , 11:10         , 12:10       , 25h 0m  ,     1,  6121855, TP HCM        , Hà Nội      , Phổ thông   , 15/11/2025
VN-140     , Vietnam Airlines                       , 16:45         , 21:45       , 5h 0m   ,     1,  6308770, TP HCM        , Hà Nội      , Phổ thông   , 15/11/2025
VN-134     , Vietnam Airlines                       , 15:15         , 21:45       , 6h 30m  ,     1,  6308770, TP HCM        , Hà Nội      , Phổ thông   , 15/11/2025
VN-132     , Vietnam Airlines                       , 13:30         , 21:45       , 8h 15m  ,     1,  6308770, TP HCM        , Hà Nội      , Phổ thông   , 15/11/2025
VN-7126    , Vietnam Airlines                       , 12:15         , 21:45       , 9h 30m  ,     1,  6308770, TP HCM        , Hà Nội      , Phổ thông   , 15/11/2025
VN-126     , Vietnam Airlines                       , 11:05         , 21:45       , 10h 40m ,     1,  6308770, TP HCM        , Hà Nội      , Phổ thông   , 15/11/2025
VN-7136    , Vietnam Airlines                       , 19:35         , 08:00       , 12h 25m ,     1,  6308770, TP HCM        , Hà Nội      , Phổ thông   , 15/11/2025
VN-1464    , Vietnam Airlines                       , 11:55         , 10:35       , 22h 40m ,     1,  6411486, TP HCM        , Hà Nội      , Phổ thông   , 15/11/2025
VN-136     , Vietnam Airlines                       , 16:15         , 20:25       , 4h 10m  ,     1,  6723502, TP HCM        , Hà Nội      , Phổ thông   , 15/11/2025
VN-6103    , Vietnam Airlines                       , 09:55         , 17:30       , 7h 35m  ,     1,  6723502, TP HCM        , Hà Nội      , Phổ thông   , 15/11/2025
VN-1823    , Vietnam Airlines                       , 08:10         , 17:30       , 9h 20m  ,     1,  7020505, TP HCM        , Hà Nội      , Phổ thông   , 15/11/2025
VN-1350    , Vietnam Airlines                       , 19:50         , 19:30       , 23h 40m ,     1,  7167095, TP HCM        , Hà Nội      , Phổ thông   , 15/11/2025
VN-6150    , Vietnam Airlines                       , 19:00         , 19:30       , 24h 30m ,     1,  7167095, TP HCM        , Hà Nội      , Phổ thông   , 15/11/2025
VN-1374    , Vietnam Airlines                       , 15:45         , 19:40       , 3h 55m  ,     1,  7317233, TP HCM        , Hà Nội      , Phổ thông   , 15/11/2025
VN-1350    , Vietnam Airlines                       , 19:50         , 12:00       , 16h 10m ,     1,  7467919, TP HCM        , Hà Nội      , Phổ thông   , 15/11/2025
VN-6150    , Vietnam Airlines                       , 19:00         , 12:00       , 17h 0m  ,     1,  7467919, TP HCM        , Hà Nội      , Phổ thông   , 15/11/2025
VN-1350    , Vietnam Airlines                       , 19:50         , 14:30       , 18h 40m ,     1,  7467919, TP HCM        , Hà Nội      , Phổ thông   , 15/11/2025
VN-6150    , Vietnam Airlines                       , 19:00         , 14:30       , 19h 30m ,     1,  7467919, TP HCM        , Hà Nội      , Phổ thông   , 15/11/2025
VN-1350    , Vietnam Airlines                       , 19:50         , 18:15       , 22h 25m ,     1,  7467919, TP HCM        , Hà Nội      , Phổ thông   , 15/11/2025
VN-6150    , Vietnam Airlines                       , 19:00         , 18:15       , 23h 15m ,     1,  7467919, TP HCM        , Hà Nội      , Phổ thông   , 15/11/2025
VN-1829    , Vietnam Airlines                       , 15:20         , 17:30       , 26h 10m ,     1,  7467919, TP HCM        , Hà Nội      , Phổ thông   , 15/11/2025
VN-1340    , Vietnam Airlines                       , 07:45         , 12:20       , 4h 35m  ,     1,  9415907, TP HCM        , Hà Nội      , Phổ thông   , 15/11/2025
9G-882     , SUN PhuQuoc AIRWAYS                    , 21:50         , 23:55       , 2h 5m   ,     0,  5805602, TP HCM        , Hà Nội      , Thương gia  , 15/11/2025
VN-6002    , Vietnam Airlines                       , 04:55         , 07:05       , 2h 10m  ,     0,  4008899, TP HCM        , Hà Nội      , Thương gia  , 15/11/2025
VN-270     , Vietnam Airlines                       , 23:00         , 01:05       , 2h 5m   ,     0,  4780775, TP HCM        , Hà Nội      , Thương gia  , 15/11/2025
9G-868     , SUN PhuQuoc AIRWAYS                    , 18:10         , 20:20       , 2h 10m  ,     0,  5805602, TP HCM        , Hà Nội      , Thương gia  , 15/11/2025
VN-7214    , Vietnam Airlines                       , 06:40         , 08:45       , 2h 5m   ,     0,  5951863, TP HCM        , Hà Nội      , Thương gia  , 15/11/2025
VN-226     , Vietnam Airlines                       , 07:25         , 09:30       , 2h 5m   ,     0,  5951863, TP HCM        , Hà Nội      , Thương gia  , 15/11/2025
9G-806     , SUN PhuQuoc AIRWAYS                    , 06:30         , 08:40       , 2h 10m  ,     0,  6308010, TP HCM        , Hà Nội      , Thương gia  , 15/11/2025
QH-282     , Bamboo Airways                         , 23:50         , 02:00       , 2h 10m  ,     0,  7250850, TP HCM        , Hà Nội      , Thương gia  , 15/11/2025
QH-250     , Bamboo Airways                         , 13:30         , 15:40       , 2h 10m  ,     0,  7582950, TP HCM        , Hà Nội      , Thương gia  , 15/11/2025
QH-298     , Bamboo Airways                         , 20:10         , 22:20       , 2h 10m  ,     0,  7582950, TP HCM        , Hà Nội      , Thương gia  , 15/11/2025
VN-256     , Vietnam Airlines                       , 20:30         , 22:35       , 2h 5m   ,     0,  7716152, TP HCM        , Hà Nội      , Thương gia  , 15/11/2025
VN-7204    , Vietnam Airlines                       , 21:15         , 23:20       , 2h 5m   ,     0,  7716152, TP HCM        , Hà Nội      , Thương gia  , 15/11/2025
VN-220     , Vietnam Airlines                       , 21:20         , 23:25       , 2h 5m   ,     0,  7716152, TP HCM        , Hà Nội      , Thương gia  , 15/11/2025
VN-7206    , Vietnam Airlines                       , 22:20         , 00:30       , 2h 10m  ,     0,  7716152, TP HCM        , Hà Nội      , Thương gia  , 15/11/2025
VN-212     , Vietnam Airlines                       , 12:00         , 14:05       , 2h 5m   ,     0,  8929101, TP HCM        , Hà Nội      , Thương gia  , 15/11/2025
VN-214     , Vietnam Airlines                       , 14:00         , 16:05       , 2h 5m   ,     0,  8929101, TP HCM        , Hà Nội      , Thương gia  , 15/11/2025
VN-250     , Vietnam Airlines                       , 15:00         , 17:05       , 2h 5m   ,     0,  8929101, TP HCM        , Hà Nội      , Thương gia  , 15/11/2025
VN-232     , Vietnam Airlines                       , 15:30         , 17:35       , 2h 5m   ,     0,  8929101, TP HCM        , Hà Nội      , Thương gia  , 15/11/2025
VN-216     , Vietnam Airlines                       , 16:00         , 18:05       , 2h 5m   ,     0,  8929101, TP HCM        , Hà Nội      , Thương gia  , 15/11/2025
VN-252     , Vietnam Airlines                       , 16:40         , 18:45       , 2h 5m   ,     0,  8929101, TP HCM        , Hà Nội      , Thương gia  , 15/11/2025
VN-254     , Vietnam Airlines                       , 17:00         , 19:05       , 2h 5m   ,     0,  8929101, TP HCM        , Hà Nội      , Thương gia  , 15/11/2025
VN-218     , Vietnam Airlines                       , 18:00         , 20:05       , 2h 5m   ,     0,  8929101, TP HCM        , Hà Nội      , Thương gia  , 15/11/2025
VN-262     , Vietnam Airlines                       , 20:30         , 22:35       , 2h 5m   ,     0,  8929101, TP HCM        , Hà Nội      , Thương gia  , 15/11/2025
VN-224     , Vietnam Airlines                       , 22:00         , 00:05       , 2h 5m   ,     0,  8929101, TP HCM        , Hà Nội      , Thương gia  , 15/11/2025
VN-210     , Vietnam Airlines                       , 10:00         , 12:05       , 2h 5m   ,     0,  9112841, TP HCM        , Hà Nội      , Thương gia  , 15/11/2025
VN-246     , Vietnam Airlines                       , 11:00         , 13:05       , 2h 5m   ,     0,  9112841, TP HCM        , Hà Nội      , Thương gia  , 15/11/2025
VN-258     , Vietnam Airlines                       , 19:00         , 21:05       , 2h 5m   ,     0,  9112841, TP HCM        , Hà Nội      , Thương gia  , 15/11/2025
9G-882     , SUN PhuQuoc AIRWAYS                    , 21:50         , 23:55       , 2h 5m   ,     0,  1888199, TP HCM        , Hà Nội      , Phổ thông   , 16/11/2025
QH-282     , Bamboo Airways                         , 23:50         , 02:00       , 2h 10m  ,     0,  1476779, TP HCM        , Hà Nội      , Phổ thông   , 16/11/2025
VJ-174     , VietJet Air                            , 21:45         , 23:55       , 2h 10m  ,     0,  1590379, TP HCM        , Hà Nội      , Phổ thông   , 16/11/2025
VJ-178     , VietJet Air                            , 22:45         , 00:55       , 2h 10m  ,     0,  1590379, TP HCM        , Hà Nội      , Phổ thông   , 16/11/2025
VJ-182     , VietJet Air                            , 23:20         , 01:30       , 2h 10m  ,     0,  1590379, TP HCM        , Hà Nội      , Phổ thông   , 16/11/2025
VJ-180     , VietJet Air                            , 20:15         , 22:25       , 2h 10m  ,     0,  1674200, TP HCM        , Hà Nội      , Phổ thông   , 16/11/2025
VU-794     , Vietravel Airlines                     , 21:05         , 23:15       , 2h 10m  ,     0,  1695480, TP HCM        , Hà Nội      , Phổ thông   , 16/11/2025
VJ-160     , VietJet Air                            , 19:05         , 21:15       , 2h 10m  ,     0,  1769110, TP HCM        , Hà Nội      , Phổ thông   , 16/11/2025
QH-298     , Bamboo Airways                         , 20:10         , 22:20       , 2h 10m  ,     0,  1784781, TP HCM        , Hà Nội      , Phổ thông   , 16/11/2025
QH-268     , Bamboo Airways                         , 19:35         , 21:45       , 2h 10m  ,     0,  1840400, TP HCM        , Hà Nội      , Phổ thông   , 16/11/2025
9G-882     , SUN PhuQuoc AIRWAYS                    , 21:50         , 23:55       , 2h 5m   ,     0,  1888199, TP HCM        , Hà Nội      , Phổ thông   , 16/11/2025
VJ-156     , VietJet Air                            , 21:10         , 23:20       , 2h 10m  ,     0,  1986020, TP HCM        , Hà Nội      , Phổ thông   , 16/11/2025
VN-220     , Vietnam Airlines                       , 21:20         , 23:25       , 2h 5m   ,     0,  2011986, TP HCM        , Hà Nội      , Phổ thông   , 16/11/2025
VN-7204    , Vietnam Airlines                       , 21:15         , 23:20       , 2h 5m   ,     0,  2017266, TP HCM        , Hà Nội      , Phổ thông   , 16/11/2025
VN-270     , Vietnam Airlines                       , 23:00         , 01:05       , 2h 5m   ,     0,  2019567, TP HCM        , Hà Nội      , Phổ thông   , 16/11/2025
VN-7206    , Vietnam Airlines                       , 22:20         , 00:30       , 2h 10m  ,     0,  2019567, TP HCM        , Hà Nội      , Phổ thông   , 16/11/2025
9G-868     , SUN PhuQuoc AIRWAYS                    , 18:10         , 20:20       , 2h 10m  ,     0,  2082168, TP HCM        , Hà Nội      , Phổ thông   , 16/11/2025
9G-878     , SUN PhuQuoc AIRWAYS                    , 19:15         , 21:25       , 2h 10m  ,     0,  2082168, TP HCM        , Hà Nội      , Phổ thông   , 16/11/2025
VJ-166     , VietJet Air                            , 18:50         , 21:00       , 2h 10m  ,     0,  2168237, TP HCM        , Hà Nội      , Phổ thông   , 16/11/2025
VJ-152     , VietJet Air                            , 17:00         , 19:15       , 2h 15m  ,     0,  2168237, TP HCM        , Hà Nội      , Phổ thông   , 16/11/2025
VU-780     , Vietravel Airlines                     , 17:10         , 19:20       , 2h 10m  ,     0,  2223825, TP HCM        , Hà Nội      , Phổ thông   , 16/11/2025
VJ-194     , VietJet Air                            , 15:30         , 17:40       , 2h 10m  ,     0,  2341235, TP HCM        , Hà Nội      , Phổ thông   , 16/11/2025
VN-224     , Vietnam Airlines                       , 22:00         , 00:05       , 2h 5m   ,     0,  2475312, TP HCM        , Hà Nội      , Phổ thông   , 16/11/2025
VJ-134     , VietJet Air                            , 14:40         , 16:50       , 2h 10m  ,     0,  2562497, TP HCM        , Hà Nội      , Phổ thông   , 16/11/2025
9G-806     , SUN PhuQuoc AIRWAYS                    , 06:30         , 08:40       , 2h 10m  ,     0,  2650901, TP HCM        , Hà Nội      , Phổ thông   , 16/11/2025
VJ-136     , VietJet Air                            , 08:30         , 10:40       , 2h 10m  ,     0,  2786575, TP HCM        , Hà Nội      , Phổ thông   , 16/11/2025
VU-778     , Vietravel Airlines                     , 13:15         , 15:20       , 2h 5m   ,     0,  2827790, TP HCM        , Hà Nội      , Phổ thông   , 16/11/2025
QH-204     , Bamboo Airways                         , 07:10         , 09:20       , 2h 10m  ,     0,  2985000, TP HCM        , Hà Nội      , Phổ thông   , 16/11/2025
VJ-126     , VietJet Air                            , 06:15         , 08:25       , 2h 10m  ,     0,  3110250, TP HCM        , Hà Nội      , Phổ thông   , 16/11/2025
VN-260     , Vietnam Airlines                       , 21:00         , 23:05       , 2h 5m   ,     0,  3403593, TP HCM        , Hà Nội      , Phổ thông   , 16/11/2025
VN-262     , Vietnam Airlines                       , 20:30         , 22:35       , 2h 5m   ,     0,  3457539, TP HCM        , Hà Nội      , Phổ thông   , 16/11/2025
VN-216     , Vietnam Airlines                       , 16:00         , 18:05       , 2h 5m   ,     0,  3613708, TP HCM        , Hà Nội      , Phổ thông   , 16/11/2025
VN-252     , Vietnam Airlines                       , 16:40         , 18:45       , 2h 5m   ,     0,  3613708, TP HCM        , Hà Nội      , Phổ thông   , 16/11/2025
VN-254     , Vietnam Airlines                       , 17:00         , 19:05       , 2h 5m   ,     0,  3613708, TP HCM        , Hà Nội      , Phổ thông   , 16/11/2025
VU-750     , Vietravel Airlines                     , 05:45         , 07:55       , 2h 10m  ,     0,  3645657, TP HCM        , Hà Nội      , Phổ thông   , 16/11/2025
VU-770     , Vietravel Airlines                     , 14:00         , 15:55       , 1h 55m  ,     0,  3666575, TP HCM        , Hà Nội      , Phổ thông   , 16/11/2025
VU-774     , Vietravel Airlines                     , 07:05         , 09:15       , 2h 10m  ,     0,  3666575, TP HCM        , Hà Nội      , Phổ thông   , 16/11/2025
QH-250     , Bamboo Airways                         , 13:30         , 15:40       , 2h 10m  ,     0,  3713340, TP HCM        , Hà Nội      , Phổ thông   , 16/11/2025
VJ-190     , VietJet Air                            , 19:55         , 22:05       , 2h 10m  ,     0,  3747980, TP HCM        , Hà Nội      , Phổ thông   , 16/11/2025
VN-256     , Vietnam Airlines                       , 20:30         , 22:35       , 2h 5m   ,     0,  3756240, TP HCM        , Hà Nội      , Phổ thông   , 16/11/2025
VN-232     , Vietnam Airlines                       , 15:30         , 17:35       , 2h 5m   ,     0,  3759045, TP HCM        , Hà Nội      , Phổ thông   , 16/11/2025
VN-6002    , Vietnam Airlines                       , 04:55         , 07:05       , 2h 10m  ,     0,  3868063, TP HCM        , Hà Nội      , Phổ thông   , 16/11/2025
VN-212     , Vietnam Airlines                       , 12:00         , 14:05       , 2h 5m   ,     0,  3938934, TP HCM        , Hà Nội      , Phổ thông   , 16/11/2025
VN-218     , Vietnam Airlines                       , 18:00         , 20:05       , 2h 5m   ,     0,  3938934, TP HCM        , Hà Nội      , Phổ thông   , 16/11/2025
VN-214     , Vietnam Airlines                       , 14:00         , 16:05       , 2h 5m   ,     0,  7524882, TP HCM        , Hà Nội      , Phổ thông   , 16/11/2025
VU-672     , "Vietravel Airlines, VietJet Air"      , 09:00         , 22:55       , 13h 55m ,     1,  1597025, TP HCM        , Hà Nội      , Phổ thông   , 16/11/2025
VU-672     , "Vietravel Airlines, VietJet Air"      , 09:00         , 00:00       , 15h 0m  ,     1,  1597025, TP HCM        , Hà Nội      , Phổ thông   , 16/11/2025
VJ-648     , VietJet Air                            , 18:15         , 22:55       , 4h 40m  ,     1,  1611060, TP HCM        , Hà Nội      , Phổ thông   , 16/11/2025
VJ-648     , VietJet Air                            , 18:15         , 00:01       , 5h 46m  ,     1,  1611060, TP HCM        , Hà Nội      , Phổ thông   , 16/11/2025
VU-672     , Vietravel Airlines                     , 09:00         , 20:15       , 11h 15m ,     1,  1775130, TP HCM        , Hà Nội      , Phổ thông   , 16/11/2025
VU-672     , "Vietravel Airlines, VietJet Air"      , 09:00         , 22:15       , 13h 15m ,     1,  1814695, TP HCM        , Hà Nội      , Phổ thông   , 16/11/2025
VU-672     , "Vietravel Airlines, VietJet Air"      , 09:00         , 07:05       , 22h 5m  ,     1,  1814695, TP HCM        , Hà Nội      , Phổ thông   , 16/11/2025
QH-154     , "Bamboo Airways, VietJet Air"          , 08:50         , 22:55       , 14h 5m  ,     1,  1827144, TP HCM        , Hà Nội      , Phổ thông   , 16/11/2025
QH-154     , "Bamboo Airways, Vietravel Airlines"   , 08:50         , 20:15       , 11h 25m ,     1,  2005249, TP HCM        , Hà Nội      , Phổ thông   , 16/11/2025
QH-150     , "Bamboo Airways, Vietravel Airlines"   , 06:15         , 20:15       , 14h 0m  ,     1,  2005249, TP HCM        , Hà Nội      , Phổ thông   , 16/11/2025
VJ-630     , "VietJet Air, Vietravel Airlines"      , 13:10         , 20:15       , 7h 5m   ,     1,  2134765, TP HCM        , Hà Nội      , Phổ thông   , 16/11/2025
VU-672     , "Vietravel Airlines, VietJet Air"      , 09:00         , 16:45       , 7h 45m  ,     1,  2134765, TP HCM        , Hà Nội      , Phổ thông   , 16/11/2025
QH-154     , "Bamboo Airways, VietJet Air"          , 08:50         , 16:45       , 7h 55m  ,     1,  2364884, TP HCM        , Hà Nội      , Phổ thông   , 16/11/2025
VJ-646     , VietJet Air                            , 20:40         , 07:05       , 10h 25m ,     1,  2450559, TP HCM        , Hà Nội      , Phổ thông   , 16/11/2025
VJ-640     , VietJet Air                            , 21:25         , 09:00       , 11h 35m ,     1,  2482782, TP HCM        , Hà Nội      , Phổ thông   , 16/11/2025
VJ-630     , VietJet Air                            , 13:10         , 00:01       , 10h 51m ,     1,  2484064, TP HCM        , Hà Nội      , Phổ thông   , 16/11/2025
VJ-634     , VietJet Air                            , 11:40         , 00:01       , 12h 21m ,     1,  2484064, TP HCM        , Hà Nội      , Phổ thông   , 16/11/2025
VJ-634     , VietJet Air                            , 11:40         , 16:45       , 5h 5m   ,     1,  2494400, TP HCM        , Hà Nội      , Phổ thông   , 16/11/2025
VJ-622     , VietJet Air                            , 07:20         , 00:01       , 16h 41m ,     1,  2501358, TP HCM        , Hà Nội      , Phổ thông   , 16/11/2025
VJ-640     , VietJet Air                            , 21:25         , 07:05       , 9h 40m  ,     1,  2563235, TP HCM        , Hà Nội      , Phổ thông   , 16/11/2025
VJ-636     , VietJet Air                            , 23:00         , 07:05       , 8h 5m   ,     1,  2654567, TP HCM        , Hà Nội      , Phổ thông   , 16/11/2025
VJ-626     , VietJet Air                            , 09:25         , 16:45       , 7h 20m  ,     1,  2662889, TP HCM        , Hà Nội      , Phổ thông   , 16/11/2025
VJ-646     , VietJet Air                            , 20:40         , 09:00       , 12h 20m ,     1,  2705366, TP HCM        , Hà Nội      , Phổ thông   , 16/11/2025
VJ-622     , VietJet Air                            , 07:20         , 22:15       , 14h 55m ,     1,  2705366, TP HCM        , Hà Nội      , Phổ thông   , 16/11/2025
VN-140     , "Vietnam Airlines, VietJet Air"        , 16:45         , 22:55       , 6h 10m  ,     1,  2721955, TP HCM        , Hà Nội      , Phổ thông   , 16/11/2025
VN-136     , "Vietnam Airlines, VietJet Air"        , 17:15         , 22:55       , 5h 40m  ,     1,  2722127, TP HCM        , Hà Nội      , Phổ thông   , 16/11/2025
VJ-630     , VietJet Air                            , 13:10         , 22:15       , 9h 5m   ,     1,  2743766, TP HCM        , Hà Nội      , Phổ thông   , 16/11/2025
VJ-634     , VietJet Air                            , 11:40         , 22:15       , 10h 35m ,     1,  2743766, TP HCM        , Hà Nội      , Phổ thông   , 16/11/2025
VJ-636     , VietJet Air                            , 23:00         , 16:45       , 17h 45m ,     1,  2767517, TP HCM        , Hà Nội      , Phổ thông   , 16/11/2025
VJ-394     , VietJet Air                            , 08:20         , 19:35       , 11h 15m ,     1,  2785891, TP HCM        , Hà Nội      , Phổ thông   , 16/11/2025
VJ-640     , VietJet Air                            , 21:25         , 09:00       , 11h 35m ,     1,  2818857, TP HCM        , Hà Nội      , Phổ thông   , 16/11/2025
VN-134     , "Vietnam Airlines, VietJet Air"        , 15:15         , 22:55       , 7h 40m  ,     1,  2854043, TP HCM        , Hà Nội      , Phổ thông   , 16/11/2025
VJ-325     , VietJet Air                            , 07:30         , 17:10       , 9h 40m  ,     1,  2902623, TP HCM        , Hà Nội      , Phổ thông   , 16/11/2025
VJ-636     , VietJet Air                            , 23:00         , 09:00       , 10h 0m  ,     1,  2910190, TP HCM        , Hà Nội      , Phổ thông   , 16/11/2025
VJ-636     , VietJet Air                            , 23:00         , 12:40       , 13h 40m ,     1,  2910190, TP HCM        , Hà Nội      , Phổ thông   , 16/11/2025
VJ-302     , VietJet Air                            , 05:30         , 13:05       , 7h 35m  ,     1,  2949801, TP HCM        , Hà Nội      , Phổ thông   , 16/11/2025
VN-1394    , Vietnam Airlines                       , 13:35         , 15:05       , 25h 30m ,     1,  3659801, TP HCM        , Hà Nội      , Phổ thông   , 16/11/2025
VJ-358     , VietJet Air                            , 15:15         , 18:35       , 3h 20m  ,     1,  4040218, TP HCM        , Hà Nội      , Phổ thông   , 16/11/2025
VJ-356     , VietJet Air                            , 06:30         , 10:00       , 3h 30m  ,     1,  4040218, TP HCM        , Hà Nội      , Phổ thông   , 16/11/2025
VN-1374    , Vietnam Airlines                       , 15:45         , 23:10       , 7h 25m  ,     1,  4098475, TP HCM        , Hà Nội      , Phổ thông   , 16/11/2025
VN-1374    , Vietnam Airlines                       , 15:45         , 09:10       , 17h 25m ,     1,  4166497, TP HCM        , Hà Nội      , Phổ thông   , 16/11/2025
VN-1829    , Vietnam Airlines                       , 15:20         , 12:10       , 20h 50m ,     1,  4395475, TP HCM        , Hà Nội      , Phổ thông   , 16/11/2025
VN-1422    , Vietnam Airlines                       , 15:05         , 11:55       , 20h 50m ,     1,  4688924, TP HCM        , Hà Nội      , Phổ thông   , 16/11/2025
VN-1833    , Vietnam Airlines                       , 14:00         , 12:10       , 22h 10m ,     1,  5131147, TP HCM        , Hà Nội      , Phổ thông   , 16/11/2025
VN-6103    , Vietnam Airlines                       , 09:55         , 12:10       , 26h 15m ,     1,  5131147, TP HCM        , Hà Nội      , Phổ thông   , 16/11/2025
VN-136     , Vietnam Airlines                       , 16:15         , 21:45       , 5h 30m  ,     1,  5722143, TP HCM        , Hà Nội      , Phổ thông   , 16/11/2025
VN-1468    , Vietnam Airlines                       , 15:55         , 10:35       , 18h 40m ,     1,  5722143, TP HCM        , Hà Nội      , Phổ thông   , 16/11/2025
VN-1370    , Vietnam Airlines                       , 11:30         , 23:10       , 11h 40m ,     1,  5870641, TP HCM        , Hà Nội      , Phổ thông   , 16/11/2025
VN-1827    , Vietnam Airlines                       , 13:00         , 12:10       , 23h 10m ,     1,  6121855, TP HCM        , Hà Nội      , Phổ thông   , 16/11/2025
VN-1825    , Vietnam Airlines                       , 11:10         , 12:10       , 25h 0m  ,     1,  6121855, TP HCM        , Hà Nội      , Phổ thông   , 16/11/2025
VN-140     , Vietnam Airlines                       , 16:45         , 21:45       , 5h 0m   ,     1,  6308770, TP HCM        , Hà Nội      , Phổ thông   , 16/11/2025
VN-134     , Vietnam Airlines                       , 15:15         , 21:45       , 6h 30m  ,     1,  6308770, TP HCM        , Hà Nội      , Phổ thông   , 16/11/2025
VN-132     , Vietnam Airlines                       , 13:30         , 21:45       , 8h 15m  ,     1,  6308770, TP HCM        , Hà Nội      , Phổ thông   , 16/11/2025
VN-7126    , Vietnam Airlines                       , 12:15         , 21:45       , 9h 30m  ,     1,  6308770, TP HCM        , Hà Nội      , Phổ thông   , 16/11/2025
VN-126     , Vietnam Airlines                       , 11:05         , 21:45       , 10h 40m ,     1,  6308770, TP HCM        , Hà Nội      , Phổ thông   , 16/11/2025
VN-7136    , Vietnam Airlines                       , 19:35         , 08:00       , 12h 25m ,     1,  6308770, TP HCM        , Hà Nội      , Phổ thông   , 16/11/2025
VN-1464    , Vietnam Airlines                       , 11:55         , 10:35       , 22h 40m ,     1,  6411486, TP HCM        , Hà Nội      , Phổ thông   , 16/11/2025
VN-136     , Vietnam Airlines                       , 16:15         , 20:25       , 4h 10m  ,     1,  6723502, TP HCM        , Hà Nội      , Phổ thông   , 16/11/2025
VN-6103    , Vietnam Airlines                       , 09:55         , 17:30       , 7h 35m  ,     1,  6723502, TP HCM        , Hà Nội      , Phổ thông   , 16/11/2025
VN-1823    , Vietnam Airlines                       , 08:10         , 17:30       , 9h 20m  ,     1,  7020505, TP HCM        , Hà Nội      , Phổ thông   , 16/11/2025
VN-1350    , Vietnam Airlines                       , 19:50         , 19:30       , 23h 40m ,     1,  7167095, TP HCM        , Hà Nội      , Phổ thông   , 16/11/2025
VN-6150    , Vietnam Airlines                       , 19:00         , 19:30       , 24h 30m ,     1,  7167095, TP HCM        , Hà Nội      , Phổ thông   , 16/11/2025
VN-1374    , Vietnam Airlines                       , 15:45         , 19:40       , 3h 55m  ,     1,  7317233, TP HCM        , Hà Nội      , Phổ thông   , 16/11/2025
VN-1350    , Vietnam Airlines                       , 19:50         , 12:00       , 16h 10m ,     1,  7467919, TP HCM        , Hà Nội      , Phổ thông   , 16/11/2025
VN-6150    , Vietnam Airlines                       , 19:00         , 12:00       , 17h 0m  ,     1,  7467919, TP HCM        , Hà Nội      , Phổ thông   , 16/11/2025
VN-1350    , Vietnam Airlines                       , 19:50         , 14:30       , 18h 40m ,     1,  7467919, TP HCM        , Hà Nội      , Phổ thông   , 16/11/2025
VN-6150    , Vietnam Airlines                       , 19:00         , 14:30       , 19h 30m ,     1,  7467919, TP HCM        , Hà Nội      , Phổ thông   , 16/11/2025
VN-1350    , Vietnam Airlines                       , 19:50         , 18:15       , 22h 25m ,     1,  7467919, TP HCM        , Hà Nội      , Phổ thông   , 16/11/2025
VN-6150    , Vietnam Airlines                       , 19:00         , 18:15       , 23h 15m ,     1,  7467919, TP HCM        , Hà Nội      , Phổ thông   , 16/11/2025
VN-1829    , Vietnam Airlines                       , 15:20         , 17:30       , 26h 10m ,     1,  7467919, TP HCM        , Hà Nội      , Phổ thông   , 16/11/2025
VN-1340    , Vietnam Airlines                       , 07:45         , 12:20       , 4h 35m  ,     1,  9415907, TP HCM        , Hà Nội      , Phổ thông   , 16/11/2025
9G-882     , SUN PhuQuoc AIRWAYS                    , 21:50         , 23:55       , 2h 5m   ,     0,  5805602, TP HCM        , Hà Nội      , Thương gia  , 16/11/2025
VN-6002    , Vietnam Airlines                       , 04:55         , 07:05       , 2h 10m  ,     0,  4008899, TP HCM        , Hà Nội      , Thương gia  , 16/11/2025
VN-270     , Vietnam Airlines                       , 23:00         , 01:05       , 2h 5m   ,     0,  4780775, TP HCM        , Hà Nội      , Thương gia  , 16/11/2025
9G-868     , SUN PhuQuoc AIRWAYS                    , 18:10         , 20:20       , 2h 10m  ,     0,  5805602, TP HCM        , Hà Nội      , Thương gia  , 16/11/2025
VN-7214    , Vietnam Airlines                       , 06:40         , 08:45       , 2h 5m   ,     0,  5951863, TP HCM        , Hà Nội      , Thương gia  , 16/11/2025
VN-226     , Vietnam Airlines                       , 07:25         , 09:30       , 2h 5m   ,     0,  5951863, TP HCM        , Hà Nội      , Thương gia  , 16/11/2025
9G-806     , SUN PhuQuoc AIRWAYS                    , 06:30         , 08:40       , 2h 10m  ,     0,  6308010, TP HCM        , Hà Nội      , Thương gia  , 16/11/2025
QH-282     , Bamboo Airways                         , 23:50         , 02:00       , 2h 10m  ,     0,  7250850, TP HCM        , Hà Nội      , Thương gia  , 16/11/2025
QH-250     , Bamboo Airways                         , 13:30         , 15:40       , 2h 10m  ,     0,  7582950, TP HCM        , Hà Nội      , Thương gia  , 16/11/2025
QH-298     , Bamboo Airways                         , 20:10         , 22:20       , 2h 10m  ,     0,  7582950, TP HCM        , Hà Nội      , Thương gia  , 16/11/2025
VN-256     , Vietnam Airlines                       , 20:30         , 22:35       , 2h 5m   ,     0,  7716152, TP HCM        , Hà Nội      , Thương gia  , 16/11/2025
VN-7204    , Vietnam Airlines                       , 21:15         , 23:20       , 2h 5m   ,     0,  7716152, TP HCM        , Hà Nội      , Thương gia  , 16/11/2025
VN-220     , Vietnam Airlines                       , 21:20         , 23:25       , 2h 5m   ,     0,  7716152, TP HCM        , Hà Nội      , Thương gia  , 16/11/2025
VN-7206    , Vietnam Airlines                       , 22:20         , 00:30       , 2h 10m  ,     0,  7716152, TP HCM        , Hà Nội      , Thương gia  , 16/11/2025
VN-212     , Vietnam Airlines                       , 12:00         , 14:05       , 2h 5m   ,     0,  8929101, TP HCM        , Hà Nội      , Thương gia  , 16/11/2025
VN-214     , Vietnam Airlines                       , 14:00         , 16:05       , 2h 5m   ,     0,  8929101, TP HCM        , Hà Nội      , Thương gia  , 16/11/2025
VN-250     , Vietnam Airlines                       , 15:00         , 17:05       , 2h 5m   ,     0,  8929101, TP HCM        , Hà Nội      , Thương gia  , 16/11/2025
VN-232     , Vietnam Airlines                       , 15:30         , 17:35       , 2h 5m   ,     0,  8929101, TP HCM        , Hà Nội      , Thương gia  , 16/11/2025
VN-216     , Vietnam Airlines                       , 16:00         , 18:05       , 2h 5m   ,     0,  8929101, TP HCM        , Hà Nội      , Thương gia  , 16/11/2025
VN-252     , Vietnam Airlines                       , 16:40         , 18:45       , 2h 5m   ,     0,  8929101, TP HCM        , Hà Nội      , Thương gia  , 16/11/2025
VN-254     , Vietnam Airlines                       , 17:00         , 19:05       , 2h 5m   ,     0,  8929101, TP HCM        , Hà Nội      , Thương gia  , 16/11/2025
VN-218     , Vietnam Airlines                       , 18:00         , 20:05       , 2h 5m   ,     0,  8929101, TP HCM        , Hà Nội      , Thương gia  , 16/11/2025
VN-262     , Vietnam Airlines                       , 20:30         , 22:35       , 2h 5m   ,     0,  8929101, TP HCM        , Hà Nội      , Thương gia  , 16/11/2025
VN-224     , Vietnam Airlines                       , 22:00         , 00:05       , 2h 5m   ,     0,  8929101, TP HCM        , Hà Nội      , Thương gia  , 16/11/2025
VN-210     , Vietnam Airlines                       , 10:00         , 12:05       , 2h 5m   ,     0,  9112841, TP HCM        , Hà Nội      , Thương gia  , 16/11/2025
VN-246     , Vietnam Airlines                       , 11:00         , 13:05       , 2h 5m   ,     0,  9112841, TP HCM        , Hà Nội      , Thương gia  , 16/11/2025
VN-258     , Vietnam Airlines                       , 19:00         , 21:05       , 2h 5m   ,     0,  9112841, TP HCM        , Hà Nội      , Thương gia  , 16/11/2025
VN-1188    , Vietnam Airlines                       , 22:15         , 00:15       , 2h 0m   ,     0,  2769961, TP HCM        , Hải Phòng   , Phổ thông   , 13/11/2025
VJ-270     , VietJet Air                            , 06:15         , 08:15       , 2h 0m   ,     0,  1583276, TP HCM        , Hải Phòng   , Phổ thông   , 13/11/2025
VJ-284     , VietJet Air                            , 21:00         , 23:00       , 2h 0m   ,     0,  1583276, TP HCM        , Hải Phòng   , Phổ thông   , 13/11/2025
VJ-272     , VietJet Air                            , 07:45         , 09:45       , 2h 0m   ,     0,  1842156, TP HCM        , Hải Phòng   , Phổ thông   , 13/11/2025
VJ-278     , VietJet Air                            , 15:55         , 17:55       , 2h 0m   ,     0,  1842156, TP HCM        , Hải Phòng   , Phổ thông   , 13/11/2025
VJ-274     , VietJet Air                            , 10:50         , 12:50       , 2h 0m   ,     0,  2191014, TP HCM        , Hải Phòng   , Phổ thông   , 13/11/2025
VN-1186    , Vietnam Airlines                       , 18:35         , 20:35       , 2h 0m   ,     0,  3499883, TP HCM        , Hải Phòng   , Phổ thông   , 13/11/2025
VN-7184    , Vietnam Airlines                       , 20:20         , 22:30       , 2h 10m  ,     0,  3499883, TP HCM        , Hải Phòng   , Phổ thông   , 13/11/2025
VJ-280     , VietJet Air                            , 18:15         , 20:15       , 2h 0m   ,     0,  3762095, TP HCM        , Hải Phòng   , Phổ thông   , 13/11/2025
VJ-282     , VietJet Air                            , 20:00         , 22:00       , 2h 0m   ,     0,  3762095, TP HCM        , Hải Phòng   , Phổ thông   , 13/11/2025
VN-6440    , Vietnam Airlines                       , 13:30         , 15:40       , 2h 10m  ,     0,  3889798, TP HCM        , Hải Phòng   , Phổ thông   , 13/11/2025
VJ-646     , VietJet Air                            , 20:45         , 11:40       , 14h 55m ,     1,  1627975, TP HCM        , Hải Phòng   , Phổ thông   , 13/11/2025
VJ-648     , VietJet Air                            , 18:15         , 11:40       , 17h 25m ,     1,  1627975, TP HCM        , Hải Phòng   , Phổ thông   , 13/11/2025
VJ-646     , VietJet Air                            , 20:45         , 18:30       , 21h 45m ,     1,  1627975, TP HCM        , Hải Phòng   , Phổ thông   , 13/11/2025
VJ-648     , VietJet Air                            , 18:15         , 18:30       , 24h 15m ,     1,  1627975, TP HCM        , Hải Phòng   , Phổ thông   , 13/11/2025
VJ-636     , VietJet Air                            , 23:00         , 11:40       , 12h 40m ,     1,  1884761, TP HCM        , Hải Phòng   , Phổ thông   , 13/11/2025
VJ-636     , VietJet Air                            , 23:00         , 18:30       , 19h 30m ,     1,  1884761, TP HCM        , Hải Phòng   , Phổ thông   , 13/11/2025
VJ-640     , VietJet Air                            , 21:25         , 18:30       , 21h 5m  ,     1,  1884761, TP HCM        , Hải Phòng   , Phổ thông   , 13/11/2025
VJ-646     , VietJet Air                            , 20:40         , 11:40       , 15h 0m  ,     1,  2405449, TP HCM        , Hải Phòng   , Phổ thông   , 13/11/2025
VJ-648     , VietJet Air                            , 18:15         , 11:40       , 17h 25m ,     1,  2405449, TP HCM        , Hải Phòng   , Phổ thông   , 13/11/2025
VJ-646     , VietJet Air                            , 20:40         , 18:30       , 21h 50m ,     1,  2405449, TP HCM        , Hải Phòng   , Phổ thông   , 13/11/2025
VJ-648     , VietJet Air                            , 18:15         , 18:30       , 24h 15m ,     1,  2405449, TP HCM        , Hải Phòng   , Phổ thông   , 13/11/2025
VJ-640     , VietJet Air                            , 21:25         , 11:40       , 14h 15m ,     1,  2530165, TP HCM        , Hải Phòng   , Phổ thông   , 13/11/2025
VJ-640     , VietJet Air                            , 21:25         , 18:30       , 21h 5m  ,     1,  2530165, TP HCM        , Hải Phòng   , Phổ thông   , 13/11/2025
VJ-636     , VietJet Air                            , 23:00         , 11:40       , 12h 40m ,     1,  2627968, TP HCM        , Hải Phòng   , Phổ thông   , 13/11/2025
VJ-636     , VietJet Air                            , 23:00         , 18:30       , 19h 30m ,     1,  2627968, TP HCM        , Hải Phòng   , Phổ thông   , 13/11/2025
VJ-630     , VietJet Air                            , 13:10         , 11:40       , 22h 30m ,     1,  2678605, TP HCM        , Hải Phòng   , Phổ thông   , 13/11/2025
VJ-634     , VietJet Air                            , 11:40         , 11:40       , 24h 0m  ,     1,  2678605, TP HCM        , Hải Phòng   , Phổ thông   , 13/11/2025
VJ-626     , VietJet Air                            , 09:25         , 11:40       , 26h 15m ,     1,  2834861, TP HCM        , Hải Phòng   , Phổ thông   , 13/11/2025
VJ-356     , VietJet Air                            , 06:30         , 15:40       , 9h 10m  ,     1,  3094356, TP HCM        , Hải Phòng   , Phổ thông   , 13/11/2025
VJ-331     , VietJet Air                            , 15:15         , 16:25       , 25h 10m ,     1,  3108305, TP HCM        , Hải Phòng   , Phổ thông   , 13/11/2025
VJ-600     , VietJet Air                            , 15:40         , 12:05       , 20h 25m ,     1,  3393945, TP HCM        , Hải Phòng   , Phổ thông   , 13/11/2025
VN-7136    , Vietnam Airlines                       , 19:35         , 10:45       , 15h 10m ,     1,  5069784, TP HCM        , Hải Phòng   , Phổ thông   , 13/11/2025
VN-136     , Vietnam Airlines                       , 16:15         , 10:45       , 18h 30m ,     1,  5740813, TP HCM        , Hải Phòng   , Phổ thông   , 13/11/2025
VN-148     , Vietnam Airlines                       , 20:55         , 10:45       , 13h 50m ,     1,  5978805, TP HCM        , Hải Phòng   , Phổ thông   , 13/11/2025
VN-126     , Vietnam Airlines                       , 11:05         , 10:45       , 23h 40m ,     1,  6229695, TP HCM        , Hải Phòng   , Phổ thông   , 13/11/2025
VN-134     , Vietnam Airlines                       , 15:15         , 10:45       , 19h 30m ,     1,  6231685, TP HCM        , Hải Phòng   , Phổ thông   , 13/11/2025
VN-132     , Vietnam Airlines                       , 13:30         , 10:45       , 21h 15m ,     1,  6231685, TP HCM        , Hải Phòng   , Phổ thông   , 13/11/2025
VN-140     , Vietnam Airlines                       , 16:45         , 10:45       , 18h 0m  ,     1,  6276432, TP HCM        , Hải Phòng   , Phổ thông   , 13/11/2025
VN-7126    , Vietnam Airlines                       , 12:15         , 10:45       , 22h 30m ,     1,  6276432, TP HCM        , Hải Phòng   , Phổ thông   , 13/11/2025
VN-142     , Vietnam Airlines                       , 18:55         , 10:45       , 15h 50m ,     1,  7066490, TP HCM        , Hải Phòng   , Phổ thông   , 13/11/2025
VN-122     , Vietnam Airlines                       , 10:05         , 10:45       , 24h 40m ,     1,  7350961, TP HCM        , Hải Phòng   , Phổ thông   , 13/11/2025
VN-1188    , Vietnam Airlines                       , 22:15         , 00:15       , 2h 0m   ,     0,  3903244, TP HCM        , Hải Phòng   , Thương gia  , 13/11/2025
VN-7184    , Vietnam Airlines                       , 20:20         , 22:30       , 2h 10m  ,     0,  3903244, TP HCM        , Hải Phòng   , Thương gia  , 13/11/2025
VN-1176    , Vietnam Airlines                       , 07:40         , 09:40       , 2h 0m   ,     0,  5517297, TP HCM        , Hải Phòng   , Thương gia  , 13/11/2025
VN-1188    , Vietnam Airlines                       , 22:15         , 00:15       , 2h 0m   ,     0,  2769961, TP HCM        , Hải Phòng   , Phổ thông   , 14/11/2025
VJ-270     , VietJet Air                            , 06:15         , 08:15       , 2h 0m   ,     0,  1583276, TP HCM        , Hải Phòng   , Phổ thông   , 14/11/2025
VJ-284     , VietJet Air                            , 21:00         , 23:00       , 2h 0m   ,     0,  1583276, TP HCM        , Hải Phòng   , Phổ thông   , 14/11/2025
VJ-272     , VietJet Air                            , 07:45         , 09:45       , 2h 0m   ,     0,  1842156, TP HCM        , Hải Phòng   , Phổ thông   , 14/11/2025
VJ-278     , VietJet Air                            , 15:55         , 17:55       , 2h 0m   ,     0,  1842156, TP HCM        , Hải Phòng   , Phổ thông   , 14/11/2025
VJ-274     , VietJet Air                            , 10:50         , 12:50       , 2h 0m   ,     0,  2191014, TP HCM        , Hải Phòng   , Phổ thông   , 14/11/2025
VN-1186    , Vietnam Airlines                       , 18:35         , 20:35       , 2h 0m   ,     0,  3499883, TP HCM        , Hải Phòng   , Phổ thông   , 14/11/2025
VN-7184    , Vietnam Airlines                       , 20:20         , 22:30       , 2h 10m  ,     0,  3499883, TP HCM        , Hải Phòng   , Phổ thông   , 14/11/2025
VJ-280     , VietJet Air                            , 18:15         , 20:15       , 2h 0m   ,     0,  3762095, TP HCM        , Hải Phòng   , Phổ thông   , 14/11/2025
VJ-282     , VietJet Air                            , 20:00         , 22:00       , 2h 0m   ,     0,  3762095, TP HCM        , Hải Phòng   , Phổ thông   , 14/11/2025
VN-6440    , Vietnam Airlines                       , 13:30         , 15:40       , 2h 10m  ,     0,  3889798, TP HCM        , Hải Phòng   , Phổ thông   , 14/11/2025
VJ-646     , VietJet Air                            , 20:45         , 11:40       , 14h 55m ,     1,  1627975, TP HCM        , Hải Phòng   , Phổ thông   , 14/11/2025
VJ-648     , VietJet Air                            , 18:15         , 11:40       , 17h 25m ,     1,  1627975, TP HCM        , Hải Phòng   , Phổ thông   , 14/11/2025
VJ-646     , VietJet Air                            , 20:45         , 18:30       , 21h 45m ,     1,  1627975, TP HCM        , Hải Phòng   , Phổ thông   , 14/11/2025
VJ-648     , VietJet Air                            , 18:15         , 18:30       , 24h 15m ,     1,  1627975, TP HCM        , Hải Phòng   , Phổ thông   , 14/11/2025
VJ-636     , VietJet Air                            , 23:00         , 11:40       , 12h 40m ,     1,  1884761, TP HCM        , Hải Phòng   , Phổ thông   , 14/11/2025
VJ-636     , VietJet Air                            , 23:00         , 18:30       , 19h 30m ,     1,  1884761, TP HCM        , Hải Phòng   , Phổ thông   , 14/11/2025
VJ-640     , VietJet Air                            , 21:25         , 18:30       , 21h 5m  ,     1,  1884761, TP HCM        , Hải Phòng   , Phổ thông   , 14/11/2025
VJ-646     , VietJet Air                            , 20:40         , 11:40       , 15h 0m  ,     1,  2405449, TP HCM        , Hải Phòng   , Phổ thông   , 14/11/2025
VJ-648     , VietJet Air                            , 18:15         , 11:40       , 17h 25m ,     1,  2405449, TP HCM        , Hải Phòng   , Phổ thông   , 14/11/2025
VJ-646     , VietJet Air                            , 20:40         , 18:30       , 21h 50m ,     1,  2405449, TP HCM        , Hải Phòng   , Phổ thông   , 14/11/2025
VJ-648     , VietJet Air                            , 18:15         , 18:30       , 24h 15m ,     1,  2405449, TP HCM        , Hải Phòng   , Phổ thông   , 14/11/2025
VJ-640     , VietJet Air                            , 21:25         , 11:40       , 14h 15m ,     1,  2530165, TP HCM        , Hải Phòng   , Phổ thông   , 14/11/2025
VJ-640     , VietJet Air                            , 21:25         , 18:30       , 21h 5m  ,     1,  2530165, TP HCM        , Hải Phòng   , Phổ thông   , 14/11/2025
VJ-636     , VietJet Air                            , 23:00         , 11:40       , 12h 40m ,     1,  2627968, TP HCM        , Hải Phòng   , Phổ thông   , 14/11/2025
VJ-636     , VietJet Air                            , 23:00         , 18:30       , 19h 30m ,     1,  2627968, TP HCM        , Hải Phòng   , Phổ thông   , 14/11/2025
VJ-630     , VietJet Air                            , 13:10         , 11:40       , 22h 30m ,     1,  2678605, TP HCM        , Hải Phòng   , Phổ thông   , 14/11/2025
VJ-634     , VietJet Air                            , 11:40         , 11:40       , 24h 0m  ,     1,  2678605, TP HCM        , Hải Phòng   , Phổ thông   , 14/11/2025
VJ-626     , VietJet Air                            , 09:25         , 11:40       , 26h 15m ,     1,  2834861, TP HCM        , Hải Phòng   , Phổ thông   , 14/11/2025
VJ-331     , VietJet Air                            , 15:15         , 16:25       , 25h 10m ,     1,  3108305, TP HCM        , Hải Phòng   , Phổ thông   , 14/11/2025
VJ-600     , VietJet Air                            , 15:40         , 12:05       , 20h 25m ,     1,  3393945, TP HCM        , Hải Phòng   , Phổ thông   , 14/11/2025
VJ-356     , VietJet Air                            , 06:30         , 15:40       , 9h 10m  ,     1,  3781546, TP HCM        , Hải Phòng   , Phổ thông   , 14/11/2025
VN-7136    , Vietnam Airlines                       , 19:35         , 10:45       , 15h 10m ,     1,  5069784, TP HCM        , Hải Phòng   , Phổ thông   , 14/11/2025
VN-136     , Vietnam Airlines                       , 16:15         , 10:45       , 18h 30m ,     1,  5740813, TP HCM        , Hải Phòng   , Phổ thông   , 14/11/2025
VN-148     , Vietnam Airlines                       , 20:55         , 10:45       , 13h 50m ,     1,  5978805, TP HCM        , Hải Phòng   , Phổ thông   , 14/11/2025
VN-126     , Vietnam Airlines                       , 11:05         , 10:45       , 23h 40m ,     1,  6229695, TP HCM        , Hải Phòng   , Phổ thông   , 14/11/2025
VN-134     , Vietnam Airlines                       , 15:15         , 10:45       , 19h 30m ,     1,  6231685, TP HCM        , Hải Phòng   , Phổ thông   , 14/11/2025
VN-132     , Vietnam Airlines                       , 13:30         , 10:45       , 21h 15m ,     1,  6231685, TP HCM        , Hải Phòng   , Phổ thông   , 14/11/2025
VN-140     , Vietnam Airlines                       , 16:45         , 10:45       , 18h 0m  ,     1,  6276432, TP HCM        , Hải Phòng   , Phổ thông   , 14/11/2025
VN-7126    , Vietnam Airlines                       , 12:15         , 10:45       , 22h 30m ,     1,  6276432, TP HCM        , Hải Phòng   , Phổ thông   , 14/11/2025
VN-142     , Vietnam Airlines                       , 18:55         , 10:45       , 15h 50m ,     1,  7066490, TP HCM        , Hải Phòng   , Phổ thông   , 14/11/2025
VN-122     , Vietnam Airlines                       , 10:05         , 10:45       , 24h 40m ,     1,  7350961, TP HCM        , Hải Phòng   , Phổ thông   , 14/11/2025
VN-1188    , Vietnam Airlines                       , 22:15         , 00:15       , 2h 0m   ,     0,  3903244, TP HCM        , Hải Phòng   , Thương gia  , 14/11/2025
VN-7184    , Vietnam Airlines                       , 20:20         , 22:30       , 2h 10m  ,     0,  3903244, TP HCM        , Hải Phòng   , Thương gia  , 14/11/2025
VN-1176    , Vietnam Airlines                       , 07:40         , 09:40       , 2h 0m   ,     0,  5517297, TP HCM        , Hải Phòng   , Thương gia  , 14/11/2025
VN-1188    , Vietnam Airlines                       , 22:15         , 00:15       , 2h 0m   ,     0,  2769961, TP HCM        , Hải Phòng   , Phổ thông   , 15/11/2025
VJ-270     , VietJet Air                            , 06:15         , 08:15       , 2h 0m   ,     0,  1583276, TP HCM        , Hải Phòng   , Phổ thông   , 15/11/2025
VJ-284     , VietJet Air                            , 21:00         , 23:00       , 2h 0m   ,     0,  1583276, TP HCM        , Hải Phòng   , Phổ thông   , 15/11/2025
VJ-272     , VietJet Air                            , 07:45         , 09:45       , 2h 0m   ,     0,  1842156, TP HCM        , Hải Phòng   , Phổ thông   , 15/11/2025
VJ-278     , VietJet Air                            , 15:55         , 17:55       , 2h 0m   ,     0,  1842156, TP HCM        , Hải Phòng   , Phổ thông   , 15/11/2025
VJ-274     , VietJet Air                            , 10:50         , 12:50       , 2h 0m   ,     0,  2191014, TP HCM        , Hải Phòng   , Phổ thông   , 15/11/2025
VN-1186    , Vietnam Airlines                       , 18:35         , 20:35       , 2h 0m   ,     0,  3499883, TP HCM        , Hải Phòng   , Phổ thông   , 15/11/2025
VN-7184    , Vietnam Airlines                       , 20:20         , 22:30       , 2h 10m  ,     0,  3499883, TP HCM        , Hải Phòng   , Phổ thông   , 15/11/2025
VJ-280     , VietJet Air                            , 18:15         , 20:15       , 2h 0m   ,     0,  3762095, TP HCM        , Hải Phòng   , Phổ thông   , 15/11/2025
VJ-282     , VietJet Air                            , 20:00         , 22:00       , 2h 0m   ,     0,  3762095, TP HCM        , Hải Phòng   , Phổ thông   , 15/11/2025
VN-6440    , Vietnam Airlines                       , 13:30         , 15:40       , 2h 10m  ,     0,  3889798, TP HCM        , Hải Phòng   , Phổ thông   , 15/11/2025
VJ-646     , VietJet Air                            , 20:45         , 11:40       , 14h 55m ,     1,  1627975, TP HCM        , Hải Phòng   , Phổ thông   , 15/11/2025
VJ-648     , VietJet Air                            , 18:15         , 11:40       , 17h 25m ,     1,  1627975, TP HCM        , Hải Phòng   , Phổ thông   , 15/11/2025
VJ-646     , VietJet Air                            , 20:45         , 18:30       , 21h 45m ,     1,  1627975, TP HCM        , Hải Phòng   , Phổ thông   , 15/11/2025
VJ-648     , VietJet Air                            , 18:15         , 18:30       , 24h 15m ,     1,  1627975, TP HCM        , Hải Phòng   , Phổ thông   , 15/11/2025
VJ-636     , VietJet Air                            , 23:00         , 11:40       , 12h 40m ,     1,  1884761, TP HCM        , Hải Phòng   , Phổ thông   , 15/11/2025
VJ-636     , VietJet Air                            , 23:00         , 18:30       , 19h 30m ,     1,  1884761, TP HCM        , Hải Phòng   , Phổ thông   , 15/11/2025
VJ-640     , VietJet Air                            , 21:25         , 18:30       , 21h 5m  ,     1,  1884761, TP HCM        , Hải Phòng   , Phổ thông   , 15/11/2025
VJ-646     , VietJet Air                            , 20:40         , 11:40       , 15h 0m  ,     1,  2405449, TP HCM        , Hải Phòng   , Phổ thông   , 15/11/2025
VJ-648     , VietJet Air                            , 18:15         , 11:40       , 17h 25m ,     1,  2405449, TP HCM        , Hải Phòng   , Phổ thông   , 15/11/2025
VJ-646     , VietJet Air                            , 20:40         , 18:30       , 21h 50m ,     1,  2405449, TP HCM        , Hải Phòng   , Phổ thông   , 15/11/2025
VJ-648     , VietJet Air                            , 18:15         , 18:30       , 24h 15m ,     1,  2405449, TP HCM        , Hải Phòng   , Phổ thông   , 15/11/2025
VJ-640     , VietJet Air                            , 21:25         , 11:40       , 14h 15m ,     1,  2530165, TP HCM        , Hải Phòng   , Phổ thông   , 15/11/2025
VJ-640     , VietJet Air                            , 21:25         , 18:30       , 21h 5m  ,     1,  2530165, TP HCM        , Hải Phòng   , Phổ thông   , 15/11/2025
VJ-636     , VietJet Air                            , 23:00         , 11:40       , 12h 40m ,     1,  2627968, TP HCM        , Hải Phòng   , Phổ thông   , 15/11/2025
VJ-636     , VietJet Air                            , 23:00         , 18:30       , 19h 30m ,     1,  2627968, TP HCM        , Hải Phòng   , Phổ thông   , 15/11/2025
VJ-630     , VietJet Air                            , 13:10         , 11:40       , 22h 30m ,     1,  2678605, TP HCM        , Hải Phòng   , Phổ thông   , 15/11/2025
VJ-634     , VietJet Air                            , 11:40         , 11:40       , 24h 0m  ,     1,  2678605, TP HCM        , Hải Phòng   , Phổ thông   , 15/11/2025
VJ-626     , VietJet Air                            , 09:25         , 11:40       , 26h 15m ,     1,  2834861, TP HCM        , Hải Phòng   , Phổ thông   , 15/11/2025
VJ-331     , VietJet Air                            , 15:15         , 16:25       , 25h 10m ,     1,  3108305, TP HCM        , Hải Phòng   , Phổ thông   , 15/11/2025
VJ-600     , VietJet Air                            , 15:40         , 12:05       , 20h 25m ,     1,  3393945, TP HCM        , Hải Phòng   , Phổ thông   , 15/11/2025
VJ-356     , VietJet Air                            , 06:30         , 15:40       , 9h 10m  ,     1,  3781546, TP HCM        , Hải Phòng   , Phổ thông   , 15/11/2025
VN-7136    , Vietnam Airlines                       , 19:35         , 10:45       , 15h 10m ,     1,  5069784, TP HCM        , Hải Phòng   , Phổ thông   , 15/11/2025
VN-136     , Vietnam Airlines                       , 16:15         , 10:45       , 18h 30m ,     1,  5740813, TP HCM        , Hải Phòng   , Phổ thông   , 15/11/2025
VN-148     , Vietnam Airlines                       , 20:55         , 10:45       , 13h 50m ,     1,  5978805, TP HCM        , Hải Phòng   , Phổ thông   , 15/11/2025
VN-126     , Vietnam Airlines                       , 11:05         , 10:45       , 23h 40m ,     1,  6229695, TP HCM        , Hải Phòng   , Phổ thông   , 15/11/2025
VN-134     , Vietnam Airlines                       , 15:15         , 10:45       , 19h 30m ,     1,  6231685, TP HCM        , Hải Phòng   , Phổ thông   , 15/11/2025
VN-132     , Vietnam Airlines                       , 13:30         , 10:45       , 21h 15m ,     1,  6231685, TP HCM        , Hải Phòng   , Phổ thông   , 15/11/2025
VN-140     , Vietnam Airlines                       , 16:45         , 10:45       , 18h 0m  ,     1,  6276432, TP HCM        , Hải Phòng   , Phổ thông   , 15/11/2025
VN-7126    , Vietnam Airlines                       , 12:15         , 10:45       , 22h 30m ,     1,  6276432, TP HCM        , Hải Phòng   , Phổ thông   , 15/11/2025
VN-142     , Vietnam Airlines                       , 18:55         , 10:45       , 15h 50m ,     1,  7066490, TP HCM        , Hải Phòng   , Phổ thông   , 15/11/2025
VN-122     , Vietnam Airlines                       , 10:05         , 10:45       , 24h 40m ,     1,  7350961, TP HCM        , Hải Phòng   , Phổ thông   , 15/11/2025
VN-1188    , Vietnam Airlines                       , 22:15         , 00:15       , 2h 0m   ,     0,  3903244, TP HCM        , Hải Phòng   , Thương gia  , 15/11/2025
VN-7184    , Vietnam Airlines                       , 20:20         , 22:30       , 2h 10m  ,     0,  3903244, TP HCM        , Hải Phòng   , Thương gia  , 15/11/2025
VN-1176    , Vietnam Airlines                       , 07:40         , 09:40       , 2h 0m   ,     0,  5517297, TP HCM        , Hải Phòng   , Thương gia  , 15/11/2025
VN-1188    , Vietnam Airlines                       , 22:15         , 00:15       , 2h 0m   ,     0,  2769961, TP HCM        , Hải Phòng   , Phổ thông   , 16/11/2025
VJ-270     , VietJet Air                            , 06:15         , 08:15       , 2h 0m   ,     0,  1583276, TP HCM        , Hải Phòng   , Phổ thông   , 16/11/2025
VJ-284     , VietJet Air                            , 21:00         , 23:00       , 2h 0m   ,     0,  1583276, TP HCM        , Hải Phòng   , Phổ thông   , 16/11/2025
VJ-272     , VietJet Air                            , 07:45         , 09:45       , 2h 0m   ,     0,  1842156, TP HCM        , Hải Phòng   , Phổ thông   , 16/11/2025
VJ-278     , VietJet Air                            , 15:55         , 17:55       , 2h 0m   ,     0,  1842156, TP HCM        , Hải Phòng   , Phổ thông   , 16/11/2025
VJ-274     , VietJet Air                            , 10:50         , 12:50       , 2h 0m   ,     0,  2191014, TP HCM        , Hải Phòng   , Phổ thông   , 16/11/2025
VN-1186    , Vietnam Airlines                       , 18:35         , 20:35       , 2h 0m   ,     0,  3499883, TP HCM        , Hải Phòng   , Phổ thông   , 16/11/2025
VN-7184    , Vietnam Airlines                       , 20:20         , 22:30       , 2h 10m  ,     0,  3499883, TP HCM        , Hải Phòng   , Phổ thông   , 16/11/2025
VJ-280     , VietJet Air                            , 18:15         , 20:15       , 2h 0m   ,     0,  3762095, TP HCM        , Hải Phòng   , Phổ thông   , 16/11/2025
VJ-282     , VietJet Air                            , 20:00         , 22:00       , 2h 0m   ,     0,  3762095, TP HCM        , Hải Phòng   , Phổ thông   , 16/11/2025
VN-6440    , Vietnam Airlines                       , 13:30         , 15:40       , 2h 10m  ,     0,  3889798, TP HCM        , Hải Phòng   , Phổ thông   , 16/11/2025
VJ-646     , VietJet Air                            , 20:45         , 11:40       , 14h 55m ,     1,  1627975, TP HCM        , Hải Phòng   , Phổ thông   , 16/11/2025
N/A        , VietJet Air                            , 18:15         , 11:40       , 17h 25m ,     1,  1627975, TP HCM        , Hải Phòng   , Phổ thông   , 16/11/2025
VJ-646     , VietJet Air                            , 20:45         , 18:30       , 21h 45m ,     1,  1627975, TP HCM        , Hải Phòng   , Phổ thông   , 16/11/2025
VJ-648     , VietJet Air                            , 18:15         , 18:30       , 24h 15m ,     1,  1627975, TP HCM        , Hải Phòng   , Phổ thông   , 16/11/2025
VJ-636     , VietJet Air                            , 23:00         , 11:40       , 12h 40m ,     1,  1884761, TP HCM        , Hải Phòng   , Phổ thông   , 16/11/2025
VJ-636     , VietJet Air                            , 23:00         , 18:30       , 19h 30m ,     1,  1884761, TP HCM        , Hải Phòng   , Phổ thông   , 16/11/2025
VJ-640     , VietJet Air                            , 21:25         , 18:30       , 21h 5m  ,     1,  1884761, TP HCM        , Hải Phòng   , Phổ thông   , 16/11/2025
VJ-646     , VietJet Air                            , 20:40         , 11:40       , 15h 0m  ,     1,  2405449, TP HCM        , Hải Phòng   , Phổ thông   , 16/11/2025
VJ-648     , VietJet Air                            , 18:15         , 11:40       , 17h 25m ,     1,  2405449, TP HCM        , Hải Phòng   , Phổ thông   , 16/11/2025
VJ-646     , VietJet Air                            , 20:40         , 18:30       , 21h 50m ,     1,  2405449, TP HCM        , Hải Phòng   , Phổ thông   , 16/11/2025
VJ-648     , VietJet Air                            , 18:15         , 18:30       , 24h 15m ,     1,  2405449, TP HCM        , Hải Phòng   , Phổ thông   , 16/11/2025
VJ-640     , VietJet Air                            , 21:25         , 11:40       , 14h 15m ,     1,  2530165, TP HCM        , Hải Phòng   , Phổ thông   , 16/11/2025
VJ-640     , VietJet Air                            , 21:25         , 18:30       , 21h 5m  ,     1,  2530165, TP HCM        , Hải Phòng   , Phổ thông   , 16/11/2025
VJ-636     , VietJet Air                            , 23:00         , 11:40       , 12h 40m ,     1,  2627968, TP HCM        , Hải Phòng   , Phổ thông   , 16/11/2025
VJ-636     , VietJet Air                            , 23:00         , 18:30       , 19h 30m ,     1,  2627968, TP HCM        , Hải Phòng   , Phổ thông   , 16/11/2025
VJ-630     , VietJet Air                            , 13:10         , 11:40       , 22h 30m ,     1,  2678605, TP HCM        , Hải Phòng   , Phổ thông   , 16/11/2025
VJ-634     , VietJet Air                            , 11:40         , 11:40       , 24h 0m  ,     1,  2678605, TP HCM        , Hải Phòng   , Phổ thông   , 16/11/2025
VJ-626     , VietJet Air                            , 09:25         , 11:40       , 26h 15m ,     1,  2834861, TP HCM        , Hải Phòng   , Phổ thông   , 16/11/2025
VJ-331     , VietJet Air                            , 15:15         , 16:25       , 25h 10m ,     1,  3108305, TP HCM        , Hải Phòng   , Phổ thông   , 16/11/2025
VJ-600     , VietJet Air                            , 15:40         , 12:05       , 20h 25m ,     1,  3393945, TP HCM        , Hải Phòng   , Phổ thông   , 16/11/2025
VJ-356     , VietJet Air                            , 06:30         , 15:40       , 9h 10m  ,     1,  3781546, TP HCM        , Hải Phòng   , Phổ thông   , 16/11/2025
VN-7136    , Vietnam Airlines                       , 19:35         , 10:45       , 15h 10m ,     1,  5069784, TP HCM        , Hải Phòng   , Phổ thông   , 16/11/2025
VN-136     , Vietnam Airlines                       , 16:15         , 10:45       , 18h 30m ,     1,  5740813, TP HCM        , Hải Phòng   , Phổ thông   , 16/11/2025
N/A        , Vietnam Airlines                       , 20:55         , 10:45       , 13h 50m ,     1,  5978805, TP HCM        , Hải Phòng   , Phổ thông   , 16/11/2025
VN-126     , Vietnam Airlines                       , 11:05         , 10:45       , 23h 40m ,     1,  6229695, TP HCM        , Hải Phòng   , Phổ thông   , 16/11/2025
VN-134     , Vietnam Airlines                       , 15:15         , 10:45       , 19h 30m ,     1,  6231685, TP HCM        , Hải Phòng   , Phổ thông   , 16/11/2025
VN-132     , Vietnam Airlines                       , 13:30         , 10:45       , 21h 15m ,     1,  6231685, TP HCM        , Hải Phòng   , Phổ thông   , 16/11/2025
VN-140     , Vietnam Airlines                       , 16:45         , 10:45       , 18h 0m  ,     1,  6276432, TP HCM        , Hải Phòng   , Phổ thông   , 16/11/2025
VN-7126    , Vietnam Airlines                       , 12:15         , 10:45       , 22h 30m ,     1,  6276432, TP HCM        , Hải Phòng   , Phổ thông   , 16/11/2025
VN-142     , Vietnam Airlines                       , 18:55         , 10:45       , 15h 50m ,     1,  7066490, TP HCM        , Hải Phòng   , Phổ thông   , 16/11/2025
VN-122     , Vietnam Airlines                       , 10:05         , 10:45       , 24h 40m ,     1,  7350961, TP HCM        , Hải Phòng   , Phổ thông   , 16/11/2025
VN-1188    , Vietnam Airlines                       , 22:15         , 00:15       , 2h 0m   ,     0,  3903244, TP HCM        , Hải Phòng   , Thương gia  , 16/11/2025
VN-7184    , Vietnam Airlines                       , 20:20         , 22:30       , 2h 10m  ,     0,  3903244, TP HCM        , Hải Phòng   , Thương gia  , 16/11/2025
VN-1176    , Vietnam Airlines                       , 07:40         , 09:40       , 2h 0m   ,     0,  5517297, TP HCM        , Hải Phòng   , Thương gia  , 16/11/2025
N/A        , Bamboo Airways                         , 08:50         , 10:15       , 1h 25m  ,     0,  1112684, TP HCM        , Đà Nẵng     , Phổ thông   , 13/11/2025
N/A        , Vietravel Airlines                     , 09:00         , 10:20       , 1h 20m  ,     0,   882565, TP HCM        , Đà Nẵng     , Phổ thông   , 13/11/2025
N/A        , VietJet Air                            , 18:15         , 19:35       , 1h 20m  ,     0,   896600, TP HCM        , Đà Nẵng     , Phổ thông   , 13/11/2025
N/A        , VietJet Air                            , 20:45         , 22:05       , 1h 20m  ,     0,   896600, TP HCM        , Đà Nẵng     , Phổ thông   , 13/11/2025
N/A        , Bamboo Airways                         , 06:15         , 07:40       , 1h 25m  ,     0,  1112684, TP HCM        , Đà Nẵng     , Phổ thông   , 13/11/2025
N/A        , VietJet Air                            , 21:25         , 22:45       , 1h 20m  ,     0,  1153386, TP HCM        , Đà Nẵng     , Phổ thông   , 13/11/2025
N/A        , VietJet Air                            , 23:00         , 00:20       , 1h 20m  ,     0,  1153386, TP HCM        , Đà Nẵng     , Phổ thông   , 13/11/2025
N/A        , VietJet Air                            , 07:20         , 08:40       , 1h 20m  ,     0,  1242200, TP HCM        , Đà Nẵng     , Phổ thông   , 13/11/2025
N/A        , VietJet Air                            , 11:40         , 13:00       , 1h 20m  ,     0,  1242200, TP HCM        , Đà Nẵng     , Phổ thông   , 13/11/2025
N/A        , VietJet Air                            , 13:10         , 14:30       , 1h 20m  ,     0,  1242200, TP HCM        , Đà Nẵng     , Phổ thông   , 13/11/2025
N/A        , VietJet Air                            , 09:25         , 10:45       , 1h 20m  ,     0,  1410689, TP HCM        , Đà Nẵng     , Phổ thông   , 13/11/2025
N/A        , Vietnam Airlines                       , 06:05         , 07:25       , 1h 20m  ,     0,  1583347, TP HCM        , Đà Nẵng     , Phổ thông   , 13/11/2025
N/A        , Vietnam Airlines                       , 07:00         , 08:20       , 1h 20m  ,     0,  1710847, TP HCM        , Đà Nẵng     , Phổ thông   , 13/11/2025
N/A        , Vietnam Airlines                       , 19:45         , 21:15       , 1h 30m  ,     0,  1725273, TP HCM        , Đà Nẵng     , Phổ thông   , 13/11/2025
N/A        , Vietnam Airlines                       , 17:15         , 18:30       , 1h 15m  ,     0,  1884114, TP HCM        , Đà Nẵng     , Phổ thông   , 13/11/2025
N/A        , Vietnam Airlines                       , 20:55         , 22:15       , 1h 20m  ,     0,  2007667, TP HCM        , Đà Nẵng     , Phổ thông   , 13/11/2025
N/A        , Vietravel Airlines                     , 19:10         , 20:30       , 1h 20m  ,     0,  2135270, TP HCM        , Đà Nẵng     , Phổ thông   , 13/11/2025
N/A        , Vietnam Airlines                       , 11:05         , 12:20       , 1h 15m  ,     0,  2140361, TP HCM        , Đà Nẵng     , Phổ thông   , 13/11/2025
N/A        , Vietnam Airlines                       , 13:40         , 15:00       , 1h 20m  ,     0,  2140361, TP HCM        , Đà Nẵng     , Phổ thông   , 13/11/2025
N/A        , Vietnam Airlines                       , 15:15         , 16:35       , 1h 20m  ,     0,  2140361, TP HCM        , Đà Nẵng     , Phổ thông   , 13/11/2025
N/A        , Vietnam Airlines                       , 16:45         , 18:05       , 1h 20m  ,     0,  2140361, TP HCM        , Đà Nẵng     , Phổ thông   , 13/11/2025
N/A        , Vietnam Airlines                       , 12:15         , 13:40       , 1h 25m  ,     0,  2140361, TP HCM        , Đà Nẵng     , Phổ thông   , 13/11/2025
N/A        , Vietnam Airlines                       , 08:05         , 09:20       , 1h 15m  ,     0,  2165832, TP HCM        , Đà Nẵng     , Phổ thông   , 13/11/2025
N/A        , Vietnam Airlines                       , 09:05         , 10:25       , 1h 20m  ,     0,  2429568, TP HCM        , Đà Nẵng     , Phổ thông   , 13/11/2025
N/A        , VietJet Air                            , 09:45         , 11:05       , 1h 20m  ,     0,  2459640, TP HCM        , Đà Nẵng     , Phổ thông   , 13/11/2025
N/A        , VietJet Air                            , 14:00         , 15:20       , 1h 20m  ,     0,  2459640, TP HCM        , Đà Nẵng     , Phổ thông   , 13/11/2025
N/A        , Vietnam Airlines                       , 19:00         , 20:20       , 1h 20m  ,     0,  2517480, TP HCM        , Đà Nẵng     , Phổ thông   , 13/11/2025
N/A        , Vietnam Airlines                       , 10:05         , 11:25       , 1h 20m  ,     0,  2583879, TP HCM        , Đà Nẵng     , Phổ thông   , 13/11/2025
N/A        , VietJet Air                            , 20:55         , 13:25       , 16h 30m ,     1,  2814970, TP HCM        , Đà Nẵng     , Phổ thông   , 13/11/2025
N/A        , VietJet Air                            , 23:20         , 11:50       , 12h 30m ,     1,  3016066, TP HCM        , Đà Nẵng     , Phổ thông   , 13/11/2025
N/A        , VietJet Air                            , 23:20         , 14:55       , 15h 35m ,     1,  3016066, TP HCM        , Đà Nẵng     , Phổ thông   , 13/11/2025
N/A        , VietJet Air                            , 07:45         , 13:25       , 5h 40m  ,     1,  3070606, TP HCM        , Đà Nẵng     , Phổ thông   , 13/11/2025
N/A        , VietJet Air                            , 15:55         , 13:25       , 21h 30m ,     1,  3070606, TP HCM        , Đà Nẵng     , Phổ thông   , 13/11/2025
N/A        , VietJet Air                            , 06:15         , 13:25       , 7h 10m  ,     1,  3117898, TP HCM        , Đà Nẵng     , Phổ thông   , 13/11/2025
N/A        , VietJet Air                            , 21:00         , 20:15       , 23h 15m ,     1,  3117898, TP HCM        , Đà Nẵng     , Phổ thông   , 13/11/2025
N/A        , VietJet Air                            , 21:45         , 07:10       , 9h 25m  ,     1,  3128976, TP HCM        , Đà Nẵng     , Phổ thông   , 13/11/2025
N/A        , VietJet Air                            , 23:20         , 07:10       , 7h 50m  ,     1,  3223554, TP HCM        , Đà Nẵng     , Phổ thông   , 13/11/2025
N/A        , VietJet Air                            , 22:45         , 07:10       , 8h 25m  ,     1,  3223554, TP HCM        , Đà Nẵng     , Phổ thông   , 13/11/2025
N/A        , VietJet Air                            , 20:15         , 07:10       , 10h 55m ,     1,  3274901, TP HCM        , Đà Nẵng     , Phổ thông   , 13/11/2025
N/A        , VietJet Air                            , 19:05         , 07:10       , 12h 5m  ,     1,  3387855, TP HCM        , Đà Nẵng     , Phổ thông   , 13/11/2025
N/A        , VietJet Air                            , 21:45         , 11:50       , 14h 5m  ,     1,  3417042, TP HCM        , Đà Nẵng     , Phổ thông   , 13/11/2025
N/A        , VietJet Air                            , 21:45         , 21:35       , 23h 50m ,     1,  3438657, TP HCM        , Đà Nẵng     , Phổ thông   , 13/11/2025
N/A        , VietJet Air                            , 21:45         , 22:10       , 24h 25m ,     1,  3438657, TP HCM        , Đà Nẵng     , Phổ thông   , 13/11/2025
N/A        , VietJet Air                            , 23:20         , 11:50       , 12h 30m ,     1,  3508108, TP HCM        , Đà Nẵng     , Phổ thông   , 13/11/2025
N/A        , VietJet Air                            , 22:45         , 11:50       , 13h 5m  ,     1,  3508108, TP HCM        , Đà Nẵng     , Phổ thông   , 13/11/2025
N/A        , VietJet Air                            , 23:20         , 14:55       , 15h 35m ,     1,  3508108, TP HCM        , Đà Nẵng     , Phổ thông   , 13/11/2025
N/A        , VietJet Air                            , 22:45         , 14:55       , 16h 10m ,     1,  3508108, TP HCM        , Đà Nẵng     , Phổ thông   , 13/11/2025
N/A        , VietJet Air                            , 23:20         , 21:35       , 22h 15m ,     1,  3533780, TP HCM        , Đà Nẵng     , Phổ thông   , 13/11/2025
N/A        , VietJet Air                            , 22:45         , 21:35       , 22h 50m ,     1,  3533780, TP HCM        , Đà Nẵng     , Phổ thông   , 13/11/2025
N/A        , VietJet Air                            , 23:20         , 22:10       , 22h 50m ,     1,  3533780, TP HCM        , Đà Nẵng     , Phổ thông   , 13/11/2025
N/A        , VietJet Air                            , 22:45         , 22:10       , 23h 25m ,     1,  3533780, TP HCM        , Đà Nẵng     , Phổ thông   , 13/11/2025
N/A        , VietJet Air                            , 21:00         , 07:10       , 10h 10m ,     1,  3595661, TP HCM        , Đà Nẵng     , Phổ thông   , 13/11/2025
VJ-182     , VietJet Air                            , 23:20         , 15:40       , 16h 20m ,     1,  3657815, TP HCM        , Đà Nẵng     , Phổ thông   , 13/11/2025
VJ-166     , VietJet Air                            , 18:50         , 07:10       , 12h 20m ,     1,  3741585, TP HCM        , Đà Nẵng     , Phổ thông   , 13/11/2025
VJ-152     , VietJet Air                            , 17:00         , 07:10       , 14h 10m ,     1,  3741585, TP HCM        , Đà Nẵng     , Phổ thông   , 13/11/2025
VJ-174     , VietJet Air                            , 21:45         , 10:50       , 13h 5m  ,     1,  3869132, TP HCM        , Đà Nẵng     , Phổ thông   , 13/11/2025
VJ-182     , VietJet Air                            , 23:20         , 10:50       , 11h 30m ,     1,  3963710, TP HCM        , Đà Nẵng     , Phổ thông   , 13/11/2025
VJ-178     , VietJet Air                            , 22:45         , 10:50       , 12h 5m  ,     1,  3963710, TP HCM        , Đà Nẵng     , Phổ thông   , 13/11/2025
VN-1350    , Vietnam Airlines                       , 19:50         , 20:25       , 24h 35m ,     1,  4394271, TP HCM        , Đà Nẵng     , Phổ thông   , 13/11/2025
VJ-126     , VietJet Air                            , 06:15         , 14:55       , 32h 40m ,     1,  4535937, TP HCM        , Đà Nẵng     , Phổ thông   , 13/11/2025
VN-270     , Vietnam Airlines                       , 23:00         , 07:20       , 8h 20m  ,     1,  5129742, TP HCM        , Đà Nẵng     , Phổ thông   , 13/11/2025
VN-7206    , Vietnam Airlines                       , 22:20         , 07:20       , 9h 0m   ,     1,  5129742, TP HCM        , Đà Nẵng     , Phổ thông   , 13/11/2025
VN-220     , Vietnam Airlines                       , 21:10         , 07:20       , 10h 10m ,     1,  5129742, TP HCM        , Đà Nẵng     , Phổ thông   , 13/11/2025
VN-7204    , Vietnam Airlines                       , 19:20         , 07:20       , 12h 0m  ,     1,  5129742, TP HCM        , Đà Nẵng     , Phổ thông   , 13/11/2025
VN-270     , Vietnam Airlines                       , 23:00         , 22:20       , 23h 20m ,     1,  5129742, TP HCM        , Đà Nẵng     , Phổ thông   , 13/11/2025
VN-7206    , Vietnam Airlines                       , 22:20         , 22:20       , 24h 0m  ,     1,  5129742, TP HCM        , Đà Nẵng     , Phổ thông   , 13/11/2025
VN-220     , Vietnam Airlines                       , 21:10         , 22:20       , 25h 10m ,     1,  5129742, TP HCM        , Đà Nẵng     , Phổ thông   , 13/11/2025
VN-8024    , Vietnam Airlines                       , 18:20         , 08:55       , 14h 35m ,     1,  5427480, TP HCM        , Đà Nẵng     , Phổ thông   , 13/11/2025
VN-1386    , Vietnam Airlines                       , 17:25         , 08:55       , 15h 30m ,     1,  5720576, TP HCM        , Đà Nẵng     , Phổ thông   , 13/11/2025
VN-224     , Vietnam Airlines                       , 22:00         , 07:20       , 9h 20m  ,     1,  6013672, TP HCM        , Đà Nẵng     , Phổ thông   , 13/11/2025
VN-224     , Vietnam Airlines                       , 22:00         , 22:20       , 24h 20m ,     1,  6013672, TP HCM        , Đà Nẵng     , Phổ thông   , 13/11/2025
VJ-347     , VietJet Air                            , 14:15         , 19:55       , 5h 40m  ,     1,  6377391, TP HCM        , Đà Nẵng     , Phổ thông   , 13/11/2025
VN-270     , Vietnam Airlines                       , 23:00         , 09:05       , 10h 5m  ,     1,  7191246, TP HCM        , Đà Nẵng     , Phổ thông   , 13/11/2025
VN-7206    , Vietnam Airlines                       , 22:20         , 09:05       , 10h 45m ,     1,  7191246, TP HCM        , Đà Nẵng     , Phổ thông   , 13/11/2025
VN-220     , Vietnam Airlines                       , 21:10         , 09:05       , 11h 55m ,     1,  7191246, TP HCM        , Đà Nẵng     , Phổ thông   , 13/11/2025
VN-270     , Vietnam Airlines                       , 23:00         , 12:15       , 13h 15m ,     1,  7191246, TP HCM        , Đà Nẵng     , Phổ thông   , 13/11/2025
VN-7204    , Vietnam Airlines                       , 19:20         , 09:05       , 13h 45m ,     1,  7191246, TP HCM        , Đà Nẵng     , Phổ thông   , 13/11/2025
VN-7206    , Vietnam Airlines                       , 22:20         , 12:15       , 13h 55m ,     1,  7191246, TP HCM        , Đà Nẵng     , Phổ thông   , 13/11/2025
VN-220     , Vietnam Airlines                       , 21:10         , 12:15       , 15h 5m  ,     1,  7191246, TP HCM        , Đà Nẵng     , Phổ thông   , 13/11/2025
VN-7204    , Vietnam Airlines                       , 19:20         , 12:15       , 16h 55m ,     1,  7191246, TP HCM        , Đà Nẵng     , Phổ thông   , 13/11/2025
VN-270     , Vietnam Airlines                       , 23:00         , 20:25       , 21h 25m ,     1,  7812371, TP HCM        , Đà Nẵng     , Phổ thông   , 13/11/2025
VN-7206    , Vietnam Airlines                       , 22:20         , 20:25       , 22h 5m  ,     1,  7812371, TP HCM        , Đà Nẵng     , Phổ thông   , 13/11/2025
VN-7204    , Vietnam Airlines                       , 19:20         , 20:25       , 25h 5m  ,     1,  7812371, TP HCM        , Đà Nẵng     , Phổ thông   , 13/11/2025
VN-1188    , Vietnam Airlines                       , 21:40         , 12:40       , 15h 0m  ,     1,  7927264, TP HCM        , Đà Nẵng     , Phổ thông   , 13/11/2025
VN-270     , Vietnam Airlines                       , 23:00         , 09:40       , 10h 40m ,     1,  8075723, TP HCM        , Đà Nẵng     , Phổ thông   , 13/11/2025
VN-224     , Vietnam Airlines                       , 22:00         , 12:15       , 14h 15m ,     1,  8075723, TP HCM        , Đà Nẵng     , Phổ thông   , 13/11/2025
VN-7204    , Vietnam Airlines                       , 19:20         , 09:40       , 14h 20m ,     1,  8109835, TP HCM        , Đà Nẵng     , Phổ thông   , 13/11/2025
VN-260     , Vietnam Airlines                       , 21:00         , 07:20       , 10h 20m ,     1,  8372640, TP HCM        , Đà Nẵng     , Phổ thông   , 13/11/2025
VN-7184    , Vietnam Airlines                       , 20:20         , 12:40       , 16h 20m ,     1,  9469287, TP HCM        , Đà Nẵng     , Phổ thông   , 13/11/2025
VN-1186    , Vietnam Airlines                       , 18:35         , 12:40       , 18h 5m  ,     1,  9469287, TP HCM        , Đà Nẵng     , Phổ thông   , 13/11/2025
QH-154     , Bamboo Airways                         , 08:50         , 10:15       , 1h 25m  ,     0,  4261950, TP HCM        , Đà Nẵng     , Thương gia  , 13/11/2025
VN-106     , Vietnam Airlines                       , 06:05         , 07:25       , 1h 20m  ,     0,  2629826, TP HCM        , Đà Nẵng     , Thương gia  , 13/11/2025
VN-110     , Vietnam Airlines                       , 07:00         , 08:20       , 1h 20m  ,     0,  2629826, TP HCM        , Đà Nẵng     , Thương gia  , 13/11/2025
VN-148     , Vietnam Airlines                       , 20:55         , 22:15       , 1h 20m  ,     0,  2629826, TP HCM        , Đà Nẵng     , Thương gia  , 13/11/2025
VN-142     , Vietnam Airlines                       , 19:00         , 20:20       , 1h 20m  ,     0,  3621969, TP HCM        , Đà Nẵng     , Thương gia  , 13/11/2025
VN-112     , Vietnam Airlines                       , 08:05         , 09:20       , 1h 15m  ,     0,  3635239, TP HCM        , Đà Nẵng     , Thương gia  , 13/11/2025
VN-136     , Vietnam Airlines                       , 17:15         , 18:30       , 1h 15m  ,     0,  3635239, TP HCM        , Đà Nẵng     , Thương gia  , 13/11/2025
VN-118     , Vietnam Airlines                       , 09:05         , 10:25       , 1h 20m  ,     0,  3635239, TP HCM        , Đà Nẵng     , Thương gia  , 13/11/2025
VN-122     , Vietnam Airlines                       , 10:05         , 11:25       , 1h 20m  ,     0,  3635239, TP HCM        , Đà Nẵng     , Thương gia  , 13/11/2025
VN-132     , Vietnam Airlines                       , 13:40         , 15:00       , 1h 20m  ,     0,  3635239, TP HCM        , Đà Nẵng     , Thương gia  , 13/11/2025
VN-134     , Vietnam Airlines                       , 15:15         , 16:35       , 1h 20m  ,     0,  3635239, TP HCM        , Đà Nẵng     , Thương gia  , 13/11/2025
VN-140     , Vietnam Airlines                       , 16:45         , 18:05       , 1h 20m  ,     0,  3635239, TP HCM        , Đà Nẵng     , Thương gia  , 13/11/2025
VN-7126    , Vietnam Airlines                       , 12:15         , 13:40       , 1h 25m  ,     0,  3635239, TP HCM        , Đà Nẵng     , Thương gia  , 13/11/2025
VN-7136    , Vietnam Airlines                       , 19:45         , 21:15       , 1h 30m  ,     0,  3635239, TP HCM        , Đà Nẵng     , Thương gia  , 13/11/2025
QH-150     , Bamboo Airways                         , 06:15         , 07:40       , 1h 25m  ,     0,  4261950, TP HCM        , Đà Nẵng     , Thương gia  , 13/11/2025
QH-154     , Bamboo Airways                         , 08:50         , 10:15       , 1h 25m  ,     0,  4261950, TP HCM        , Đà Nẵng     , Thương gia  , 13/11/2025
QH-154     , Bamboo Airways                         , 08:50         , 10:15       , 1h 25m  ,     0,  1112684, TP HCM        , Đà Nẵng     , Phổ thông   , 14/11/2025
VU-672     , Vietravel Airlines                     , 09:00         , 10:20       , 1h 20m  ,     0,   882565, TP HCM        , Đà Nẵng     , Phổ thông   , 14/11/2025
VJ-648     , VietJet Air                            , 18:15         , 19:35       , 1h 20m  ,     0,   896600, TP HCM        , Đà Nẵng     , Phổ thông   , 14/11/2025
VJ-646     , VietJet Air                            , 20:45         , 22:05       , 1h 20m  ,     0,   896600, TP HCM        , Đà Nẵng     , Phổ thông   , 14/11/2025
QH-150     , Bamboo Airways                         , 06:15         , 07:40       , 1h 25m  ,     0,  1112684, TP HCM        , Đà Nẵng     , Phổ thông   , 14/11/2025
VJ-640     , VietJet Air                            , 21:25         , 22:45       , 1h 20m  ,     0,  1153386, TP HCM        , Đà Nẵng     , Phổ thông   , 14/11/2025
VJ-636     , VietJet Air                            , 23:00         , 00:20       , 1h 20m  ,     0,  1153386, TP HCM        , Đà Nẵng     , Phổ thông   , 14/11/2025
VJ-622     , VietJet Air                            , 07:20         , 08:40       , 1h 20m  ,     0,  1242200, TP HCM        , Đà Nẵng     , Phổ thông   , 14/11/2025
VJ-634     , VietJet Air                            , 11:40         , 13:00       , 1h 20m  ,     0,  1242200, TP HCM        , Đà Nẵng     , Phổ thông   , 14/11/2025
VJ-630     , VietJet Air                            , 13:10         , 14:30       , 1h 20m  ,     0,  1242200, TP HCM        , Đà Nẵng     , Phổ thông   , 14/11/2025
VJ-626     , VietJet Air                            , 09:25         , 10:45       , 1h 20m  ,     0,  1410689, TP HCM        , Đà Nẵng     , Phổ thông   , 14/11/2025
VN-106     , Vietnam Airlines                       , 06:05         , 07:25       , 1h 20m  ,     0,  1583347, TP HCM        , Đà Nẵng     , Phổ thông   , 14/11/2025
VN-110     , Vietnam Airlines                       , 07:00         , 08:20       , 1h 20m  ,     0,  1710847, TP HCM        , Đà Nẵng     , Phổ thông   , 14/11/2025
VN-7136    , Vietnam Airlines                       , 19:45         , 21:15       , 1h 30m  ,     0,  1725273, TP HCM        , Đà Nẵng     , Phổ thông   , 14/11/2025
VN-136     , Vietnam Airlines                       , 17:15         , 18:30       , 1h 15m  ,     0,  1884114, TP HCM        , Đà Nẵng     , Phổ thông   , 14/11/2025
VN-148     , Vietnam Airlines                       , 20:55         , 22:15       , 1h 20m  ,     0,  2007667, TP HCM        , Đà Nẵng     , Phổ thông   , 14/11/2025
VU-684     , Vietravel Airlines                     , 19:10         , 20:30       , 1h 20m  ,     0,  2135270, TP HCM        , Đà Nẵng     , Phổ thông   , 14/11/2025
VN-126     , Vietnam Airlines                       , 11:05         , 12:20       , 1h 15m  ,     0,  2140361, TP HCM        , Đà Nẵng     , Phổ thông   , 14/11/2025
VN-132     , Vietnam Airlines                       , 13:40         , 15:00       , 1h 20m  ,     0,  2140361, TP HCM        , Đà Nẵng     , Phổ thông   , 14/11/2025
VN-134     , Vietnam Airlines                       , 15:15         , 16:35       , 1h 20m  ,     0,  2140361, TP HCM        , Đà Nẵng     , Phổ thông   , 14/11/2025
VN-140     , Vietnam Airlines                       , 16:45         , 18:05       , 1h 20m  ,     0,  2140361, TP HCM        , Đà Nẵng     , Phổ thông   , 14/11/2025
VN-7126    , Vietnam Airlines                       , 12:15         , 13:40       , 1h 25m  ,     0,  2140361, TP HCM        , Đà Nẵng     , Phổ thông   , 14/11/2025
VN-112     , Vietnam Airlines                       , 08:05         , 09:20       , 1h 15m  ,     0,  2165832, TP HCM        , Đà Nẵng     , Phổ thông   , 14/11/2025
VN-118     , Vietnam Airlines                       , 09:05         , 10:25       , 1h 20m  ,     0,  2429568, TP HCM        , Đà Nẵng     , Phổ thông   , 14/11/2025
VJ-628     , VietJet Air                            , 09:45         , 11:05       , 1h 20m  ,     0,  2459640, TP HCM        , Đà Nẵng     , Phổ thông   , 14/11/2025
VJ-632     , VietJet Air                            , 14:00         , 15:20       , 1h 20m  ,     0,  2459640, TP HCM        , Đà Nẵng     , Phổ thông   , 14/11/2025
VN-142     , Vietnam Airlines                       , 19:00         , 20:20       , 1h 20m  ,     0,  2517480, TP HCM        , Đà Nẵng     , Phổ thông   , 14/11/2025
VN-122     , Vietnam Airlines                       , 10:05         , 11:25       , 1h 20m  ,     0,  2583879, TP HCM        , Đà Nẵng     , Phổ thông   , 14/11/2025
VJ-284     , VietJet Air                            , 20:55         , 13:25       , 16h 30m ,     1,  2814970, TP HCM        , Đà Nẵng     , Phổ thông   , 14/11/2025
VJ-182     , VietJet Air                            , 23:20         , 11:50       , 12h 30m ,     1,  3016066, TP HCM        , Đà Nẵng     , Phổ thông   , 14/11/2025
VJ-182     , VietJet Air                            , 23:20         , 14:55       , 15h 35m ,     1,  3016066, TP HCM        , Đà Nẵng     , Phổ thông   , 14/11/2025
VJ-278     , VietJet Air                            , 15:55         , 13:25       , 21h 30m ,     1,  3070606, TP HCM        , Đà Nẵng     , Phổ thông   , 14/11/2025
VJ-270     , VietJet Air                            , 06:15         , 13:25       , 7h 10m  ,     1,  3117898, TP HCM        , Đà Nẵng     , Phổ thông   , 14/11/2025
VJ-284     , VietJet Air                            , 21:00         , 20:15       , 23h 15m ,     1,  3117898, TP HCM        , Đà Nẵng     , Phổ thông   , 14/11/2025
VJ-174     , VietJet Air                            , 21:45         , 07:10       , 9h 25m  ,     1,  3128976, TP HCM        , Đà Nẵng     , Phổ thông   , 14/11/2025
VJ-182     , VietJet Air                            , 23:20         , 07:10       , 7h 50m  ,     1,  3223554, TP HCM        , Đà Nẵng     , Phổ thông   , 14/11/2025
VJ-178     , VietJet Air                            , 22:45         , 07:10       , 8h 25m  ,     1,  3223554, TP HCM        , Đà Nẵng     , Phổ thông   , 14/11/2025
VJ-180     , VietJet Air                            , 20:15         , 07:10       , 10h 55m ,     1,  3274901, TP HCM        , Đà Nẵng     , Phổ thông   , 14/11/2025
VJ-272     , VietJet Air                            , 07:45         , 13:25       , 5h 40m  ,     1,  3380558, TP HCM        , Đà Nẵng     , Phổ thông   , 14/11/2025
VJ-160     , VietJet Air                            , 19:05         , 07:10       , 12h 5m  ,     1,  3387855, TP HCM        , Đà Nẵng     , Phổ thông   , 14/11/2025
VJ-174     , VietJet Air                            , 21:45         , 11:50       , 14h 5m  ,     1,  3417042, TP HCM        , Đà Nẵng     , Phổ thông   , 14/11/2025
VJ-174     , VietJet Air                            , 21:45         , 21:35       , 23h 50m ,     1,  3438657, TP HCM        , Đà Nẵng     , Phổ thông   , 14/11/2025
VJ-174     , VietJet Air                            , 21:45         , 22:10       , 24h 25m ,     1,  3438657, TP HCM        , Đà Nẵng     , Phổ thông   , 14/11/2025
VJ-182     , VietJet Air                            , 23:20         , 11:50       , 12h 30m ,     1,  3508108, TP HCM        , Đà Nẵng     , Phổ thông   , 14/11/2025
VJ-178     , VietJet Air                            , 22:45         , 11:50       , 13h 5m  ,     1,  3508108, TP HCM        , Đà Nẵng     , Phổ thông   , 14/11/2025
VJ-182     , VietJet Air                            , 23:20         , 14:55       , 15h 35m ,     1,  3508108, TP HCM        , Đà Nẵng     , Phổ thông   , 14/11/2025
VJ-178     , VietJet Air                            , 22:45         , 14:55       , 16h 10m ,     1,  3508108, TP HCM        , Đà Nẵng     , Phổ thông   , 14/11/2025
VJ-182     , VietJet Air                            , 23:20         , 21:35       , 22h 15m ,     1,  3533780, TP HCM        , Đà Nẵng     , Phổ thông   , 14/11/2025
VJ-178     , VietJet Air                            , 22:45         , 21:35       , 22h 50m ,     1,  3533780, TP HCM        , Đà Nẵng     , Phổ thông   , 14/11/2025
VJ-182     , VietJet Air                            , 23:20         , 22:10       , 22h 50m ,     1,  3533780, TP HCM        , Đà Nẵng     , Phổ thông   , 14/11/2025
VJ-178     , VietJet Air                            , 22:45         , 22:10       , 23h 25m ,     1,  3533780, TP HCM        , Đà Nẵng     , Phổ thông   , 14/11/2025
VJ-156     , VietJet Air                            , 21:00         , 07:10       , 10h 10m ,     1,  3595661, TP HCM        , Đà Nẵng     , Phổ thông   , 14/11/2025
VJ-182     , VietJet Air                            , 23:20         , 15:40       , 16h 20m ,     1,  3657815, TP HCM        , Đà Nẵng     , Phổ thông   , 14/11/2025
VJ-166     , VietJet Air                            , 18:50         , 07:10       , 12h 20m ,     1,  3741585, TP HCM        , Đà Nẵng     , Phổ thông   , 14/11/2025
VJ-152     , VietJet Air                            , 17:00         , 07:10       , 14h 10m ,     1,  3741585, TP HCM        , Đà Nẵng     , Phổ thông   , 14/11/2025
VJ-182     , VietJet Air                            , 23:20         , 10:50       , 11h 30m ,     1,  3963710, TP HCM        , Đà Nẵng     , Phổ thông   , 14/11/2025
VN-1350    , Vietnam Airlines                       , 19:50         , 20:25       , 24h 35m ,     1,  4394271, TP HCM        , Đà Nẵng     , Phổ thông   , 14/11/2025
VJ-126     , VietJet Air                            , 06:15         , 14:55       , 32h 40m ,     1,  4535937, TP HCM        , Đà Nẵng     , Phổ thông   , 14/11/2025
VN-270     , Vietnam Airlines                       , 23:00         , 07:20       , 8h 20m  ,     1,  5129742, TP HCM        , Đà Nẵng     , Phổ thông   , 14/11/2025
VN-7206    , Vietnam Airlines                       , 22:20         , 07:20       , 9h 0m   ,     1,  5129742, TP HCM        , Đà Nẵng     , Phổ thông   , 14/11/2025
VN-220     , Vietnam Airlines                       , 21:10         , 07:20       , 10h 10m ,     1,  5129742, TP HCM        , Đà Nẵng     , Phổ thông   , 14/11/2025
VN-7204    , Vietnam Airlines                       , 19:20         , 07:20       , 12h 0m  ,     1,  5129742, TP HCM        , Đà Nẵng     , Phổ thông   , 14/11/2025
VN-270     , Vietnam Airlines                       , 23:00         , 22:20       , 23h 20m ,     1,  5129742, TP HCM        , Đà Nẵng     , Phổ thông   , 14/11/2025
VN-7206    , Vietnam Airlines                       , 22:20         , 22:20       , 24h 0m  ,     1,  5129742, TP HCM        , Đà Nẵng     , Phổ thông   , 14/11/2025
VN-220     , Vietnam Airlines                       , 21:10         , 22:20       , 25h 10m ,     1,  5129742, TP HCM        , Đà Nẵng     , Phổ thông   , 14/11/2025
VN-8024    , Vietnam Airlines                       , 18:20         , 08:55       , 14h 35m ,     1,  5427480, TP HCM        , Đà Nẵng     , Phổ thông   , 14/11/2025
VN-1386    , Vietnam Airlines                       , 17:25         , 08:55       , 15h 30m ,     1,  5720576, TP HCM        , Đà Nẵng     , Phổ thông   , 14/11/2025
VN-224     , Vietnam Airlines                       , 22:00         , 07:20       , 9h 20m  ,     1,  6013672, TP HCM        , Đà Nẵng     , Phổ thông   , 14/11/2025
VN-224     , Vietnam Airlines                       , 22:00         , 22:20       , 24h 20m ,     1,  6013672, TP HCM        , Đà Nẵng     , Phổ thông   , 14/11/2025
VN-1188    , Vietnam Airlines                       , 21:40         , 12:40       , 15h 0m  ,     1,  6162406, TP HCM        , Đà Nẵng     , Phổ thông   , 14/11/2025
VN-270     , Vietnam Airlines                       , 23:00         , 09:05       , 10h 5m  ,     1,  7191246, TP HCM        , Đà Nẵng     , Phổ thông   , 14/11/2025
VN-7206    , Vietnam Airlines                       , 22:20         , 09:05       , 10h 45m ,     1,  7191246, TP HCM        , Đà Nẵng     , Phổ thông   , 14/11/2025
VN-220     , Vietnam Airlines                       , 21:10         , 09:05       , 11h 55m ,     1,  7191246, TP HCM        , Đà Nẵng     , Phổ thông   , 14/11/2025
VN-270     , Vietnam Airlines                       , 23:00         , 12:15       , 13h 15m ,     1,  7191246, TP HCM        , Đà Nẵng     , Phổ thông   , 14/11/2025
VN-7204    , Vietnam Airlines                       , 19:20         , 09:05       , 13h 45m ,     1,  7191246, TP HCM        , Đà Nẵng     , Phổ thông   , 14/11/2025
VN-7206    , Vietnam Airlines                       , 22:20         , 12:15       , 13h 55m ,     1,  7191246, TP HCM        , Đà Nẵng     , Phổ thông   , 14/11/2025
VN-220     , Vietnam Airlines                       , 21:10         , 12:15       , 15h 5m  ,     1,  7191246, TP HCM        , Đà Nẵng     , Phổ thông   , 14/11/2025
VN-7204    , Vietnam Airlines                       , 19:20         , 12:15       , 16h 55m ,     1,  7191246, TP HCM        , Đà Nẵng     , Phổ thông   , 14/11/2025
VN-270     , Vietnam Airlines                       , 23:00         , 20:25       , 21h 25m ,     1,  7812371, TP HCM        , Đà Nẵng     , Phổ thông   , 14/11/2025
VN-7206    , Vietnam Airlines                       , 22:20         , 20:25       , 22h 5m  ,     1,  7812371, TP HCM        , Đà Nẵng     , Phổ thông   , 14/11/2025
VN-7204    , Vietnam Airlines                       , 19:20         , 20:25       , 25h 5m  ,     1,  7812371, TP HCM        , Đà Nẵng     , Phổ thông   , 14/11/2025
VN-270     , Vietnam Airlines                       , 23:00         , 09:40       , 10h 40m ,     1,  8075723, TP HCM        , Đà Nẵng     , Phổ thông   , 14/11/2025
VN-224     , Vietnam Airlines                       , 22:00         , 12:15       , 14h 15m ,     1,  8075723, TP HCM        , Đà Nẵng     , Phổ thông   , 14/11/2025
VN-7204    , Vietnam Airlines                       , 19:20         , 09:40       , 14h 20m ,     1,  8109835, TP HCM        , Đà Nẵng     , Phổ thông   , 14/11/2025
VN-260     , Vietnam Airlines                       , 21:00         , 07:20       , 10h 20m ,     1,  8372640, TP HCM        , Đà Nẵng     , Phổ thông   , 14/11/2025
VN-7184    , Vietnam Airlines                       , 20:20         , 12:40       , 16h 20m ,     1,  9469287, TP HCM        , Đà Nẵng     , Phổ thông   , 14/11/2025
VN-1186    , Vietnam Airlines                       , 18:35         , 12:40       , 18h 5m  ,     1,  9469287, TP HCM        , Đà Nẵng     , Phổ thông   , 14/11/2025
QH-154     , Bamboo Airways                         , 08:50         , 10:15       , 1h 25m  ,     0,  4261950, TP HCM        , Đà Nẵng     , Thương gia  , 14/11/2025
VN-106     , Vietnam Airlines                       , 06:05         , 07:25       , 1h 20m  ,     0,  2629826, TP HCM        , Đà Nẵng     , Thương gia  , 14/11/2025
VN-110     , Vietnam Airlines                       , 07:00         , 08:20       , 1h 20m  ,     0,  2629826, TP HCM        , Đà Nẵng     , Thương gia  , 14/11/2025
VN-148     , Vietnam Airlines                       , 20:55         , 22:15       , 1h 20m  ,     0,  2629826, TP HCM        , Đà Nẵng     , Thương gia  , 14/11/2025
VN-142     , Vietnam Airlines                       , 19:00         , 20:20       , 1h 20m  ,     0,  3621969, TP HCM        , Đà Nẵng     , Thương gia  , 14/11/2025
VN-112     , Vietnam Airlines                       , 08:05         , 09:20       , 1h 15m  ,     0,  3635239, TP HCM        , Đà Nẵng     , Thương gia  , 14/11/2025
VN-136     , Vietnam Airlines                       , 17:15         , 18:30       , 1h 15m  ,     0,  3635239, TP HCM        , Đà Nẵng     , Thương gia  , 14/11/2025
VN-118     , Vietnam Airlines                       , 09:05         , 10:25       , 1h 20m  ,     0,  3635239, TP HCM        , Đà Nẵng     , Thương gia  , 14/11/2025
VN-122     , Vietnam Airlines                       , 10:05         , 11:25       , 1h 20m  ,     0,  3635239, TP HCM        , Đà Nẵng     , Thương gia  , 14/11/2025
VN-132     , Vietnam Airlines                       , 13:40         , 15:00       , 1h 20m  ,     0,  3635239, TP HCM        , Đà Nẵng     , Thương gia  , 14/11/2025
VN-134     , Vietnam Airlines                       , 15:15         , 16:35       , 1h 20m  ,     0,  3635239, TP HCM        , Đà Nẵng     , Thương gia  , 14/11/2025
VN-140     , Vietnam Airlines                       , 16:45         , 18:05       , 1h 20m  ,     0,  3635239, TP HCM        , Đà Nẵng     , Thương gia  , 14/11/2025
VN-7126    , Vietnam Airlines                       , 12:15         , 13:40       , 1h 25m  ,     0,  3635239, TP HCM        , Đà Nẵng     , Thương gia  , 14/11/2025
VN-7136    , Vietnam Airlines                       , 19:45         , 21:15       , 1h 30m  ,     0,  3635239, TP HCM        , Đà Nẵng     , Thương gia  , 14/11/2025
QH-150     , Bamboo Airways                         , 06:15         , 07:40       , 1h 25m  ,     0,  4261950, TP HCM        , Đà Nẵng     , Thương gia  , 14/11/2025
QH-154     , Bamboo Airways                         , 08:50         , 10:15       , 1h 25m  ,     0,  4261950, TP HCM        , Đà Nẵng     , Thương gia  , 14/11/2025
QH-154     , Bamboo Airways                         , 08:50         , 10:15       , 1h 25m  ,     0,  1112684, TP HCM        , Đà Nẵng     , Phổ thông   , 15/11/2025
VU-672     , Vietravel Airlines                     , 09:00         , 10:20       , 1h 20m  ,     0,   882565, TP HCM        , Đà Nẵng     , Phổ thông   , 15/11/2025
VJ-648     , VietJet Air                            , 18:15         , 19:35       , 1h 20m  ,     0,   896600, TP HCM        , Đà Nẵng     , Phổ thông   , 15/11/2025
VJ-646     , VietJet Air                            , 20:45         , 22:05       , 1h 20m  ,     0,   896600, TP HCM        , Đà Nẵng     , Phổ thông   , 15/11/2025
QH-150     , Bamboo Airways                         , 06:15         , 07:40       , 1h 25m  ,     0,  1112684, TP HCM        , Đà Nẵng     , Phổ thông   , 15/11/2025
VJ-640     , VietJet Air                            , 21:25         , 22:45       , 1h 20m  ,     0,  1153386, TP HCM        , Đà Nẵng     , Phổ thông   , 15/11/2025
VJ-636     , VietJet Air                            , 23:00         , 00:20       , 1h 20m  ,     0,  1153386, TP HCM        , Đà Nẵng     , Phổ thông   , 15/11/2025
VJ-622     , VietJet Air                            , 07:20         , 08:40       , 1h 20m  ,     0,  1242200, TP HCM        , Đà Nẵng     , Phổ thông   , 15/11/2025
VJ-634     , VietJet Air                            , 11:40         , 13:00       , 1h 20m  ,     0,  1242200, TP HCM        , Đà Nẵng     , Phổ thông   , 15/11/2025
VJ-630     , VietJet Air                            , 13:10         , 14:30       , 1h 20m  ,     0,  1242200, TP HCM        , Đà Nẵng     , Phổ thông   , 15/11/2025
VJ-626     , VietJet Air                            , 09:25         , 10:45       , 1h 20m  ,     0,  1410689, TP HCM        , Đà Nẵng     , Phổ thông   , 15/11/2025
VN-106     , Vietnam Airlines                       , 06:05         , 07:25       , 1h 20m  ,     0,  1583347, TP HCM        , Đà Nẵng     , Phổ thông   , 15/11/2025
VN-110     , Vietnam Airlines                       , 07:00         , 08:20       , 1h 20m  ,     0,  1710847, TP HCM        , Đà Nẵng     , Phổ thông   , 15/11/2025
VN-7136    , Vietnam Airlines                       , 19:45         , 21:15       , 1h 30m  ,     0,  1725273, TP HCM        , Đà Nẵng     , Phổ thông   , 15/11/2025
VN-136     , Vietnam Airlines                       , 17:15         , 18:30       , 1h 15m  ,     0,  1882850, TP HCM        , Đà Nẵng     , Phổ thông   , 15/11/2025
VN-148     , Vietnam Airlines                       , 20:55         , 22:15       , 1h 20m  ,     0,  2007667, TP HCM        , Đà Nẵng     , Phổ thông   , 15/11/2025
VN-7126    , Vietnam Airlines                       , 12:15         , 13:40       , 1h 25m  ,     0,  2038979, TP HCM        , Đà Nẵng     , Phổ thông   , 15/11/2025
VU-684     , Vietravel Airlines                     , 19:10         , 20:30       , 1h 20m  ,     0,  2135270, TP HCM        , Đà Nẵng     , Phổ thông   , 15/11/2025
VN-126     , Vietnam Airlines                       , 11:05         , 12:20       , 1h 15m  ,     0,  2140361, TP HCM        , Đà Nẵng     , Phổ thông   , 15/11/2025
VN-132     , Vietnam Airlines                       , 13:40         , 15:00       , 1h 20m  ,     0,  2140361, TP HCM        , Đà Nẵng     , Phổ thông   , 15/11/2025
VN-134     , Vietnam Airlines                       , 15:15         , 16:35       , 1h 20m  ,     0,  2140361, TP HCM        , Đà Nẵng     , Phổ thông   , 15/11/2025
VN-140     , Vietnam Airlines                       , 16:45         , 18:05       , 1h 20m  ,     0,  2140361, TP HCM        , Đà Nẵng     , Phổ thông   , 15/11/2025
VN-112     , Vietnam Airlines                       , 08:05         , 09:20       , 1h 15m  ,     0,  2165832, TP HCM        , Đà Nẵng     , Phổ thông   , 15/11/2025
VN-118     , Vietnam Airlines                       , 09:05         , 10:25       , 1h 20m  ,     0,  2429568, TP HCM        , Đà Nẵng     , Phổ thông   , 15/11/2025
VJ-628     , VietJet Air                            , 09:45         , 11:05       , 1h 20m  ,     0,  2459640, TP HCM        , Đà Nẵng     , Phổ thông   , 15/11/2025
VJ-632     , VietJet Air                            , 14:00         , 15:20       , 1h 20m  ,     0,  2459640, TP HCM        , Đà Nẵng     , Phổ thông   , 15/11/2025
VN-142     , Vietnam Airlines                       , 19:00         , 20:20       , 1h 20m  ,     0,  2517480, TP HCM        , Đà Nẵng     , Phổ thông   , 15/11/2025
VN-122     , Vietnam Airlines                       , 10:05         , 11:25       , 1h 20m  ,     0,  2583879, TP HCM        , Đà Nẵng     , Phổ thông   , 15/11/2025
VJ-284     , VietJet Air                            , 20:55         , 13:25       , 16h 30m ,     1,  2814970, TP HCM        , Đà Nẵng     , Phổ thông   , 15/11/2025
VJ-182     , VietJet Air                            , 23:20         , 11:50       , 12h 30m ,     1,  3016066, TP HCM        , Đà Nẵng     , Phổ thông   , 15/11/2025
VJ-182     , VietJet Air                            , 23:20         , 14:55       , 15h 35m ,     1,  3016066, TP HCM        , Đà Nẵng     , Phổ thông   , 15/11/2025
VJ-278     , VietJet Air                            , 15:55         , 13:25       , 21h 30m ,     1,  3070606, TP HCM        , Đà Nẵng     , Phổ thông   , 15/11/2025
VJ-270     , VietJet Air                            , 06:15         , 13:25       , 7h 10m  ,     1,  3117898, TP HCM        , Đà Nẵng     , Phổ thông   , 15/11/2025
VJ-284     , VietJet Air                            , 21:00         , 20:15       , 23h 15m ,     1,  3117898, TP HCM        , Đà Nẵng     , Phổ thông   , 15/11/2025
VJ-174     , VietJet Air                            , 21:45         , 07:10       , 9h 25m  ,     1,  3128976, TP HCM        , Đà Nẵng     , Phổ thông   , 15/11/2025
VJ-182     , VietJet Air                            , 23:20         , 07:10       , 7h 50m  ,     1,  3223554, TP HCM        , Đà Nẵng     , Phổ thông   , 15/11/2025
VJ-178     , VietJet Air                            , 22:45         , 07:10       , 8h 25m  ,     1,  3223554, TP HCM        , Đà Nẵng     , Phổ thông   , 15/11/2025
VJ-180     , VietJet Air                            , 20:15         , 07:10       , 10h 55m ,     1,  3274901, TP HCM        , Đà Nẵng     , Phổ thông   , 15/11/2025
VJ-272     , VietJet Air                            , 07:45         , 13:25       , 5h 40m  ,     1,  3380558, TP HCM        , Đà Nẵng     , Phổ thông   , 15/11/2025
VJ-160     , VietJet Air                            , 19:05         , 07:10       , 12h 5m  ,     1,  3387855, TP HCM        , Đà Nẵng     , Phổ thông   , 15/11/2025
VJ-174     , VietJet Air                            , 21:45         , 11:50       , 14h 5m  ,     1,  3417042, TP HCM        , Đà Nẵng     , Phổ thông   , 15/11/2025
VJ-174     , VietJet Air                            , 21:45         , 21:35       , 23h 50m ,     1,  3438657, TP HCM        , Đà Nẵng     , Phổ thông   , 15/11/2025
VJ-174     , VietJet Air                            , 21:45         , 22:10       , 24h 25m ,     1,  3438657, TP HCM        , Đà Nẵng     , Phổ thông   , 15/11/2025
VJ-182     , VietJet Air                            , 23:20         , 11:50       , 12h 30m ,     1,  3508108, TP HCM        , Đà Nẵng     , Phổ thông   , 15/11/2025
VJ-178     , VietJet Air                            , 22:45         , 11:50       , 13h 5m  ,     1,  3508108, TP HCM        , Đà Nẵng     , Phổ thông   , 15/11/2025
VJ-182     , VietJet Air                            , 23:20         , 14:55       , 15h 35m ,     1,  3508108, TP HCM        , Đà Nẵng     , Phổ thông   , 15/11/2025
VJ-178     , VietJet Air                            , 22:45         , 14:55       , 16h 10m ,     1,  3508108, TP HCM        , Đà Nẵng     , Phổ thông   , 15/11/2025
VJ-182     , VietJet Air                            , 23:20         , 21:35       , 22h 15m ,     1,  3533780, TP HCM        , Đà Nẵng     , Phổ thông   , 15/11/2025
VJ-178     , VietJet Air                            , 22:45         , 21:35       , 22h 50m ,     1,  3533780, TP HCM        , Đà Nẵng     , Phổ thông   , 15/11/2025
VJ-182     , VietJet Air                            , 23:20         , 22:10       , 22h 50m ,     1,  3533780, TP HCM        , Đà Nẵng     , Phổ thông   , 15/11/2025
VJ-178     , VietJet Air                            , 22:45         , 22:10       , 23h 25m ,     1,  3533780, TP HCM        , Đà Nẵng     , Phổ thông   , 15/11/2025
VJ-156     , VietJet Air                            , 21:00         , 07:10       , 10h 10m ,     1,  3595661, TP HCM        , Đà Nẵng     , Phổ thông   , 15/11/2025
VJ-182     , VietJet Air                            , 23:20         , 15:40       , 16h 20m ,     1,  3657815, TP HCM        , Đà Nẵng     , Phổ thông   , 15/11/2025
VJ-166     , VietJet Air                            , 18:50         , 07:10       , 12h 20m ,     1,  3741585, TP HCM        , Đà Nẵng     , Phổ thông   , 15/11/2025
VJ-152     , VietJet Air                            , 17:00         , 07:10       , 14h 10m ,     1,  3741585, TP HCM        , Đà Nẵng     , Phổ thông   , 15/11/2025
VJ-182     , VietJet Air                            , 23:20         , 10:50       , 11h 30m ,     1,  3963710, TP HCM        , Đà Nẵng     , Phổ thông   , 15/11/2025
VN-1350    , Vietnam Airlines                       , 19:50         , 20:25       , 24h 35m ,     1,  4394271, TP HCM        , Đà Nẵng     , Phổ thông   , 15/11/2025
VJ-126     , VietJet Air                            , 06:15         , 14:55       , 32h 40m ,     1,  4535937, TP HCM        , Đà Nẵng     , Phổ thông   , 15/11/2025
VN-270     , Vietnam Airlines                       , 23:00         , 07:20       , 8h 20m  ,     1,  5129742, TP HCM        , Đà Nẵng     , Phổ thông   , 15/11/2025
VN-7206    , Vietnam Airlines                       , 22:20         , 07:20       , 9h 0m   ,     1,  5129742, TP HCM        , Đà Nẵng     , Phổ thông   , 15/11/2025
VN-220     , Vietnam Airlines                       , 21:10         , 07:20       , 10h 10m ,     1,  5129742, TP HCM        , Đà Nẵng     , Phổ thông   , 15/11/2025
VN-7204    , Vietnam Airlines                       , 19:20         , 07:20       , 12h 0m  ,     1,  5129742, TP HCM        , Đà Nẵng     , Phổ thông   , 15/11/2025
VN-270     , Vietnam Airlines                       , 23:00         , 22:20       , 23h 20m ,     1,  5129742, TP HCM        , Đà Nẵng     , Phổ thông   , 15/11/2025
VN-7206    , Vietnam Airlines                       , 22:20         , 22:20       , 24h 0m  ,     1,  5129742, TP HCM        , Đà Nẵng     , Phổ thông   , 15/11/2025
VN-220     , Vietnam Airlines                       , 21:10         , 22:20       , 25h 10m ,     1,  5129742, TP HCM        , Đà Nẵng     , Phổ thông   , 15/11/2025
VN-8024    , Vietnam Airlines                       , 18:20         , 08:55       , 14h 35m ,     1,  5427480, TP HCM        , Đà Nẵng     , Phổ thông   , 15/11/2025
VN-1386    , Vietnam Airlines                       , 17:25         , 08:55       , 15h 30m ,     1,  5720576, TP HCM        , Đà Nẵng     , Phổ thông   , 15/11/2025
VN-224     , Vietnam Airlines                       , 22:00         , 07:20       , 9h 20m  ,     1,  6013672, TP HCM        , Đà Nẵng     , Phổ thông   , 15/11/2025
VN-224     , Vietnam Airlines                       , 22:00         , 22:20       , 24h 20m ,     1,  6013672, TP HCM        , Đà Nẵng     , Phổ thông   , 15/11/2025
VN-1188    , Vietnam Airlines                       , 21:40         , 12:40       , 15h 0m  ,     1,  6162406, TP HCM        , Đà Nẵng     , Phổ thông   , 15/11/2025
VN-270     , Vietnam Airlines                       , 23:00         , 09:05       , 10h 5m  ,     1,  7191246, TP HCM        , Đà Nẵng     , Phổ thông   , 15/11/2025
VN-7206    , Vietnam Airlines                       , 22:20         , 09:05       , 10h 45m ,     1,  7191246, TP HCM        , Đà Nẵng     , Phổ thông   , 15/11/2025
VN-220     , Vietnam Airlines                       , 21:10         , 09:05       , 11h 55m ,     1,  7191246, TP HCM        , Đà Nẵng     , Phổ thông   , 15/11/2025
VN-270     , Vietnam Airlines                       , 23:00         , 12:15       , 13h 15m ,     1,  7191246, TP HCM        , Đà Nẵng     , Phổ thông   , 15/11/2025
VN-7204    , Vietnam Airlines                       , 19:20         , 09:05       , 13h 45m ,     1,  7191246, TP HCM        , Đà Nẵng     , Phổ thông   , 15/11/2025
VN-7206    , Vietnam Airlines                       , 22:20         , 12:15       , 13h 55m ,     1,  7191246, TP HCM        , Đà Nẵng     , Phổ thông   , 15/11/2025
VN-220     , Vietnam Airlines                       , 21:10         , 12:15       , 15h 5m  ,     1,  7191246, TP HCM        , Đà Nẵng     , Phổ thông   , 15/11/2025
VN-7204    , Vietnam Airlines                       , 19:20         , 12:15       , 16h 55m ,     1,  7191246, TP HCM        , Đà Nẵng     , Phổ thông   , 15/11/2025
VN-270     , Vietnam Airlines                       , 23:00         , 20:25       , 21h 25m ,     1,  7812371, TP HCM        , Đà Nẵng     , Phổ thông   , 15/11/2025
VN-7206    , Vietnam Airlines                       , 22:20         , 20:25       , 22h 5m  ,     1,  7812371, TP HCM        , Đà Nẵng     , Phổ thông   , 15/11/2025
VN-7204    , Vietnam Airlines                       , 19:20         , 20:25       , 25h 5m  ,     1,  7812371, TP HCM        , Đà Nẵng     , Phổ thông   , 15/11/2025
VN-270     , Vietnam Airlines                       , 23:00         , 09:40       , 10h 40m ,     1,  8075723, TP HCM        , Đà Nẵng     , Phổ thông   , 15/11/2025
VN-224     , Vietnam Airlines                       , 22:00         , 12:15       , 14h 15m ,     1,  8075723, TP HCM        , Đà Nẵng     , Phổ thông   , 15/11/2025
VN-7204    , Vietnam Airlines                       , 19:20         , 09:40       , 14h 20m ,     1,  8109835, TP HCM        , Đà Nẵng     , Phổ thông   , 15/11/2025
VN-260     , Vietnam Airlines                       , 21:00         , 07:20       , 10h 20m ,     1,  8372640, TP HCM        , Đà Nẵng     , Phổ thông   , 15/11/2025
VN-7184    , Vietnam Airlines                       , 20:20         , 12:40       , 16h 20m ,     1,  9469287, TP HCM        , Đà Nẵng     , Phổ thông   , 15/11/2025
VN-1186    , Vietnam Airlines                       , 18:35         , 12:40       , 18h 5m  ,     1,  9469287, TP HCM        , Đà Nẵng     , Phổ thông   , 15/11/2025
QH-154     , Bamboo Airways                         , 08:50         , 10:15       , 1h 25m  ,     0,  4261950, TP HCM        , Đà Nẵng     , Thương gia  , 15/11/2025
VN-106     , Vietnam Airlines                       , 06:05         , 07:25       , 1h 20m  ,     0,  2629826, TP HCM        , Đà Nẵng     , Thương gia  , 15/11/2025
VN-110     , Vietnam Airlines                       , 07:00         , 08:20       , 1h 20m  ,     0,  2629826, TP HCM        , Đà Nẵng     , Thương gia  , 15/11/2025
VN-148     , Vietnam Airlines                       , 20:55         , 22:15       , 1h 20m  ,     0,  2629826, TP HCM        , Đà Nẵng     , Thương gia  , 15/11/2025
VN-142     , Vietnam Airlines                       , 19:00         , 20:20       , 1h 20m  ,     0,  3621969, TP HCM        , Đà Nẵng     , Thương gia  , 15/11/2025
VN-112     , Vietnam Airlines                       , 08:05         , 09:20       , 1h 15m  ,     0,  3635239, TP HCM        , Đà Nẵng     , Thương gia  , 15/11/2025
VN-136     , Vietnam Airlines                       , 17:15         , 18:30       , 1h 15m  ,     0,  3635239, TP HCM        , Đà Nẵng     , Thương gia  , 15/11/2025
VN-118     , Vietnam Airlines                       , 09:05         , 10:25       , 1h 20m  ,     0,  3635239, TP HCM        , Đà Nẵng     , Thương gia  , 15/11/2025
VN-122     , Vietnam Airlines                       , 10:05         , 11:25       , 1h 20m  ,     0,  3635239, TP HCM        , Đà Nẵng     , Thương gia  , 15/11/2025
VN-132     , Vietnam Airlines                       , 13:40         , 15:00       , 1h 20m  ,     0,  3635239, TP HCM        , Đà Nẵng     , Thương gia  , 15/11/2025
VN-134     , Vietnam Airlines                       , 15:15         , 16:35       , 1h 20m  ,     0,  3635239, TP HCM        , Đà Nẵng     , Thương gia  , 15/11/2025
VN-140     , Vietnam Airlines                       , 16:45         , 18:05       , 1h 20m  ,     0,  3635239, TP HCM        , Đà Nẵng     , Thương gia  , 15/11/2025
VN-7126    , Vietnam Airlines                       , 12:15         , 13:40       , 1h 25m  ,     0,  3635239, TP HCM        , Đà Nẵng     , Thương gia  , 15/11/2025
VN-7136    , Vietnam Airlines                       , 19:45         , 21:15       , 1h 30m  ,     0,  3635239, TP HCM        , Đà Nẵng     , Thương gia  , 15/11/2025
QH-150     , Bamboo Airways                         , 06:15         , 07:40       , 1h 25m  ,     0,  4261950, TP HCM        , Đà Nẵng     , Thương gia  , 15/11/2025
QH-154     , Bamboo Airways                         , 08:50         , 10:15       , 1h 25m  ,     0,  4261950, TP HCM        , Đà Nẵng     , Thương gia  , 15/11/2025
QH-154     , Bamboo Airways                         , 08:50         , 10:15       , 1h 25m  ,     0,  1112684, TP HCM        , Đà Nẵng     , Phổ thông   , 16/11/2025
VU-672     , Vietravel Airlines                     , 09:00         , 10:20       , 1h 20m  ,     0,   882565, TP HCM        , Đà Nẵng     , Phổ thông   , 16/11/2025
VJ-648     , VietJet Air                            , 18:15         , 19:35       , 1h 20m  ,     0,   896600, TP HCM        , Đà Nẵng     , Phổ thông   , 16/11/2025
VJ-646     , VietJet Air                            , 20:45         , 22:05       , 1h 20m  ,     0,   896600, TP HCM        , Đà Nẵng     , Phổ thông   , 16/11/2025
QH-150     , Bamboo Airways                         , 06:15         , 07:40       , 1h 25m  ,     0,  1112684, TP HCM        , Đà Nẵng     , Phổ thông   , 16/11/2025
VJ-640     , VietJet Air                            , 21:25         , 22:45       , 1h 20m  ,     0,  1153386, TP HCM        , Đà Nẵng     , Phổ thông   , 16/11/2025
VJ-636     , VietJet Air                            , 23:00         , 00:20       , 1h 20m  ,     0,  1153386, TP HCM        , Đà Nẵng     , Phổ thông   , 16/11/2025
VJ-622     , VietJet Air                            , 07:20         , 08:40       , 1h 20m  ,     0,  1242200, TP HCM        , Đà Nẵng     , Phổ thông   , 16/11/2025
VJ-634     , VietJet Air                            , 11:40         , 13:00       , 1h 20m  ,     0,  1242200, TP HCM        , Đà Nẵng     , Phổ thông   , 16/11/2025
VJ-630     , VietJet Air                            , 13:10         , 14:30       , 1h 20m  ,     0,  1242200, TP HCM        , Đà Nẵng     , Phổ thông   , 16/11/2025
VJ-626     , VietJet Air                            , 09:25         , 10:45       , 1h 20m  ,     0,  1410689, TP HCM        , Đà Nẵng     , Phổ thông   , 16/11/2025
VN-106     , Vietnam Airlines                       , 06:05         , 07:25       , 1h 20m  ,     0,  1583347, TP HCM        , Đà Nẵng     , Phổ thông   , 16/11/2025
VN-110     , Vietnam Airlines                       , 07:00         , 08:20       , 1h 20m  ,     0,  1710847, TP HCM        , Đà Nẵng     , Phổ thông   , 16/11/2025
VN-7136    , Vietnam Airlines                       , 19:45         , 21:15       , 1h 30m  ,     0,  1725273, TP HCM        , Đà Nẵng     , Phổ thông   , 16/11/2025
VN-136     , Vietnam Airlines                       , 17:15         , 18:30       , 1h 15m  ,     0,  1882850, TP HCM        , Đà Nẵng     , Phổ thông   , 16/11/2025
VN-148     , Vietnam Airlines                       , 20:55         , 22:15       , 1h 20m  ,     0,  2007667, TP HCM        , Đà Nẵng     , Phổ thông   , 16/11/2025
VN-7126    , Vietnam Airlines                       , 12:15         , 13:40       , 1h 25m  ,     0,  2038979, TP HCM        , Đà Nẵng     , Phổ thông   , 16/11/2025
VU-684     , Vietravel Airlines                     , 19:10         , 20:30       , 1h 20m  ,     0,  2135270, TP HCM        , Đà Nẵng     , Phổ thông   , 16/11/2025
VN-126     , Vietnam Airlines                       , 11:05         , 12:20       , 1h 15m  ,     0,  2140361, TP HCM        , Đà Nẵng     , Phổ thông   , 16/11/2025
VN-132     , Vietnam Airlines                       , 13:40         , 15:00       , 1h 20m  ,     0,  2140361, TP HCM        , Đà Nẵng     , Phổ thông   , 16/11/2025
VN-134     , Vietnam Airlines                       , 15:15         , 16:35       , 1h 20m  ,     0,  2140361, TP HCM        , Đà Nẵng     , Phổ thông   , 16/11/2025
VN-140     , Vietnam Airlines                       , 16:45         , 18:05       , 1h 20m  ,     0,  2140361, TP HCM        , Đà Nẵng     , Phổ thông   , 16/11/2025
VN-112     , Vietnam Airlines                       , 08:05         , 09:20       , 1h 15m  ,     0,  2165832, TP HCM        , Đà Nẵng     , Phổ thông   , 16/11/2025
VN-118     , Vietnam Airlines                       , 09:05         , 10:25       , 1h 20m  ,     0,  2429568, TP HCM        , Đà Nẵng     , Phổ thông   , 16/11/2025
VJ-628     , VietJet Air                            , 09:45         , 11:05       , 1h 20m  ,     0,  2459640, TP HCM        , Đà Nẵng     , Phổ thông   , 16/11/2025
VJ-632     , VietJet Air                            , 14:00         , 15:20       , 1h 20m  ,     0,  2459640, TP HCM        , Đà Nẵng     , Phổ thông   , 16/11/2025
VN-142     , Vietnam Airlines                       , 19:00         , 20:20       , 1h 20m  ,     0,  2517480, TP HCM        , Đà Nẵng     , Phổ thông   , 16/11/2025
VN-122     , Vietnam Airlines                       , 10:05         , 11:25       , 1h 20m  ,     0,  2583879, TP HCM        , Đà Nẵng     , Phổ thông   , 16/11/2025
VJ-284     , VietJet Air                            , 20:55         , 13:25       , 16h 30m ,     1,  2814970, TP HCM        , Đà Nẵng     , Phổ thông   , 16/11/2025
VJ-182     , VietJet Air                            , 23:20         , 11:50       , 12h 30m ,     1,  3016066, TP HCM        , Đà Nẵng     , Phổ thông   , 16/11/2025
VJ-182     , VietJet Air                            , 23:20         , 14:55       , 15h 35m ,     1,  3016066, TP HCM        , Đà Nẵng     , Phổ thông   , 16/11/2025
VJ-278     , VietJet Air                            , 15:55         , 13:25       , 21h 30m ,     1,  3070606, TP HCM        , Đà Nẵng     , Phổ thông   , 16/11/2025
VJ-270     , VietJet Air                            , 06:15         , 13:25       , 7h 10m  ,     1,  3117898, TP HCM        , Đà Nẵng     , Phổ thông   , 16/11/2025
VJ-284     , VietJet Air                            , 21:00         , 20:15       , 23h 15m ,     1,  3117898, TP HCM        , Đà Nẵng     , Phổ thông   , 16/11/2025
VJ-174     , VietJet Air                            , 21:45         , 07:10       , 9h 25m  ,     1,  3128976, TP HCM        , Đà Nẵng     , Phổ thông   , 16/11/2025
VJ-182     , VietJet Air                            , 23:20         , 07:10       , 7h 50m  ,     1,  3223554, TP HCM        , Đà Nẵng     , Phổ thông   , 16/11/2025
VJ-178     , VietJet Air                            , 22:45         , 07:10       , 8h 25m  ,     1,  3223554, TP HCM        , Đà Nẵng     , Phổ thông   , 16/11/2025
VJ-180     , VietJet Air                            , 20:15         , 07:10       , 10h 55m ,     1,  3274901, TP HCM        , Đà Nẵng     , Phổ thông   , 16/11/2025
VJ-272     , VietJet Air                            , 07:45         , 13:25       , 5h 40m  ,     1,  3380558, TP HCM        , Đà Nẵng     , Phổ thông   , 16/11/2025
VJ-160     , VietJet Air                            , 19:05         , 07:10       , 12h 5m  ,     1,  3387855, TP HCM        , Đà Nẵng     , Phổ thông   , 16/11/2025
VJ-174     , VietJet Air                            , 21:45         , 11:50       , 14h 5m  ,     1,  3417042, TP HCM        , Đà Nẵng     , Phổ thông   , 16/11/2025
VJ-174     , VietJet Air                            , 21:45         , 21:35       , 23h 50m ,     1,  3438657, TP HCM        , Đà Nẵng     , Phổ thông   , 16/11/2025
VJ-174     , VietJet Air                            , 21:45         , 22:10       , 24h 25m ,     1,  3438657, TP HCM        , Đà Nẵng     , Phổ thông   , 16/11/2025
VJ-182     , VietJet Air                            , 23:20         , 11:50       , 12h 30m ,     1,  3508108, TP HCM        , Đà Nẵng     , Phổ thông   , 16/11/2025
VJ-178     , VietJet Air                            , 22:45         , 11:50       , 13h 5m  ,     1,  3508108, TP HCM        , Đà Nẵng     , Phổ thông   , 16/11/2025
VJ-182     , VietJet Air                            , 23:20         , 14:55       , 15h 35m ,     1,  3508108, TP HCM        , Đà Nẵng     , Phổ thông   , 16/11/2025
VJ-178     , VietJet Air                            , 22:45         , 14:55       , 16h 10m ,     1,  3508108, TP HCM        , Đà Nẵng     , Phổ thông   , 16/11/2025
VJ-182     , VietJet Air                            , 23:20         , 21:35       , 22h 15m ,     1,  3533780, TP HCM        , Đà Nẵng     , Phổ thông   , 16/11/2025
VJ-178     , VietJet Air                            , 22:45         , 21:35       , 22h 50m ,     1,  3533780, TP HCM        , Đà Nẵng     , Phổ thông   , 16/11/2025
VJ-182     , VietJet Air                            , 23:20         , 22:10       , 22h 50m ,     1,  3533780, TP HCM        , Đà Nẵng     , Phổ thông   , 16/11/2025
VJ-178     , VietJet Air                            , 22:45         , 22:10       , 23h 25m ,     1,  3533780, TP HCM        , Đà Nẵng     , Phổ thông   , 16/11/2025
VJ-156     , VietJet Air                            , 21:00         , 07:10       , 10h 10m ,     1,  3595661, TP HCM        , Đà Nẵng     , Phổ thông   , 16/11/2025
VJ-182     , VietJet Air                            , 23:20         , 15:40       , 16h 20m ,     1,  3657815, TP HCM        , Đà Nẵng     , Phổ thông   , 16/11/2025
VJ-166     , VietJet Air                            , 18:50         , 07:10       , 12h 20m ,     1,  3741585, TP HCM        , Đà Nẵng     , Phổ thông   , 16/11/2025
VJ-152     , VietJet Air                            , 17:00         , 07:10       , 14h 10m ,     1,  3741585, TP HCM        , Đà Nẵng     , Phổ thông   , 16/11/2025
VJ-182     , VietJet Air                            , 23:20         , 10:50       , 11h 30m ,     1,  3963710, TP HCM        , Đà Nẵng     , Phổ thông   , 16/11/2025
VN-1350    , Vietnam Airlines                       , 19:50         , 20:25       , 24h 35m ,     1,  4394271, TP HCM        , Đà Nẵng     , Phổ thông   , 16/11/2025
VJ-126     , VietJet Air                            , 06:15         , 14:55       , 32h 40m ,     1,  4537052, TP HCM        , Đà Nẵng     , Phổ thông   , 16/11/2025
VN-270     , Vietnam Airlines                       , 23:00         , 07:20       , 8h 20m  ,     1,  5129742, TP HCM        , Đà Nẵng     , Phổ thông   , 16/11/2025
VN-7206    , Vietnam Airlines                       , 22:20         , 07:20       , 9h 0m   ,     1,  5129742, TP HCM        , Đà Nẵng     , Phổ thông   , 16/11/2025
VN-220     , Vietnam Airlines                       , 21:10         , 07:20       , 10h 10m ,     1,  5129742, TP HCM        , Đà Nẵng     , Phổ thông   , 16/11/2025
VN-7204    , Vietnam Airlines                       , 19:20         , 07:20       , 12h 0m  ,     1,  5129742, TP HCM        , Đà Nẵng     , Phổ thông   , 16/11/2025
VN-270     , Vietnam Airlines                       , 23:00         , 22:20       , 23h 20m ,     1,  5129742, TP HCM        , Đà Nẵng     , Phổ thông   , 16/11/2025
VN-7206    , Vietnam Airlines                       , 22:20         , 22:20       , 24h 0m  ,     1,  5129742, TP HCM        , Đà Nẵng     , Phổ thông   , 16/11/2025
VN-220     , Vietnam Airlines                       , 21:10         , 22:20       , 25h 10m ,     1,  5129742, TP HCM        , Đà Nẵng     , Phổ thông   , 16/11/2025
VN-8024    , Vietnam Airlines                       , 18:20         , 08:55       , 14h 35m ,     1,  5427480, TP HCM        , Đà Nẵng     , Phổ thông   , 16/11/2025
VN-1386    , Vietnam Airlines                       , 17:25         , 08:55       , 15h 30m ,     1,  5720576, TP HCM        , Đà Nẵng     , Phổ thông   , 16/11/2025
VN-224     , Vietnam Airlines                       , 22:00         , 07:20       , 9h 20m  ,     1,  6013672, TP HCM        , Đà Nẵng     , Phổ thông   , 16/11/2025
VN-224     , Vietnam Airlines                       , 22:00         , 22:20       , 24h 20m ,     1,  6013672, TP HCM        , Đà Nẵng     , Phổ thông   , 16/11/2025
VN-1188    , Vietnam Airlines                       , 21:40         , 12:40       , 15h 0m  ,     1,  6162406, TP HCM        , Đà Nẵng     , Phổ thông   , 16/11/2025
VN-270     , Vietnam Airlines                       , 23:00         , 09:05       , 10h 5m  ,     1,  7191246, TP HCM        , Đà Nẵng     , Phổ thông   , 16/11/2025
VN-7206    , Vietnam Airlines                       , 22:20         , 09:05       , 10h 45m ,     1,  7191246, TP HCM        , Đà Nẵng     , Phổ thông   , 16/11/2025
VN-220     , Vietnam Airlines                       , 21:10         , 09:05       , 11h 55m ,     1,  7191246, TP HCM        , Đà Nẵng     , Phổ thông   , 16/11/2025
VN-270     , Vietnam Airlines                       , 23:00         , 12:15       , 13h 15m ,     1,  7191246, TP HCM        , Đà Nẵng     , Phổ thông   , 16/11/2025
VN-7204    , Vietnam Airlines                       , 19:20         , 09:05       , 13h 45m ,     1,  7191246, TP HCM        , Đà Nẵng     , Phổ thông   , 16/11/2025
VN-7206    , Vietnam Airlines                       , 22:20         , 12:15       , 13h 55m ,     1,  7191246, TP HCM        , Đà Nẵng     , Phổ thông   , 16/11/2025
VN-220     , Vietnam Airlines                       , 21:10         , 12:15       , 15h 5m  ,     1,  7191246, TP HCM        , Đà Nẵng     , Phổ thông   , 16/11/2025
VN-7204    , Vietnam Airlines                       , 19:20         , 12:15       , 16h 55m ,     1,  7191246, TP HCM        , Đà Nẵng     , Phổ thông   , 16/11/2025
VN-270     , Vietnam Airlines                       , 23:00         , 20:25       , 21h 25m ,     1,  7812371, TP HCM        , Đà Nẵng     , Phổ thông   , 16/11/2025
VN-7206    , Vietnam Airlines                       , 22:20         , 20:25       , 22h 5m  ,     1,  7812371, TP HCM        , Đà Nẵng     , Phổ thông   , 16/11/2025
VN-7204    , Vietnam Airlines                       , 19:20         , 20:25       , 25h 5m  ,     1,  7812371, TP HCM        , Đà Nẵng     , Phổ thông   , 16/11/2025
VN-270     , Vietnam Airlines                       , 23:00         , 09:40       , 10h 40m ,     1,  8075723, TP HCM        , Đà Nẵng     , Phổ thông   , 16/11/2025
VN-224     , Vietnam Airlines                       , 22:00         , 12:15       , 14h 15m ,     1,  8075723, TP HCM        , Đà Nẵng     , Phổ thông   , 16/11/2025
VN-7204    , Vietnam Airlines                       , 19:20         , 09:40       , 14h 20m ,     1,  8109835, TP HCM        , Đà Nẵng     , Phổ thông   , 16/11/2025
VN-260     , Vietnam Airlines                       , 21:00         , 07:20       , 10h 20m ,     1,  8372640, TP HCM        , Đà Nẵng     , Phổ thông   , 16/11/2025
VN-7184    , Vietnam Airlines                       , 20:20         , 12:40       , 16h 20m ,     1,  9469287, TP HCM        , Đà Nẵng     , Phổ thông   , 16/11/2025
VN-1186    , Vietnam Airlines                       , 18:35         , 12:40       , 18h 5m  ,     1,  9469287, TP HCM        , Đà Nẵng     , Phổ thông   , 16/11/2025
QH-154     , Bamboo Airways                         , 08:50         , 10:15       , 1h 25m  ,     0,  4261950, TP HCM        , Đà Nẵng     , Thương gia  , 16/11/2025
VN-106     , Vietnam Airlines                       , 06:05         , 07:25       , 1h 20m  ,     0,  2629826, TP HCM        , Đà Nẵng     , Thương gia  , 16/11/2025
VN-110     , Vietnam Airlines                       , 07:00         , 08:20       , 1h 20m  ,     0,  2629826, TP HCM        , Đà Nẵng     , Thương gia  , 16/11/2025
VN-148     , Vietnam Airlines                       , 20:55         , 22:15       , 1h 20m  ,     0,  2629826, TP HCM        , Đà Nẵng     , Thương gia  , 16/11/2025
VN-142     , Vietnam Airlines                       , 19:00         , 20:20       , 1h 20m  ,     0,  3621969, TP HCM        , Đà Nẵng     , Thương gia  , 16/11/2025
VN-112     , Vietnam Airlines                       , 08:05         , 09:20       , 1h 15m  ,     0,  3635239, TP HCM        , Đà Nẵng     , Thương gia  , 16/11/2025
VN-136     , Vietnam Airlines                       , 17:15         , 18:30       , 1h 15m  ,     0,  3635239, TP HCM        , Đà Nẵng     , Thương gia  , 16/11/2025
VN-118     , Vietnam Airlines                       , 09:05         , 10:25       , 1h 20m  ,     0,  3635239, TP HCM        , Đà Nẵng     , Thương gia  , 16/11/2025
VN-122     , Vietnam Airlines                       , 10:05         , 11:25       , 1h 20m  ,     0,  3635239, TP HCM        , Đà Nẵng     , Thương gia  , 16/11/2025
VN-132     , Vietnam Airlines                       , 13:40         , 15:00       , 1h 20m  ,     0,  3635239, TP HCM        , Đà Nẵng     , Thương gia  , 16/11/2025
VN-134     , Vietnam Airlines                       , 15:15         , 16:35       , 1h 20m  ,     0,  3635239, TP HCM        , Đà Nẵng     , Thương gia  , 16/11/2025
VN-140     , Vietnam Airlines                       , 16:45         , 18:05       , 1h 20m  ,     0,  3635239, TP HCM        , Đà Nẵng     , Thương gia  , 16/11/2025
VN-7126    , Vietnam Airlines                       , 12:15         , 13:40       , 1h 25m  ,     0,  3635239, TP HCM        , Đà Nẵng     , Thương gia  , 16/11/2025
VN-7136    , Vietnam Airlines                       , 19:45         , 21:15       , 1h 30m  ,     0,  3635239, TP HCM        , Đà Nẵng     , Thương gia  , 16/11/2025
QH-150     , Bamboo Airways                         , 06:15         , 07:40       , 1h 25m  ,     0,  4261950, TP HCM        , Đà Nẵng     , Thương gia  , 16/11/2025
QH-154     , Bamboo Airways                         , 08:50         , 10:15       , 1h 25m  ,     0,  4261950, TP HCM        , Đà Nẵng     , Thương gia  , 16/11/2025
VJ-312     , VietJet Air                            , 20:15         , 21:40       , 1h 25m  ,     0,   896600, TP HCM        , Phú Bài     , Phổ thông   , 13/11/2025
VJ-310     , VietJet Air                            , 16:45         , 18:10       , 1h 25m  ,     0,   896600, TP HCM        , Phú Bài     , Phổ thông   , 13/11/2025
VJ-314     , VietJet Air                            , 21:05         , 22:30       , 1h 25m  ,     0,  1449626, TP HCM        , Phú Bài     , Phổ thông   , 13/11/2025
VJ-302     , VietJet Air                            , 05:30         , 06:55       , 1h 25m  ,     0,  1529112, TP HCM        , Phú Bài     , Phổ thông   , 13/11/2025
VJ-308     , VietJet Air                            , 12:40         , 14:05       , 1h 25m  ,     0,  1624581, TP HCM        , Phú Bài     , Phổ thông   , 13/11/2025
VN-1374    , Vietnam Airlines                       , 15:45         , 17:05       , 1h 20m  ,     0,  1747862, TP HCM        , Phú Bài     , Phổ thông   , 13/11/2025
VN-1370    , Vietnam Airlines                       , 11:30         , 12:50       , 1h 20m  ,     0,  2320778, TP HCM        , Phú Bài     , Phổ thông   , 13/11/2025
VJ-316     , VietJet Air                            , 19:10         , 20:35       , 1h 25m  ,     0,  2459640, TP HCM        , Phú Bài     , Phổ thông   , 13/11/2025
VJ-174     , VietJet Air                            , 21:45         , 20:30       , 22h 45m ,     1,  4400901, TP HCM        , Phú Bài     , Phổ thông   , 13/11/2025
VJ-180     , VietJet Air                            , 20:15         , 20:30       , 24h 15m ,     1,  4543022, TP HCM        , Phú Bài     , Phổ thông   , 13/11/2025
VJ-182     , VietJet Air                            , 23:20         , 20:30       , 21h 10m ,     1,  4555929, TP HCM        , Phú Bài     , Phổ thông   , 13/11/2025
VJ-178     , VietJet Air                            , 22:45         , 20:30       , 21h 45m ,     1,  4555929, TP HCM        , Phú Bài     , Phổ thông   , 13/11/2025
VJ-174     , VietJet Air                            , 21:45         , 11:20       , 13h 35m ,     1,  4713315, TP HCM        , Phú Bài     , Phổ thông   , 13/11/2025
VJ-182     , VietJet Air                            , 23:20         , 11:20       , 12h 0m  ,     1,  4844276, TP HCM        , Phú Bài     , Phổ thông   , 13/11/2025
VJ-178     , VietJet Air                            , 22:45         , 11:20       , 12h 35m ,     1,  4844276, TP HCM        , Phú Bài     , Phổ thông   , 13/11/2025
VJ-156     , VietJet Air                            , 21:10         , 20:30       , 23h 20m ,     1,  4860228, TP HCM        , Phú Bài     , Phổ thông   , 13/11/2025
VJ-180     , VietJet Air                            , 20:15         , 11:20       , 15h 5m  ,     1,  4899788, TP HCM        , Phú Bài     , Phổ thông   , 13/11/2025
VJ-166     , VietJet Air                            , 18:50         , 20:30       , 25h 40m ,     1,  5002350, TP HCM        , Phú Bài     , Phổ thông   , 13/11/2025
VJ-152     , VietJet Air                            , 17:00         , 20:30       , 27h 30m ,     1,  5002350, TP HCM        , Phú Bài     , Phổ thông   , 13/11/2025
VN-7204    , Vietnam Airlines                       , 19:20         , 07:15       , 11h 55m ,     1,  5573258, TP HCM        , Phú Bài     , Phổ thông   , 13/11/2025
VN-270     , Vietnam Airlines                       , 23:00         , 07:15       , 8h 15m  ,     1,  5651600, TP HCM        , Phú Bài     , Phổ thông   , 13/11/2025
VN-7206    , Vietnam Airlines                       , 22:20         , 07:15       , 8h 55m  ,     1,  5651600, TP HCM        , Phú Bài     , Phổ thông   , 13/11/2025
VN-220     , Vietnam Airlines                       , 21:10         , 07:15       , 10h 5m  ,     1,  5651600, TP HCM        , Phú Bài     , Phổ thông   , 13/11/2025
VJ-636     , VietJet Air                            , 23:00         , 11:20       , 12h 20m ,     2,  6010795, TP HCM        , Phú Bài     , Phổ thông   , 13/11/2025
VN-7204    , Vietnam Airlines                       , 19:20         , 17:40       , 22h 20m ,     1,  6457094, TP HCM        , Phú Bài     , Phổ thông   , 13/11/2025
VN-224     , Vietnam Airlines                       , 22:00         , 07:15       , 9h 15m  ,     1,  6544115, TP HCM        , Phú Bài     , Phổ thông   , 13/11/2025
VN-270     , Vietnam Airlines                       , 23:00         , 17:40       , 18h 40m ,     1,  6636976, TP HCM        , Phú Bài     , Phổ thông   , 13/11/2025
VN-7206    , Vietnam Airlines                       , 22:20         , 17:40       , 19h 20m ,     1,  6636976, TP HCM        , Phú Bài     , Phổ thông   , 13/11/2025
VN-220     , Vietnam Airlines                       , 21:10         , 17:40       , 20h 30m ,     1,  6636976, TP HCM        , Phú Bài     , Phổ thông   , 13/11/2025
VJ-358     , VietJet Air                            , 15:15         , 11:20       , 20h 5m  ,     2,  7029337, TP HCM        , Phú Bài     , Phổ thông   , 13/11/2025
VN-224     , Vietnam Airlines                       , 22:00         , 17:40       , 19h 40m ,     1,  7545998, TP HCM        , Phú Bài     , Phổ thông   , 13/11/2025
VJ-600     , VietJet Air                            , 15:40         , 11:20       , 19h 40m ,     2,  8400021, TP HCM        , Phú Bài     , Phổ thông   , 13/11/2025
VN-260     , Vietnam Airlines                       , 21:00         , 07:15       , 10h 15m ,     1,  8627645, TP HCM        , Phú Bài     , Phổ thông   , 13/11/2025
VN-216     , Vietnam Airlines                       , 16:00         , 07:15       , 15h 15m ,     1,  8816544, TP HCM        , Phú Bài     , Phổ thông   , 13/11/2025
VN-262     , Vietnam Airlines                       , 20:20         , 07:15       , 10h 55m ,     1,  8929130, TP HCM        , Phú Bài     , Phổ thông   , 13/11/2025
VN-252     , Vietnam Airlines                       , 16:40         , 07:15       , 14h 35m ,     1,  9062036, TP HCM        , Phú Bài     , Phổ thông   , 13/11/2025
VN-254     , Vietnam Airlines                       , 17:00         , 07:15       , 14h 15m ,     1,  9369915, TP HCM        , Phú Bài     , Phổ thông   , 13/11/2025
VN-232     , Vietnam Airlines                       , 15:30         , 07:15       , 15h 45m ,     1,  9403677, TP HCM        , Phú Bài     , Phổ thông   , 13/11/2025
VN-260     , Vietnam Airlines                       , 21:00         , 17:40       , 20h 40m ,     1,  9700655, TP HCM        , Phú Bài     , Phổ thông   , 13/11/2025
VN-1366    , Vietnam Airlines                       , 05:55         , 07:15       , 1h 20m  ,     0,  2775055, TP HCM        , Phú Bài     , Thương gia  , 13/11/2025
VN-7368    , Vietnam Airlines                       , 18:00         , 19:25       , 1h 25m  ,     0,  3415461, TP HCM        , Phú Bài     , Thương gia  , 13/11/2025
VN-1370    , Vietnam Airlines                       , 11:30         , 12:50       , 1h 20m  ,     0,  4628326, TP HCM        , Phú Bài     , Thương gia  , 13/11/2025
VJ-312     , VietJet Air                            , 20:15         , 21:40       , 1h 25m  ,     0,   896600, TP HCM        , Phú Bài     , Phổ thông   , 14/11/2025
VJ-310     , VietJet Air                            , 16:45         , 18:10       , 1h 25m  ,     0,   896600, TP HCM        , Phú Bài     , Phổ thông   , 14/11/2025
VJ-314     , VietJet Air                            , 21:05         , 22:30       , 1h 25m  ,     0,  1449626, TP HCM        , Phú Bài     , Phổ thông   , 14/11/2025
VJ-302     , VietJet Air                            , 05:30         , 06:55       , 1h 25m  ,     0,  1529112, TP HCM        , Phú Bài     , Phổ thông   , 14/11/2025
VJ-308     , VietJet Air                            , 12:40         , 14:05       , 1h 25m  ,     0,  1624581, TP HCM        , Phú Bài     , Phổ thông   , 14/11/2025
VN-1374    , Vietnam Airlines                       , 15:45         , 17:05       , 1h 20m  ,     0,  1747862, TP HCM        , Phú Bài     , Phổ thông   , 14/11/2025
VN-1370    , Vietnam Airlines                       , 11:30         , 12:50       , 1h 20m  ,     0,  2320778, TP HCM        , Phú Bài     , Phổ thông   , 14/11/2025
VJ-316     , VietJet Air                            , 19:10         , 20:35       , 1h 25m  ,     0,  2459640, TP HCM        , Phú Bài     , Phổ thông   , 14/11/2025
VJ-174     , VietJet Air                            , 21:45         , 20:30       , 22h 45m ,     1,  4400901, TP HCM        , Phú Bài     , Phổ thông   , 14/11/2025
VJ-180     , VietJet Air                            , 20:15         , 20:30       , 24h 15m ,     1,  4543022, TP HCM        , Phú Bài     , Phổ thông   , 14/11/2025
VJ-182     , VietJet Air                            , 23:20         , 20:30       , 21h 10m ,     1,  4555929, TP HCM        , Phú Bài     , Phổ thông   , 14/11/2025
VJ-178     , VietJet Air                            , 22:45         , 20:30       , 21h 45m ,     1,  4555929, TP HCM        , Phú Bài     , Phổ thông   , 14/11/2025
VJ-174     , VietJet Air                            , 21:45         , 11:20       , 13h 35m ,     1,  4713315, TP HCM        , Phú Bài     , Phổ thông   , 14/11/2025
VJ-182     , VietJet Air                            , 23:20         , 11:20       , 12h 0m  ,     1,  4844276, TP HCM        , Phú Bài     , Phổ thông   , 14/11/2025
VJ-178     , VietJet Air                            , 22:45         , 11:20       , 12h 35m ,     1,  4844276, TP HCM        , Phú Bài     , Phổ thông   , 14/11/2025
VJ-156     , VietJet Air                            , 21:10         , 20:30       , 23h 20m ,     1,  4860228, TP HCM        , Phú Bài     , Phổ thông   , 14/11/2025
VJ-180     , VietJet Air                            , 20:15         , 11:20       , 15h 5m  ,     1,  4899788, TP HCM        , Phú Bài     , Phổ thông   , 14/11/2025
VJ-166     , VietJet Air                            , 18:50         , 20:30       , 25h 40m ,     1,  5002350, TP HCM        , Phú Bài     , Phổ thông   , 14/11/2025
VJ-152     , VietJet Air                            , 17:00         , 20:30       , 27h 30m ,     1,  5002350, TP HCM        , Phú Bài     , Phổ thông   , 14/11/2025
VN-7204    , Vietnam Airlines                       , 19:20         , 07:15       , 11h 55m ,     1,  5573258, TP HCM        , Phú Bài     , Phổ thông   , 14/11/2025
VN-270     , Vietnam Airlines                       , 23:00         , 07:15       , 8h 15m  ,     1,  5651600, TP HCM        , Phú Bài     , Phổ thông   , 14/11/2025
VN-7206    , Vietnam Airlines                       , 22:20         , 07:15       , 8h 55m  ,     1,  5651600, TP HCM        , Phú Bài     , Phổ thông   , 14/11/2025
VN-220     , Vietnam Airlines                       , 21:10         , 07:15       , 10h 5m  ,     1,  5651600, TP HCM        , Phú Bài     , Phổ thông   , 14/11/2025
VJ-636     , VietJet Air                            , 23:00         , 11:20       , 12h 20m ,     2,  6010795, TP HCM        , Phú Bài     , Phổ thông   , 14/11/2025
VN-224     , Vietnam Airlines                       , 22:00         , 07:15       , 9h 15m  ,     1,  6546105, TP HCM        , Phú Bài     , Phổ thông   , 14/11/2025
VN-270     , Vietnam Airlines                       , 23:00         , 17:40       , 18h 40m ,     1,  6546105, TP HCM        , Phú Bài     , Phổ thông   , 14/11/2025
VN-7206    , Vietnam Airlines                       , 22:20         , 17:40       , 19h 20m ,     1,  6546105, TP HCM        , Phú Bài     , Phổ thông   , 14/11/2025
VN-220     , Vietnam Airlines                       , 21:10         , 17:40       , 20h 30m ,     1,  6546105, TP HCM        , Phú Bài     , Phổ thông   , 14/11/2025
VN-7204    , Vietnam Airlines                       , 19:20         , 17:40       , 22h 20m ,     1,  6546105, TP HCM        , Phú Bài     , Phổ thông   , 14/11/2025
VJ-358     , VietJet Air                            , 15:15         , 11:20       , 20h 5m  ,     2,  7029337, TP HCM        , Phú Bài     , Phổ thông   , 14/11/2025
VN-224     , Vietnam Airlines                       , 22:00         , 17:40       , 19h 40m ,     1,  7438620, TP HCM        , Phú Bài     , Phổ thông   , 14/11/2025
VJ-600     , VietJet Air                            , 15:40         , 11:20       , 19h 40m ,     2,  8400021, TP HCM        , Phú Bài     , Phổ thông   , 14/11/2025
VN-260     , Vietnam Airlines                       , 21:00         , 07:15       , 10h 15m ,     1,  8627645, TP HCM        , Phú Bài     , Phổ thông   , 14/11/2025
VN-216     , Vietnam Airlines                       , 16:00         , 07:15       , 15h 15m ,     1,  8816544, TP HCM        , Phú Bài     , Phổ thông   , 14/11/2025
VN-262     , Vietnam Airlines                       , 20:20         , 07:15       , 10h 55m ,     1,  8929130, TP HCM        , Phú Bài     , Phổ thông   , 14/11/2025
VN-252     , Vietnam Airlines                       , 16:40         , 07:15       , 14h 35m ,     1,  9062036, TP HCM        , Phú Bài     , Phổ thông   , 14/11/2025
VN-254     , Vietnam Airlines                       , 17:00         , 07:15       , 14h 15m ,     1,  9369915, TP HCM        , Phú Bài     , Phổ thông   , 14/11/2025
VN-232     , Vietnam Airlines                       , 15:30         , 07:15       , 15h 45m ,     1,  9403677, TP HCM        , Phú Bài     , Phổ thông   , 14/11/2025
VN-260     , Vietnam Airlines                       , 21:00         , 17:40       , 20h 40m ,     1,  9700655, TP HCM        , Phú Bài     , Phổ thông   , 14/11/2025
VN-1366    , Vietnam Airlines                       , 05:55         , 07:15       , 1h 20m  ,     0,  2775055, TP HCM        , Phú Bài     , Thương gia  , 14/11/2025
VN-7368    , Vietnam Airlines                       , 18:00         , 19:25       , 1h 25m  ,     0,  3415461, TP HCM        , Phú Bài     , Thương gia  , 14/11/2025
VN-1370    , Vietnam Airlines                       , 11:30         , 12:50       , 1h 20m  ,     0,  4628326, TP HCM        , Phú Bài     , Thương gia  , 14/11/2025
VJ-310     , VietJet Air                            , 16:45         , 18:10       , 1h 25m  ,     0,   960175, TP HCM        , Phú Bài     , Phổ thông   , 15/11/2025
VJ-312     , VietJet Air                            , 20:15         , 21:40       , 1h 25m  ,     0,   984944, TP HCM        , Phú Bài     , Phổ thông   , 15/11/2025
VJ-314     , VietJet Air                            , 21:05         , 22:30       , 1h 25m  ,     0,  1449626, TP HCM        , Phú Bài     , Phổ thông   , 15/11/2025
VN-1374    , Vietnam Airlines                       , 15:45         , 17:05       , 1h 20m  ,     0,  1747862, TP HCM        , Phú Bài     , Phổ thông   , 15/11/2025
VJ-308     , VietJet Air                            , 12:40         , 14:05       , 1h 25m  ,     0,  1757170, TP HCM        , Phú Bài     , Phổ thông   , 15/11/2025
VN-1370    , Vietnam Airlines                       , 11:30         , 12:50       , 1h 20m  ,     0,  2320778, TP HCM        , Phú Bài     , Phổ thông   , 15/11/2025
VJ-316     , VietJet Air                            , 19:10         , 20:35       , 1h 25m  ,     0,  2566105, TP HCM        , Phú Bài     , Phổ thông   , 15/11/2025
VJ-174     , VietJet Air                            , 21:45         , 20:30       , 22h 45m ,     1,  4400901, TP HCM        , Phú Bài     , Phổ thông   , 15/11/2025
VJ-180     , VietJet Air                            , 20:15         , 20:30       , 24h 15m ,     1,  4543022, TP HCM        , Phú Bài     , Phổ thông   , 15/11/2025
VJ-182     , VietJet Air                            , 23:20         , 20:30       , 21h 10m ,     1,  4555929, TP HCM        , Phú Bài     , Phổ thông   , 15/11/2025
VJ-178     , VietJet Air                            , 22:45         , 20:30       , 21h 45m ,     1,  4555929, TP HCM        , Phú Bài     , Phổ thông   , 15/11/2025
VJ-174     , VietJet Air                            , 21:45         , 11:20       , 13h 35m ,     1,  4713315, TP HCM        , Phú Bài     , Phổ thông   , 15/11/2025
VJ-182     , VietJet Air                            , 23:20         , 11:20       , 12h 0m  ,     1,  4844276, TP HCM        , Phú Bài     , Phổ thông   , 15/11/2025
VJ-178     , VietJet Air                            , 22:45         , 11:20       , 12h 35m ,     1,  4844276, TP HCM        , Phú Bài     , Phổ thông   , 15/11/2025
VJ-156     , VietJet Air                            , 21:10         , 20:30       , 23h 20m ,     1,  4860228, TP HCM        , Phú Bài     , Phổ thông   , 15/11/2025
VJ-180     , VietJet Air                            , 20:15         , 11:20       , 15h 5m  ,     1,  4899788, TP HCM        , Phú Bài     , Phổ thông   , 15/11/2025
VJ-166     , VietJet Air                            , 18:50         , 20:30       , 25h 40m ,     1,  5002350, TP HCM        , Phú Bài     , Phổ thông   , 15/11/2025
VJ-152     , VietJet Air                            , 17:00         , 20:30       , 27h 30m ,     1,  5002350, TP HCM        , Phú Bài     , Phổ thông   , 15/11/2025
VN-7204    , Vietnam Airlines                       , 19:20         , 07:15       , 11h 55m ,     1,  5573258, TP HCM        , Phú Bài     , Phổ thông   , 15/11/2025
VN-270     , Vietnam Airlines                       , 23:00         , 07:15       , 8h 15m  ,     1,  5651600, TP HCM        , Phú Bài     , Phổ thông   , 15/11/2025
VN-7206    , Vietnam Airlines                       , 22:20         , 07:15       , 8h 55m  ,     1,  5651600, TP HCM        , Phú Bài     , Phổ thông   , 15/11/2025
VN-220     , Vietnam Airlines                       , 21:10         , 07:15       , 10h 5m  ,     1,  5651600, TP HCM        , Phú Bài     , Phổ thông   , 15/11/2025
VJ-636     , VietJet Air                            , 23:00         , 11:20       , 12h 20m ,     2,  6010795, TP HCM        , Phú Bài     , Phổ thông   , 15/11/2025
VN-224     , Vietnam Airlines                       , 22:00         , 07:15       , 9h 15m  ,     1,  6546105, TP HCM        , Phú Bài     , Phổ thông   , 15/11/2025
VN-270     , Vietnam Airlines                       , 23:00         , 17:40       , 18h 40m ,     1,  6546105, TP HCM        , Phú Bài     , Phổ thông   , 15/11/2025
VN-7206    , Vietnam Airlines                       , 22:20         , 17:40       , 19h 20m ,     1,  6546105, TP HCM        , Phú Bài     , Phổ thông   , 15/11/2025
VN-220     , Vietnam Airlines                       , 21:10         , 17:40       , 20h 30m ,     1,  6546105, TP HCM        , Phú Bài     , Phổ thông   , 15/11/2025
VN-7204    , Vietnam Airlines                       , 19:20         , 17:40       , 22h 20m ,     1,  6546105, TP HCM        , Phú Bài     , Phổ thông   , 15/11/2025
VJ-358     , VietJet Air                            , 15:15         , 11:20       , 20h 5m  ,     2,  7029337, TP HCM        , Phú Bài     , Phổ thông   , 15/11/2025
VN-224     , Vietnam Airlines                       , 22:00         , 17:40       , 19h 40m ,     1,  7438620, TP HCM        , Phú Bài     , Phổ thông   , 15/11/2025
VJ-600     , VietJet Air                            , 15:40         , 11:20       , 19h 40m ,     2,  8400021, TP HCM        , Phú Bài     , Phổ thông   , 15/11/2025
VN-260     , Vietnam Airlines                       , 21:00         , 07:15       , 10h 15m ,     1,  8627645, TP HCM        , Phú Bài     , Phổ thông   , 15/11/2025
VN-216     , Vietnam Airlines                       , 16:00         , 07:15       , 15h 15m ,     1,  8816544, TP HCM        , Phú Bài     , Phổ thông   , 15/11/2025
VN-262     , Vietnam Airlines                       , 20:20         , 07:15       , 10h 55m ,     1,  8929130, TP HCM        , Phú Bài     , Phổ thông   , 15/11/2025
VN-252     , Vietnam Airlines                       , 16:40         , 07:15       , 14h 35m ,     1,  9062036, TP HCM        , Phú Bài     , Phổ thông   , 15/11/2025
VN-254     , Vietnam Airlines                       , 17:00         , 07:15       , 14h 15m ,     1,  9369915, TP HCM        , Phú Bài     , Phổ thông   , 15/11/2025
VN-232     , Vietnam Airlines                       , 15:30         , 07:15       , 15h 45m ,     1,  9403677, TP HCM        , Phú Bài     , Phổ thông   , 15/11/2025
VN-260     , Vietnam Airlines                       , 21:00         , 17:40       , 20h 40m ,     1,  9700655, TP HCM        , Phú Bài     , Phổ thông   , 15/11/2025
VN-1366    , Vietnam Airlines                       , 05:55         , 07:15       , 1h 20m  ,     0,  2775055, TP HCM        , Phú Bài     , Thương gia  , 15/11/2025
VN-7368    , Vietnam Airlines                       , 18:00         , 19:25       , 1h 25m  ,     0,  3415461, TP HCM        , Phú Bài     , Thương gia  , 15/11/2025
VN-1370    , Vietnam Airlines                       , 11:30         , 12:50       , 1h 20m  ,     0,  4628326, TP HCM        , Phú Bài     , Thương gia  , 15/11/2025
VU-672     , "Vietravel Airlines, VietJet Air"      , 09:00         , 14:30       , 5h 30m  ,     1,  2303254, TP HCM        , Cần Thơ     , Phổ thông   , 13/11/2025
VJ-646     , VietJet Air                            , 20:45         , 14:30       , 17h 45m ,     1,  2322287, TP HCM        , Cần Thơ     , Phổ thông   , 13/11/2025
VJ-648     , VietJet Air                            , 18:15         , 14:30       , 20h 15m ,     1,  2322287, TP HCM        , Cần Thơ     , Phổ thông   , 13/11/2025
QH-154     , "Bamboo Airways, VietJet Air"          , 08:50         , 14:30       , 5h 40m  ,     1,  2533373, TP HCM        , Cần Thơ     , Phổ thông   , 13/11/2025
QH-150     , "Bamboo Airways, VietJet Air"          , 06:15         , 14:30       , 8h 15m  ,     1,  2533373, TP HCM        , Cần Thơ     , Phổ thông   , 13/11/2025
VJ-636     , VietJet Air                            , 23:00         , 14:30       , 15h 30m ,     1,  2607224, TP HCM        , Cần Thơ     , Phổ thông   , 13/11/2025
VJ-640     , VietJet Air                            , 21:25         , 14:30       , 17h 5m  ,     1,  2607224, TP HCM        , Cần Thơ     , Phổ thông   , 13/11/2025
VJ-622     , VietJet Air                            , 07:20         , 14:30       , 7h 10m  ,     1,  2662889, TP HCM        , Cần Thơ     , Phổ thông   , 13/11/2025
VJ-646     , "VietJet Air, Vietnam Airlines"        , 20:45         , 14:55       , 18h 10m ,     1,  2684633, TP HCM        , Cần Thơ     , Phổ thông   , 13/11/2025
VJ-648     , "VietJet Air, Vietnam Airlines"        , 18:15         , 14:55       , 20h 40m ,     1,  2684633, TP HCM        , Cần Thơ     , Phổ thông   , 13/11/2025
VJ-626     , VietJet Air                            , 09:25         , 14:30       , 5h 5m   ,     1,  2831378, TP HCM        , Cần Thơ     , Phổ thông   , 13/11/2025
VJ-321     , "VietJet Air, Vietnam Airlines"        , 06:00         , 14:10       , 8h 10m  ,     1,  2887371, TP HCM        , Cần Thơ     , Phổ thông   , 13/11/2025
VJ-636     , "VietJet Air, Vietnam Airlines"        , 23:00         , 14:55       , 15h 55m ,     1,  2969570, TP HCM        , Cần Thơ     , Phổ thông   , 13/11/2025
VN-106     , "Vietnam Airlines, VietJet Air"        , 06:05         , 14:30       , 8h 25m  ,     1,  2996112, TP HCM        , Cần Thơ     , Phổ thông   , 13/11/2025
VJ-325     , "VietJet Air, Vietnam Airlines"        , 07:30         , 14:10       , 6h 40m  ,     1,  3103371, TP HCM        , Cần Thơ     , Phổ thông   , 13/11/2025
VN-1821    , Vietnam Airlines                       , 05:40         , 14:10       , 8h 30m  ,     1,  3127052, TP HCM        , Cần Thơ     , Phổ thông   , 13/11/2025
VN-110     , "Vietnam Airlines, VietJet Air"        , 07:00         , 14:30       , 7h 30m  ,     1,  3153954, TP HCM        , Cần Thơ     , Phổ thông   , 13/11/2025
VN-112     , "Vietnam Airlines, VietJet Air"        , 08:05         , 14:30       , 6h 25m  ,     1,  3586521, TP HCM        , Cần Thơ     , Phổ thông   , 13/11/2025
VN-6103    , Vietnam Airlines                       , 09:55         , 14:10       , 4h 15m  ,     1,  3586751, TP HCM        , Cần Thơ     , Phổ thông   , 13/11/2025
VN-1823    , Vietnam Airlines                       , 08:10         , 14:10       , 6h 0m   ,     1,  3686251, TP HCM        , Cần Thơ     , Phổ thông   , 13/11/2025
VN-118     , "Vietnam Airlines, VietJet Air"        , 09:05         , 14:30       , 5h 25m  ,     1,  3850257, TP HCM        , Cần Thơ     , Phổ thông   , 13/11/2025
VU-672     , "Vietravel Airlines, VietJet Air"      , 09:00         , 14:30       , 5h 30m  ,     1,  2303254, TP HCM        , Cần Thơ     , Phổ thông   , 14/11/2025
VJ-646     , VietJet Air                            , 20:45         , 14:30       , 17h 45m ,     1,  2322287, TP HCM        , Cần Thơ     , Phổ thông   , 14/11/2025
VJ-648     , VietJet Air                            , 18:15         , 14:30       , 20h 15m ,     1,  2322287, TP HCM        , Cần Thơ     , Phổ thông   , 14/11/2025
QH-154     , "Bamboo Airways, VietJet Air"          , 08:50         , 14:30       , 5h 40m  ,     1,  2533373, TP HCM        , Cần Thơ     , Phổ thông   , 14/11/2025
QH-150     , "Bamboo Airways, VietJet Air"          , 06:15         , 14:30       , 8h 15m  ,     1,  2533373, TP HCM        , Cần Thơ     , Phổ thông   , 14/11/2025
VJ-636     , VietJet Air                            , 23:00         , 14:30       , 15h 30m ,     1,  2607224, TP HCM        , Cần Thơ     , Phổ thông   , 14/11/2025
VJ-640     , VietJet Air                            , 21:25         , 14:30       , 17h 5m  ,     1,  2607224, TP HCM        , Cần Thơ     , Phổ thông   , 14/11/2025
VJ-622     , VietJet Air                            , 07:20         , 14:30       , 7h 10m  ,     1,  2662889, TP HCM        , Cần Thơ     , Phổ thông   , 14/11/2025
VJ-646     , "VietJet Air, Vietnam Airlines"        , 20:45         , 14:55       , 18h 10m ,     1,  2684633, TP HCM        , Cần Thơ     , Phổ thông   , 14/11/2025
VJ-648     , "VietJet Air, Vietnam Airlines"        , 18:15         , 14:55       , 20h 40m ,     1,  2684633, TP HCM        , Cần Thơ     , Phổ thông   , 14/11/2025
VJ-626     , VietJet Air                            , 09:25         , 14:30       , 5h 5m   ,     1,  2831378, TP HCM        , Cần Thơ     , Phổ thông   , 14/11/2025
VJ-321     , "VietJet Air, Vietnam Airlines"        , 06:00         , 14:10       , 8h 10m  ,     1,  2887371, TP HCM        , Cần Thơ     , Phổ thông   , 14/11/2025
VJ-636     , "VietJet Air, Vietnam Airlines"        , 23:00         , 14:55       , 15h 55m ,     1,  2969570, TP HCM        , Cần Thơ     , Phổ thông   , 14/11/2025
VN-106     , "Vietnam Airlines, VietJet Air"        , 06:05         , 14:30       , 8h 25m  ,     1,  2996112, TP HCM        , Cần Thơ     , Phổ thông   , 14/11/2025
VJ-325     , "VietJet Air, Vietnam Airlines"        , 07:30         , 14:10       , 6h 40m  ,     1,  3103371, TP HCM        , Cần Thơ     , Phổ thông   , 14/11/2025
VN-1821    , Vietnam Airlines                       , 05:40         , 14:10       , 8h 30m  ,     1,  3127052, TP HCM        , Cần Thơ     , Phổ thông   , 14/11/2025
VN-110     , "Vietnam Airlines, VietJet Air"        , 07:00         , 14:30       , 7h 30m  ,     1,  3153954, TP HCM        , Cần Thơ     , Phổ thông   , 14/11/2025
VN-112     , "Vietnam Airlines, VietJet Air"        , 08:05         , 14:30       , 6h 25m  ,     1,  3586521, TP HCM        , Cần Thơ     , Phổ thông   , 14/11/2025
VN-6103    , Vietnam Airlines                       , 09:55         , 14:10       , 4h 15m  ,     1,  3586751, TP HCM        , Cần Thơ     , Phổ thông   , 14/11/2025
N/A        , Vietnam Airlines                       , 08:10         , 14:10       , 6h 0m   ,     1,  3686251, TP HCM        , Cần Thơ     , Phổ thông   , 14/11/2025
VN-118     , "Vietnam Airlines, VietJet Air"        , 09:05         , 14:30       , 5h 25m  ,     1,  3850257, TP HCM        , Cần Thơ     , Phổ thông   , 14/11/2025
VU-672     , "Vietravel Airlines, VietJet Air"      , 09:00         , 14:30       , 5h 30m  ,     1,  2303254, TP HCM        , Cần Thơ     , Phổ thông   , 15/11/2025
VJ-646     , VietJet Air                            , 20:45         , 14:30       , 17h 45m ,     1,  2322287, TP HCM        , Cần Thơ     , Phổ thông   , 15/11/2025
VJ-648     , VietJet Air                            , 18:15         , 14:30       , 20h 15m ,     1,  2322287, TP HCM        , Cần Thơ     , Phổ thông   , 15/11/2025
QH-154     , "Bamboo Airways, VietJet Air"          , 08:50         , 14:30       , 5h 40m  ,     1,  2533373, TP HCM        , Cần Thơ     , Phổ thông   , 15/11/2025
QH-150     , "Bamboo Airways, VietJet Air"          , 06:15         , 14:30       , 8h 15m  ,     1,  2533373, TP HCM        , Cần Thơ     , Phổ thông   , 15/11/2025
VJ-636     , VietJet Air                            , 23:00         , 14:30       , 15h 30m ,     1,  2607224, TP HCM        , Cần Thơ     , Phổ thông   , 15/11/2025
VJ-640     , VietJet Air                            , 21:25         , 14:30       , 17h 5m  ,     1,  2607224, TP HCM        , Cần Thơ     , Phổ thông   , 15/11/2025
VJ-622     , VietJet Air                            , 07:20         , 14:30       , 7h 10m  ,     1,  2662889, TP HCM        , Cần Thơ     , Phổ thông   , 15/11/2025
VJ-646     , "VietJet Air, Vietnam Airlines"        , 20:45         , 14:55       , 18h 10m ,     1,  2684633, TP HCM        , Cần Thơ     , Phổ thông   , 15/11/2025
VJ-648     , "VietJet Air, Vietnam Airlines"        , 18:15         , 14:55       , 20h 40m ,     1,  2684633, TP HCM        , Cần Thơ     , Phổ thông   , 15/11/2025
VJ-626     , VietJet Air                            , 09:25         , 14:30       , 5h 5m   ,     1,  2831378, TP HCM        , Cần Thơ     , Phổ thông   , 15/11/2025
VJ-321     , "VietJet Air, Vietnam Airlines"        , 06:00         , 14:10       , 8h 10m  ,     1,  2887371, TP HCM        , Cần Thơ     , Phổ thông   , 15/11/2025
VJ-636     , "VietJet Air, Vietnam Airlines"        , 23:00         , 14:55       , 15h 55m ,     1,  2969570, TP HCM        , Cần Thơ     , Phổ thông   , 15/11/2025
VN-106     , "Vietnam Airlines, VietJet Air"        , 06:05         , 14:30       , 8h 25m  ,     1,  2996112, TP HCM        , Cần Thơ     , Phổ thông   , 15/11/2025
VJ-325     , "VietJet Air, Vietnam Airlines"        , 07:30         , 14:10       , 6h 40m  ,     1,  3103371, TP HCM        , Cần Thơ     , Phổ thông   , 15/11/2025
VN-1821    , Vietnam Airlines                       , 05:40         , 14:10       , 8h 30m  ,     1,  3127052, TP HCM        , Cần Thơ     , Phổ thông   , 15/11/2025
VN-110     , "Vietnam Airlines, VietJet Air"        , 07:00         , 14:30       , 7h 30m  ,     1,  3153954, TP HCM        , Cần Thơ     , Phổ thông   , 15/11/2025
VN-112     , "Vietnam Airlines, VietJet Air"        , 08:05         , 14:30       , 6h 25m  ,     1,  3586521, TP HCM        , Cần Thơ     , Phổ thông   , 15/11/2025
VN-6103    , Vietnam Airlines                       , 09:55         , 14:10       , 4h 15m  ,     1,  3586751, TP HCM        , Cần Thơ     , Phổ thông   , 15/11/2025
VN-1823    , Vietnam Airlines                       , 08:10         , 14:10       , 6h 0m   ,     1,  3686251, TP HCM        , Cần Thơ     , Phổ thông   , 15/11/2025
VN-118     , "Vietnam Airlines, VietJet Air"        , 09:05         , 14:30       , 5h 25m  ,     1,  3850257, TP HCM        , Cần Thơ     , Phổ thông   , 15/11/2025
VU-672     , "Vietravel Airlines, VietJet Air"      , 09:00         , 14:30       , 5h 30m  ,     1,  2303254, TP HCM        , Cần Thơ     , Phổ thông   , 16/11/2025
VJ-646     , VietJet Air                            , 20:45         , 14:30       , 17h 45m ,     1,  2322287, TP HCM        , Cần Thơ     , Phổ thông   , 16/11/2025
VJ-648     , VietJet Air                            , 18:15         , 14:30       , 20h 15m ,     1,  2322287, TP HCM        , Cần Thơ     , Phổ thông   , 16/11/2025
QH-154     , "Bamboo Airways, VietJet Air"          , 08:50         , 14:30       , 5h 40m  ,     1,  2533373, TP HCM        , Cần Thơ     , Phổ thông   , 16/11/2025
QH-150     , "Bamboo Airways, VietJet Air"          , 06:15         , 14:30       , 8h 15m  ,     1,  2533373, TP HCM        , Cần Thơ     , Phổ thông   , 16/11/2025
VJ-640     , VietJet Air                            , 21:25         , 14:30       , 17h 5m  ,     1,  2538287, TP HCM        , Cần Thơ     , Phổ thông   , 16/11/2025
VJ-636     , VietJet Air                            , 23:00         , 14:30       , 15h 30m ,     1,  2607224, TP HCM        , Cần Thơ     , Phổ thông   , 16/11/2025
VJ-622     , VietJet Air                            , 07:20         , 14:30       , 7h 10m  ,     1,  2662889, TP HCM        , Cần Thơ     , Phổ thông   , 16/11/2025
VJ-646     , "VietJet Air, Vietnam Airlines"        , 20:45         , 14:55       , 18h 10m ,     1,  2684633, TP HCM        , Cần Thơ     , Phổ thông   , 16/11/2025
VJ-648     , "VietJet Air, Vietnam Airlines"        , 18:15         , 14:55       , 20h 40m ,     1,  2684633, TP HCM        , Cần Thơ     , Phổ thông   , 16/11/2025
VJ-626     , VietJet Air                            , 09:25         , 14:30       , 5h 5m   ,     1,  2831378, TP HCM        , Cần Thơ     , Phổ thông   , 16/11/2025
VJ-321     , "VietJet Air, Vietnam Airlines"        , 06:00         , 14:10       , 8h 10m  ,     1,  2887371, TP HCM        , Cần Thơ     , Phổ thông   , 16/11/2025
VJ-640     , "VietJet Air, Vietnam Airlines"        , 21:25         , 14:55       , 17h 30m ,     1,  2900633, TP HCM        , Cần Thơ     , Phổ thông   , 16/11/2025
VN-106     , "Vietnam Airlines, VietJet Air"        , 06:05         , 14:30       , 8h 25m  ,     1,  2996112, TP HCM        , Cần Thơ     , Phổ thông   , 16/11/2025
VJ-325     , "VietJet Air, Vietnam Airlines"        , 07:30         , 14:10       , 6h 40m  ,     1,  3103371, TP HCM        , Cần Thơ     , Phổ thông   , 16/11/2025
VN-1821    , Vietnam Airlines                       , 05:40         , 14:10       , 8h 30m  ,     1,  3127052, TP HCM        , Cần Thơ     , Phổ thông   , 16/11/2025
VN-110     , "Vietnam Airlines, VietJet Air"        , 07:00         , 14:30       , 7h 30m  ,     1,  3153954, TP HCM        , Cần Thơ     , Phổ thông   , 16/11/2025
VN-112     , "Vietnam Airlines, VietJet Air"        , 08:05         , 14:30       , 6h 25m  ,     1,  3586521, TP HCM        , Cần Thơ     , Phổ thông   , 16/11/2025
VN-6103    , Vietnam Airlines                       , 09:55         , 14:10       , 4h 15m  ,     1,  3586751, TP HCM        , Cần Thơ     , Phổ thông   , 16/11/2025
VN-1823    , Vietnam Airlines                       , 08:10         , 14:10       , 6h 0m   ,     1,  3686251, TP HCM        , Cần Thơ     , Phổ thông   , 16/11/2025
VN-118     , "Vietnam Airlines, VietJet Air"        , 09:05         , 14:30       , 5h 25m  ,     1,  3850257, TP HCM        , Cần Thơ     , Phổ thông   , 16/11/2025
VN-1206    , Vietnam Airlines                       , 19:25         , 21:40       , 2h 15m  ,     0,  3072535, Cần Thơ       , Hà Nội      , Phổ thông   , 13/11/2025
VJ-464     , VietJet Air                            , 20:35         , 22:15       , 1h 40m  ,     0,  1674200, Cần Thơ       , Hà Nội      , Phổ thông   , 13/11/2025
VN-1202    , Vietnam Airlines                       , 14:05         , 16:20       , 2h 15m  ,     0,  4358358, Cần Thơ       , Hà Nội      , Phổ thông   , 13/11/2025
VJ-460     , VietJet Air                            , 08:10         , 10:20       , 2h 10m  ,     0,  4413820, Cần Thơ       , Hà Nội      , Phổ thông   , 13/11/2025
VJ-462     , VietJet Air                            , 13:30         , 15:40       , 2h 10m  ,     0,  4413820, Cần Thơ       , Hà Nội      , Phổ thông   , 13/11/2025
VN-1200    , Vietnam Airlines                       , 09:35         , 11:50       , 2h 15m  ,     0,  4500180, Cần Thơ       , Hà Nội      , Phổ thông   , 13/11/2025
VN-1200    , Vietnam Airlines                       , 09:35         , 11:50       , 2h 15m  ,     0,  4581240, Cần Thơ       , Hà Nội      , Phổ thông   , 13/11/2025
VN-1202    , Vietnam Airlines                       , 14:05         , 16:20       , 2h 15m  ,     0,  4581240, Cần Thơ       , Hà Nội      , Phổ thông   , 13/11/2025
VN-1206    , Vietnam Airlines                       , 19:25         , 21:40       , 2h 15m  ,     0,  4581240, Cần Thơ       , Hà Nội      , Phổ thông   , 13/11/2025
VN-1206    , Vietnam Airlines                       , 19:25         , 21:40       , 2h 15m  ,     0,  4560440, Cần Thơ       , Hà Nội      , Thương gia  , 13/11/2025
VN-1202    , Vietnam Airlines                       , 14:05         , 16:20       , 2h 15m  ,     0,  4560440, Cần Thơ       , Hà Nội      , Thương gia  , 13/11/2025
N/A        , Vietnam Airlines                       , 19:25         , 21:40       , 2h 15m  ,     0,  3072535, Cần Thơ       , Hà Nội      , Phổ thông   , 14/11/2025
N/A        , VietJet Air                            , 20:35         , 22:15       , 1h 40m  ,     0,  1674200, Cần Thơ       , Hà Nội      , Phổ thông   , 14/11/2025
N/A        , Vietnam Airlines                       , 14:05         , 16:20       , 2h 15m  ,     0,  4358358, Cần Thơ       , Hà Nội      , Phổ thông   , 14/11/2025
VJ-460     , VietJet Air                            , 08:10         , 10:20       , 2h 10m  ,     0,  4413820, Cần Thơ       , Hà Nội      , Phổ thông   , 14/11/2025
VJ-462     , VietJet Air                            , 13:30         , 15:40       , 2h 10m  ,     0,  4413820, Cần Thơ       , Hà Nội      , Phổ thông   , 14/11/2025
N/A        , Vietnam Airlines                       , 09:35         , 11:50       , 2h 15m  ,     0,  4500180, Cần Thơ       , Hà Nội      , Phổ thông   , 14/11/2025
N/A        , Vietnam Airlines                       , 09:35         , 11:50       , 2h 15m  ,     0,  4581240, Cần Thơ       , Hà Nội      , Phổ thông   , 14/11/2025
VN-1202    , Vietnam Airlines                       , 14:05         , 16:20       , 2h 15m  ,     0,  4581240, Cần Thơ       , Hà Nội      , Phổ thông   , 14/11/2025
VN-1206    , Vietnam Airlines                       , 19:25         , 21:40       , 2h 15m  ,     0,  4581240, Cần Thơ       , Hà Nội      , Phổ thông   , 14/11/2025
VN-1206    , Vietnam Airlines                       , 19:25         , 21:40       , 2h 15m  ,     0,  4560440, Cần Thơ       , Hà Nội      , Thương gia  , 14/11/2025
VN-1202    , Vietnam Airlines                       , 14:05         , 16:20       , 2h 15m  ,     0,  4560440, Cần Thơ       , Hà Nội      , Thương gia  , 14/11/2025
VN-1206    , Vietnam Airlines                       , 19:25         , 21:40       , 2h 15m  ,     0,  3072535, Cần Thơ       , Hà Nội      , Phổ thông   , 15/11/2025
VJ-464     , VietJet Air                            , 20:35         , 22:15       , 1h 40m  ,     0,  1674200, Cần Thơ       , Hà Nội      , Phổ thông   , 15/11/2025
VN-1202    , Vietnam Airlines                       , 14:05         , 16:20       , 2h 15m  ,     0,  4358358, Cần Thơ       , Hà Nội      , Phổ thông   , 15/11/2025
VJ-460     , VietJet Air                            , 08:10         , 10:20       , 2h 10m  ,     0,  4413820, Cần Thơ       , Hà Nội      , Phổ thông   , 15/11/2025
VJ-462     , VietJet Air                            , 13:30         , 15:40       , 2h 10m  ,     0,  4413820, Cần Thơ       , Hà Nội      , Phổ thông   , 15/11/2025
VN-1200    , Vietnam Airlines                       , 09:35         , 11:50       , 2h 15m  ,     0,  4500180, Cần Thơ       , Hà Nội      , Phổ thông   , 15/11/2025
VN-1200    , Vietnam Airlines                       , 09:35         , 11:50       , 2h 15m  ,     0,  4581240, Cần Thơ       , Hà Nội      , Phổ thông   , 15/11/2025
VN-1202    , Vietnam Airlines                       , 14:05         , 16:20       , 2h 15m  ,     0,  4581240, Cần Thơ       , Hà Nội      , Phổ thông   , 15/11/2025
VN-1206    , Vietnam Airlines                       , 19:25         , 21:40       , 2h 15m  ,     0,  4581240, Cần Thơ       , Hà Nội      , Phổ thông   , 15/11/2025
VN-1206    , Vietnam Airlines                       , 19:25         , 21:40       , 2h 15m  ,     0,  4560440, Cần Thơ       , Hà Nội      , Thương gia  , 15/11/2025
VN-1202    , Vietnam Airlines                       , 14:05         , 16:20       , 2h 15m  ,     0,  4560440, Cần Thơ       , Hà Nội      , Thương gia  , 15/11/2025
VN-1206    , Vietnam Airlines                       , 19:25         , 21:40       , 2h 15m  ,     0,  3072535, Cần Thơ       , Hà Nội      , Phổ thông   , 16/11/2025
VJ-464     , VietJet Air                            , 20:35         , 22:15       , 1h 40m  ,     0,  1674200, Cần Thơ       , Hà Nội      , Phổ thông   , 16/11/2025
VN-1202    , Vietnam Airlines                       , 14:05         , 16:20       , 2h 15m  ,     0,  4358358, Cần Thơ       , Hà Nội      , Phổ thông   , 16/11/2025
VJ-460     , VietJet Air                            , 08:10         , 10:20       , 2h 10m  ,     0,  4413820, Cần Thơ       , Hà Nội      , Phổ thông   , 16/11/2025
VJ-462     , VietJet Air                            , 13:30         , 15:40       , 2h 10m  ,     0,  4413820, Cần Thơ       , Hà Nội      , Phổ thông   , 16/11/2025
VN-1200    , Vietnam Airlines                       , 09:35         , 11:50       , 2h 15m  ,     0,  4500180, Cần Thơ       , Hà Nội      , Phổ thông   , 16/11/2025
VN-1200    , Vietnam Airlines                       , 09:35         , 11:50       , 2h 15m  ,     0,  4581240, Cần Thơ       , Hà Nội      , Phổ thông   , 16/11/2025
VN-1202    , Vietnam Airlines                       , 14:05         , 16:20       , 2h 15m  ,     0,  4581240, Cần Thơ       , Hà Nội      , Phổ thông   , 16/11/2025
VN-1206    , Vietnam Airlines                       , 19:25         , 21:40       , 2h 15m  ,     0,  4581240, Cần Thơ       , Hà Nội      , Phổ thông   , 16/11/2025
VN-1206    , Vietnam Airlines                       , 19:25         , 21:40       , 2h 15m  ,     0,  4560440, Cần Thơ       , Hà Nội      , Thương gia  , 16/11/2025
VN-1202    , Vietnam Airlines                       , 14:05         , 16:20       , 2h 15m  ,     0,  4560440, Cần Thơ       , Hà Nội      , Thương gia  , 16/11/2025
VJ-488     , VietJet Air                            , 18:45         , 20:50       , 2h 5m   ,     0,  1842156, Cần Thơ       , Hải Phòng   , Phổ thông   , 13/11/2025
VJ-464     , VietJet Air                            , 20:35         , 18:30       , 21h 55m ,     2,  4467911, Cần Thơ       , Hải Phòng   , Phổ thông   , 13/11/2025
VJ-464     , VietJet Air                            , 20:35         , 11:40       , 15h 5m  ,     2,  4473329, Cần Thơ       , Hải Phòng   , Phổ thông   , 13/11/2025
VJ-464     , VietJet Air                            , 20:35         , 18:30       , 21h 55m ,     2,  4473329, Cần Thơ       , Hải Phòng   , Phổ thông   , 13/11/2025
VJ-464     , VietJet Air                            , 20:35         , 18:30       , 21h 55m ,     2,  4610075, Cần Thơ       , Hải Phòng   , Phổ thông   , 13/11/2025
VJ-464     , VietJet Air                            , 20:35         , 18:30       , 21h 55m ,     2,  4645655, Cần Thơ       , Hải Phòng   , Phổ thông   , 13/11/2025
VJ-488     , VietJet Air                            , 18:45         , 20:50       , 2h 5m   ,     0,  1842156, Cần Thơ       , Hải Phòng   , Phổ thông   , 14/11/2025
VJ-488     , VietJet Air                            , 18:45         , 20:50       , 2h 5m   ,     0,  3940851, Cần Thơ       , Hải Phòng   , Phổ thông   , 14/11/2025
VJ-464     , VietJet Air                            , 20:35         , 18:30       , 21h 55m ,     2,  4467911, Cần Thơ       , Hải Phòng   , Phổ thông   , 14/11/2025
VJ-464     , VietJet Air                            , 20:35         , 11:40       , 15h 5m  ,     2,  4473329, Cần Thơ       , Hải Phòng   , Phổ thông   , 14/11/2025
VJ-464     , VietJet Air                            , 20:35         , 18:30       , 21h 55m ,     2,  4473329, Cần Thơ       , Hải Phòng   , Phổ thông   , 14/11/2025
VJ-464     , VietJet Air                            , 20:35         , 18:30       , 21h 55m ,     2,  4610075, Cần Thơ       , Hải Phòng   , Phổ thông   , 14/11/2025
VJ-464     , VietJet Air                            , 20:35         , 18:30       , 21h 55m ,     2,  4645655, Cần Thơ       , Hải Phòng   , Phổ thông   , 14/11/2025
VJ-488     , VietJet Air                            , 18:45         , 20:50       , 2h 5m   ,     0,  1842156, Cần Thơ       , Hải Phòng   , Phổ thông   , 15/11/2025
VJ-488     , VietJet Air                            , 18:45         , 20:50       , 2h 5m   ,     0,  3940851, Cần Thơ       , Hải Phòng   , Phổ thông   , 15/11/2025
VJ-464     , VietJet Air                            , 20:35         , 18:30       , 21h 55m ,     2,  4467911, Cần Thơ       , Hải Phòng   , Phổ thông   , 15/11/2025
VJ-464     , VietJet Air                            , 20:35         , 11:40       , 15h 5m  ,     2,  4473329, Cần Thơ       , Hải Phòng   , Phổ thông   , 15/11/2025
VJ-464     , VietJet Air                            , 20:35         , 18:30       , 21h 55m ,     2,  4473329, Cần Thơ       , Hải Phòng   , Phổ thông   , 15/11/2025
VJ-464     , VietJet Air                            , 20:35         , 18:30       , 21h 55m ,     2,  4610075, Cần Thơ       , Hải Phòng   , Phổ thông   , 15/11/2025
VJ-464     , VietJet Air                            , 20:35         , 18:30       , 21h 55m ,     2,  4645655, Cần Thơ       , Hải Phòng   , Phổ thông   , 15/11/2025
VJ-488     , VietJet Air                            , 18:45         , 20:50       , 2h 5m   ,     0,  1842156, Cần Thơ       , Hải Phòng   , Phổ thông   , 16/11/2025
VJ-488     , VietJet Air                            , 18:45         , 20:50       , 2h 5m   ,     0,  3940851, Cần Thơ       , Hải Phòng   , Phổ thông   , 16/11/2025
VJ-464     , VietJet Air                            , 20:35         , 18:30       , 21h 55m ,     2,  4467911, Cần Thơ       , Hải Phòng   , Phổ thông   , 16/11/2025
VJ-464     , VietJet Air                            , 20:35         , 11:40       , 15h 5m  ,     2,  4473329, Cần Thơ       , Hải Phòng   , Phổ thông   , 16/11/2025
VJ-464     , VietJet Air                            , 20:35         , 18:30       , 21h 55m ,     2,  4473329, Cần Thơ       , Hải Phòng   , Phổ thông   , 16/11/2025
VJ-464     , VietJet Air                            , 20:35         , 18:30       , 21h 55m ,     2,  4610075, Cần Thơ       , Hải Phòng   , Phổ thông   , 16/11/2025
VJ-464     , VietJet Air                            , 20:35         , 18:30       , 21h 55m ,     2,  4645655, Cần Thơ       , Hải Phòng   , Phổ thông   , 16/11/2025
VN-1206    , Vietnam Airlines                       , 19:25         , 07:20       , 11h 55m ,     1,  5625051, Cần Thơ       , Đà Nẵng     , Phổ thông   , 13/11/2025
VJ-464     , "VietJet Air, Vietravel Airlines"      , 20:35         , 07:45       , 11h 10m ,     1,  2771735, Cần Thơ       , Đà Nẵng     , Phổ thông   , 13/11/2025
VJ-488     , VietJet Air                            , 18:45         , 13:25       , 18h 40m ,     1,  3239422, Cần Thơ       , Đà Nẵng     , Phổ thông   , 13/11/2025
VJ-488     , VietJet Air                            , 18:45         , 20:15       , 25h 30m ,     1,  3239422, Cần Thơ       , Đà Nẵng     , Phổ thông   , 13/11/2025
VJ-464     , VietJet Air                            , 20:35         , 07:10       , 10h 35m ,     1,  3287572, Cần Thơ       , Đà Nẵng     , Phổ thông   , 13/11/2025
VJ-464     , VietJet Air                            , 20:35         , 11:50       , 15h 15m ,     1,  3583549, Cần Thơ       , Đà Nẵng     , Phổ thông   , 13/11/2025
VJ-464     , VietJet Air                            , 20:35         , 15:40       , 19h 5m  ,     1,  3727722, Cần Thơ       , Đà Nẵng     , Phổ thông   , 13/11/2025
VN-1202    , Vietnam Airlines                       , 14:05         , 22:20       , 8h 15m  ,     1,  5793162, Cần Thơ       , Đà Nẵng     , Phổ thông   , 13/11/2025
VJ-462     , "VietJet Air, Vietnam Airlines"        , 13:30         , 22:20       , 8h 50m  ,     1,  5848624, Cần Thơ       , Đà Nẵng     , Phổ thông   , 13/11/2025
VJ-460     , "VietJet Air, Vietnam Airlines"        , 08:10         , 22:20       , 14h 10m ,     1,  5848624, Cần Thơ       , Đà Nẵng     , Phổ thông   , 13/11/2025
VN-1202    , Vietnam Airlines                       , 14:05         , 07:20       , 17h 15m ,     1,  6775332, Cần Thơ       , Đà Nẵng     , Phổ thông   , 13/11/2025
VN-1200    , Vietnam Airlines                       , 09:35         , 07:20       , 21h 45m ,     1,  7064335, Cần Thơ       , Đà Nẵng     , Phổ thông   , 13/11/2025
VN-1200    , Vietnam Airlines                       , 09:35         , 22:20       , 12h 45m ,     1,  7308275, Cần Thơ       , Đà Nẵng     , Phổ thông   , 13/11/2025
VN-1206    , Vietnam Airlines                       , 19:25         , 09:05       , 13h 40m ,     1,  7638520, Cần Thơ       , Đà Nẵng     , Phổ thông   , 13/11/2025
VN-1206    , Vietnam Airlines                       , 19:25         , 12:15       , 16h 50m ,     1,  7638520, Cần Thơ       , Đà Nẵng     , Phổ thông   , 13/11/2025
VN-1206    , Vietnam Airlines                       , 19:25         , 20:25       , 25h 0m  ,     1,  8373184, Cần Thơ       , Đà Nẵng     , Phổ thông   , 13/11/2025
VN-1206    , Vietnam Airlines                       , 19:25         , 09:40       , 14h 15m ,     1,  8501980, Cần Thơ       , Đà Nẵng     , Phổ thông   , 13/11/2025
VN-1202    , Vietnam Airlines                       , 14:05         , 09:05       , 19h 0m  ,     1,  8501980, Cần Thơ       , Đà Nẵng     , Phổ thông   , 13/11/2025
VN-1202    , Vietnam Airlines                       , 14:05         , 12:15       , 22h 10m ,     1,  8501980, Cần Thơ       , Đà Nẵng     , Phổ thông   , 13/11/2025
VN-1206    , Vietnam Airlines                       , 19:25         , 19:45       , 24h 20m ,     1,  8959962, Cần Thơ       , Đà Nẵng     , Phổ thông   , 13/11/2025
VN-1200    , Vietnam Airlines                       , 09:35         , 09:05       , 23h 30m ,     1,  9075892, Cần Thơ       , Đà Nẵng     , Phổ thông   , 13/11/2025
VN-1200    , Vietnam Airlines                       , 09:35         , 12:15       , 26h 40m ,     1,  9075892, Cần Thơ       , Đà Nẵng     , Phổ thông   , 13/11/2025
VN-1202    , Vietnam Airlines                       , 14:05         , 09:40       , 19h 35m ,     1,  9364896, Cần Thơ       , Đà Nẵng     , Phổ thông   , 13/11/2025
VN-1202    , Vietnam Airlines                       , 14:05         , 11:35       , 21h 30m ,     1,  9652261, Cần Thơ       , Đà Nẵng     , Phổ thông   , 13/11/2025
VN-1200    , Vietnam Airlines                       , 09:35         , 09:40       , 24h 5m  ,     1,  9939080, Cần Thơ       , Đà Nẵng     , Phổ thông   , 13/11/2025
VN-1200    , Vietnam Airlines                       , 09:35         , 11:35       , 26h 0m  ,     1, 10226447, Cần Thơ       , Đà Nẵng     , Phổ thông   , 13/11/2025
VN-1206    , Vietnam Airlines                       , 19:25         , 07:20       , 11h 55m ,     1,  5625051, Cần Thơ       , Đà Nẵng     , Phổ thông   , 14/11/2025
VJ-464     , "VietJet Air, Vietravel Airlines"      , 20:35         , 07:45       , 11h 10m ,     1,  2771735, Cần Thơ       , Đà Nẵng     , Phổ thông   , 14/11/2025
VJ-488     , VietJet Air                            , 18:45         , 13:25       , 18h 40m ,     1,  3239422, Cần Thơ       , Đà Nẵng     , Phổ thông   , 14/11/2025
VJ-488     , VietJet Air                            , 18:45         , 20:15       , 25h 30m ,     1,  3239422, Cần Thơ       , Đà Nẵng     , Phổ thông   , 14/11/2025
VJ-464     , VietJet Air                            , 20:35         , 07:10       , 10h 35m ,     1,  3287572, Cần Thơ       , Đà Nẵng     , Phổ thông   , 14/11/2025
VJ-464     , VietJet Air                            , 20:35         , 11:50       , 15h 15m ,     1,  3583549, Cần Thơ       , Đà Nẵng     , Phổ thông   , 14/11/2025
VJ-464     , VietJet Air                            , 20:35         , 15:40       , 19h 5m  ,     1,  3727722, Cần Thơ       , Đà Nẵng     , Phổ thông   , 14/11/2025
VN-1202    , Vietnam Airlines                       , 14:05         , 22:20       , 8h 15m  ,     1,  5793162, Cần Thơ       , Đà Nẵng     , Phổ thông   , 14/11/2025
VJ-462     , "VietJet Air, Vietnam Airlines"        , 13:30         , 22:20       , 8h 50m  ,     1,  5848624, Cần Thơ       , Đà Nẵng     , Phổ thông   , 14/11/2025
VJ-460     , "VietJet Air, Vietnam Airlines"        , 08:10         , 22:20       , 14h 10m ,     1,  5848624, Cần Thơ       , Đà Nẵng     , Phổ thông   , 14/11/2025
VN-1202    , Vietnam Airlines                       , 14:05         , 07:20       , 17h 15m ,     1,  6775332, Cần Thơ       , Đà Nẵng     , Phổ thông   , 14/11/2025
VN-1200    , Vietnam Airlines                       , 09:35         , 07:20       , 21h 45m ,     1,  7064335, Cần Thơ       , Đà Nẵng     , Phổ thông   , 14/11/2025
VN-1200    , Vietnam Airlines                       , 09:35         , 22:20       , 12h 45m ,     1,  7308275, Cần Thơ       , Đà Nẵng     , Phổ thông   , 14/11/2025
VN-1206    , Vietnam Airlines                       , 19:25         , 09:05       , 13h 40m ,     1,  7638520, Cần Thơ       , Đà Nẵng     , Phổ thông   , 14/11/2025
VN-1206    , Vietnam Airlines                       , 19:25         , 12:15       , 16h 50m ,     1,  7638520, Cần Thơ       , Đà Nẵng     , Phổ thông   , 14/11/2025
VN-1206    , Vietnam Airlines                       , 19:25         , 20:25       , 25h 0m  ,     1,  8373184, Cần Thơ       , Đà Nẵng     , Phổ thông   , 14/11/2025
VN-1206    , Vietnam Airlines                       , 19:25         , 09:40       , 14h 15m ,     1,  8501980, Cần Thơ       , Đà Nẵng     , Phổ thông   , 14/11/2025
VN-1202    , Vietnam Airlines                       , 14:05         , 09:05       , 19h 0m  ,     1,  8501980, Cần Thơ       , Đà Nẵng     , Phổ thông   , 14/11/2025
VN-1202    , Vietnam Airlines                       , 14:05         , 12:15       , 22h 10m ,     1,  8501980, Cần Thơ       , Đà Nẵng     , Phổ thông   , 14/11/2025
VN-1206    , Vietnam Airlines                       , 19:25         , 19:45       , 24h 20m ,     1,  8959962, Cần Thơ       , Đà Nẵng     , Phổ thông   , 14/11/2025
VN-1200    , Vietnam Airlines                       , 09:35         , 09:05       , 23h 30m ,     1,  9075892, Cần Thơ       , Đà Nẵng     , Phổ thông   , 14/11/2025
VN-1200    , Vietnam Airlines                       , 09:35         , 12:15       , 26h 40m ,     1,  9075892, Cần Thơ       , Đà Nẵng     , Phổ thông   , 14/11/2025
VN-1202    , Vietnam Airlines                       , 14:05         , 09:40       , 19h 35m ,     1,  9364896, Cần Thơ       , Đà Nẵng     , Phổ thông   , 14/11/2025
VN-1202    , Vietnam Airlines                       , 14:05         , 11:35       , 21h 30m ,     1,  9652261, Cần Thơ       , Đà Nẵng     , Phổ thông   , 14/11/2025
VN-1200    , Vietnam Airlines                       , 09:35         , 09:40       , 24h 5m  ,     1,  9939080, Cần Thơ       , Đà Nẵng     , Phổ thông   , 14/11/2025
VN-1200    , Vietnam Airlines                       , 09:35         , 11:35       , 26h 0m  ,     1, 10226447, Cần Thơ       , Đà Nẵng     , Phổ thông   , 14/11/2025
VN-1206    , Vietnam Airlines                       , 19:25         , 07:20       , 11h 55m ,     1,  5625051, Cần Thơ       , Đà Nẵng     , Phổ thông   , 15/11/2025
VJ-464     , "VietJet Air, Vietravel Airlines"      , 20:35         , 07:45       , 11h 10m ,     1,  2771735, Cần Thơ       , Đà Nẵng     , Phổ thông   , 15/11/2025
VJ-488     , VietJet Air                            , 18:45         , 13:25       , 18h 40m ,     1,  3239422, Cần Thơ       , Đà Nẵng     , Phổ thông   , 15/11/2025
VJ-488     , VietJet Air                            , 18:45         , 20:15       , 25h 30m ,     1,  3239422, Cần Thơ       , Đà Nẵng     , Phổ thông   , 15/11/2025
VJ-464     , VietJet Air                            , 20:35         , 07:10       , 10h 35m ,     1,  3287572, Cần Thơ       , Đà Nẵng     , Phổ thông   , 15/11/2025
VJ-464     , VietJet Air                            , 20:35         , 11:50       , 15h 15m ,     1,  3583549, Cần Thơ       , Đà Nẵng     , Phổ thông   , 15/11/2025
VJ-464     , VietJet Air                            , 20:35         , 15:40       , 19h 5m  ,     1,  3727722, Cần Thơ       , Đà Nẵng     , Phổ thông   , 15/11/2025
VN-1202    , Vietnam Airlines                       , 14:05         , 22:20       , 8h 15m  ,     1,  5793162, Cần Thơ       , Đà Nẵng     , Phổ thông   , 15/11/2025
VJ-462     , "VietJet Air, Vietnam Airlines"        , 13:30         , 22:20       , 8h 50m  ,     1,  5848624, Cần Thơ       , Đà Nẵng     , Phổ thông   , 15/11/2025
VJ-460     , "VietJet Air, Vietnam Airlines"        , 08:10         , 22:20       , 14h 10m ,     1,  5848624, Cần Thơ       , Đà Nẵng     , Phổ thông   , 15/11/2025
VN-1202    , Vietnam Airlines                       , 14:05         , 07:20       , 17h 15m ,     1,  6775332, Cần Thơ       , Đà Nẵng     , Phổ thông   , 15/11/2025
VN-1200    , Vietnam Airlines                       , 09:35         , 07:20       , 21h 45m ,     1,  7064335, Cần Thơ       , Đà Nẵng     , Phổ thông   , 15/11/2025
VN-1200    , Vietnam Airlines                       , 09:35         , 22:20       , 12h 45m ,     1,  7308275, Cần Thơ       , Đà Nẵng     , Phổ thông   , 15/11/2025
VN-1206    , Vietnam Airlines                       , 19:25         , 09:05       , 13h 40m ,     1,  7638520, Cần Thơ       , Đà Nẵng     , Phổ thông   , 15/11/2025
VN-1206    , Vietnam Airlines                       , 19:25         , 12:15       , 16h 50m ,     1,  7638520, Cần Thơ       , Đà Nẵng     , Phổ thông   , 15/11/2025
VN-1206    , Vietnam Airlines                       , 19:25         , 20:25       , 25h 0m  ,     1,  8373184, Cần Thơ       , Đà Nẵng     , Phổ thông   , 15/11/2025
VN-1206    , Vietnam Airlines                       , 19:25         , 09:40       , 14h 15m ,     1,  8501980, Cần Thơ       , Đà Nẵng     , Phổ thông   , 15/11/2025
VN-1202    , Vietnam Airlines                       , 14:05         , 09:05       , 19h 0m  ,     1,  8501980, Cần Thơ       , Đà Nẵng     , Phổ thông   , 15/11/2025
VN-1202    , Vietnam Airlines                       , 14:05         , 12:15       , 22h 10m ,     1,  8501980, Cần Thơ       , Đà Nẵng     , Phổ thông   , 15/11/2025
VN-1206    , Vietnam Airlines                       , 19:25         , 19:45       , 24h 20m ,     1,  8959962, Cần Thơ       , Đà Nẵng     , Phổ thông   , 15/11/2025
VN-1200    , Vietnam Airlines                       , 09:35         , 09:05       , 23h 30m ,     1,  9075892, Cần Thơ       , Đà Nẵng     , Phổ thông   , 15/11/2025
VN-1200    , Vietnam Airlines                       , 09:35         , 12:15       , 26h 40m ,     1,  9075892, Cần Thơ       , Đà Nẵng     , Phổ thông   , 15/11/2025
VN-1202    , Vietnam Airlines                       , 14:05         , 09:40       , 19h 35m ,     1,  9364896, Cần Thơ       , Đà Nẵng     , Phổ thông   , 15/11/2025
VN-1202    , Vietnam Airlines                       , 14:05         , 11:35       , 21h 30m ,     1,  9652261, Cần Thơ       , Đà Nẵng     , Phổ thông   , 15/11/2025
VN-1200    , Vietnam Airlines                       , 09:35         , 09:40       , 24h 5m  ,     1,  9939080, Cần Thơ       , Đà Nẵng     , Phổ thông   , 15/11/2025
VN-1200    , Vietnam Airlines                       , 09:35         , 11:35       , 26h 0m  ,     1, 10226447, Cần Thơ       , Đà Nẵng     , Phổ thông   , 15/11/2025
VN-1206    , Vietnam Airlines                       , 19:25         , 07:20       , 11h 55m ,     1,  5625051, Cần Thơ       , Đà Nẵng     , Phổ thông   , 16/11/2025
VJ-464     , "VietJet Air, Vietravel Airlines"      , 20:35         , 07:45       , 11h 10m ,     1,  2771735, Cần Thơ       , Đà Nẵng     , Phổ thông   , 16/11/2025
VJ-488     , VietJet Air                            , 18:45         , 13:25       , 18h 40m ,     1,  3239422, Cần Thơ       , Đà Nẵng     , Phổ thông   , 16/11/2025
VJ-488     , VietJet Air                            , 18:45         , 20:15       , 25h 30m ,     1,  3239422, Cần Thơ       , Đà Nẵng     , Phổ thông   , 16/11/2025
VJ-464     , VietJet Air                            , 20:35         , 07:10       , 10h 35m ,     1,  3287572, Cần Thơ       , Đà Nẵng     , Phổ thông   , 16/11/2025
VJ-464     , VietJet Air                            , 20:35         , 11:50       , 15h 15m ,     1,  3583549, Cần Thơ       , Đà Nẵng     , Phổ thông   , 16/11/2025
VJ-464     , VietJet Air                            , 20:35         , 15:40       , 19h 5m  ,     1,  3727722, Cần Thơ       , Đà Nẵng     , Phổ thông   , 16/11/2025
VN-1202    , Vietnam Airlines                       , 14:05         , 22:20       , 8h 15m  ,     1,  5793162, Cần Thơ       , Đà Nẵng     , Phổ thông   , 16/11/2025
VJ-462     , "VietJet Air, Vietnam Airlines"        , 13:30         , 22:20       , 8h 50m  ,     1,  5848624, Cần Thơ       , Đà Nẵng     , Phổ thông   , 16/11/2025
VJ-460     , "VietJet Air, Vietnam Airlines"        , 08:10         , 22:20       , 14h 10m ,     1,  5848624, Cần Thơ       , Đà Nẵng     , Phổ thông   , 16/11/2025
VN-1202    , Vietnam Airlines                       , 14:05         , 07:20       , 17h 15m ,     1,  6775332, Cần Thơ       , Đà Nẵng     , Phổ thông   , 16/11/2025
VN-1200    , Vietnam Airlines                       , 09:35         , 07:20       , 21h 45m ,     1,  7064335, Cần Thơ       , Đà Nẵng     , Phổ thông   , 16/11/2025
VN-1200    , Vietnam Airlines                       , 09:35         , 22:20       , 12h 45m ,     1,  7308275, Cần Thơ       , Đà Nẵng     , Phổ thông   , 16/11/2025
VN-1206    , Vietnam Airlines                       , 19:25         , 09:05       , 13h 40m ,     1,  7638520, Cần Thơ       , Đà Nẵng     , Phổ thông   , 16/11/2025
VN-1206    , Vietnam Airlines                       , 19:25         , 12:15       , 16h 50m ,     1,  7638520, Cần Thơ       , Đà Nẵng     , Phổ thông   , 16/11/2025
VN-1206    , Vietnam Airlines                       , 19:25         , 20:25       , 25h 0m  ,     1,  8373184, Cần Thơ       , Đà Nẵng     , Phổ thông   , 16/11/2025
VN-1206    , Vietnam Airlines                       , 19:25         , 09:40       , 14h 15m ,     1,  8501980, Cần Thơ       , Đà Nẵng     , Phổ thông   , 16/11/2025
VN-1202    , Vietnam Airlines                       , 14:05         , 09:05       , 19h 0m  ,     1,  8501980, Cần Thơ       , Đà Nẵng     , Phổ thông   , 16/11/2025
VN-1202    , Vietnam Airlines                       , 14:05         , 12:15       , 22h 10m ,     1,  8501980, Cần Thơ       , Đà Nẵng     , Phổ thông   , 16/11/2025
VN-1206    , Vietnam Airlines                       , 19:25         , 19:45       , 24h 20m ,     1,  8959962, Cần Thơ       , Đà Nẵng     , Phổ thông   , 16/11/2025
VN-1200    , Vietnam Airlines                       , 09:35         , 09:05       , 23h 30m ,     1,  9075892, Cần Thơ       , Đà Nẵng     , Phổ thông   , 16/11/2025
VN-1200    , Vietnam Airlines                       , 09:35         , 12:15       , 26h 40m ,     1,  9075892, Cần Thơ       , Đà Nẵng     , Phổ thông   , 16/11/2025
VN-1202    , Vietnam Airlines                       , 14:05         , 09:40       , 19h 35m ,     1,  9364896, Cần Thơ       , Đà Nẵng     , Phổ thông   , 16/11/2025
VN-1202    , Vietnam Airlines                       , 14:05         , 11:35       , 21h 30m ,     1,  9652261, Cần Thơ       , Đà Nẵng     , Phổ thông   , 16/11/2025
VN-1200    , Vietnam Airlines                       , 09:35         , 09:40       , 24h 5m  ,     1,  9939080, Cần Thơ       , Đà Nẵng     , Phổ thông   , 16/11/2025
VN-1200    , Vietnam Airlines                       , 09:35         , 11:35       , 26h 0m  ,     1, 10226447, Cần Thơ       , Đà Nẵng     , Phổ thông   , 16/11/2025
VJ-464     , "VietJet Air, Vietnam Airlines"        , 20:35         , 07:15       , 10h 40m ,     1,  3283947, Cần Thơ       , Phú Bài     , Phổ thông   , 13/11/2025
VJ-464     , "VietJet Air, Vietnam Airlines"        , 20:35         , 18:30       , 21h 55m ,     1,  3634400, Cần Thơ       , Phú Bài     , Phổ thông   , 13/11/2025
VJ-464     , VietJet Air                            , 20:35         , 20:30       , 23h 55m ,     1,  3823092, Cần Thơ       , Phú Bài     , Phổ thông   , 13/11/2025
VJ-464     , VietJet Air                            , 20:35         , 11:20       , 14h 45m ,     1,  4113990, Cần Thơ       , Phú Bài     , Phổ thông   , 13/11/2025
VN-1206    , Vietnam Airlines                       , 19:25         , 07:15       , 11h 50m ,     1,  4682282, Cần Thơ       , Phú Bài     , Phổ thông   , 13/11/2025
VJ-464     , VietJet Air                            , 20:35         , 21:40       , 25h 5m  ,     2,  4815465, Cần Thơ       , Phú Bài     , Phổ thông   , 13/11/2025
VJ-464     , VietJet Air                            , 20:35         , 22:30       , 25h 55m ,     2,  4815465, Cần Thơ       , Phú Bài     , Phổ thông   , 13/11/2025
VN-1202    , "Vietnam Airlines, VietJet Air"        , 14:05         , 20:30       , 6h 25m  ,     1,  6827998, Cần Thơ       , Phú Bài     , Phổ thông   , 13/11/2025
VJ-462     , VietJet Air                            , 13:30         , 20:30       , 7h 0m   ,     1,  6883460, Cần Thơ       , Phú Bài     , Phổ thông   , 13/11/2025
VJ-464     , "VietJet Air, Vietnam Airlines"        , 20:35         , 07:15       , 10h 40m ,     1,  3283947, Cần Thơ       , Phú Bài     , Phổ thông   , 14/11/2025
VJ-464     , "VietJet Air, Vietnam Airlines"        , 20:35         , 18:30       , 21h 55m ,     1,  3634400, Cần Thơ       , Phú Bài     , Phổ thông   , 14/11/2025
VJ-464     , VietJet Air                            , 20:35         , 20:30       , 23h 55m ,     1,  3823092, Cần Thơ       , Phú Bài     , Phổ thông   , 14/11/2025
VJ-464     , VietJet Air                            , 20:35         , 11:20       , 14h 45m ,     1,  4113990, Cần Thơ       , Phú Bài     , Phổ thông   , 14/11/2025
VN-1206    , Vietnam Airlines                       , 19:25         , 07:15       , 11h 50m ,     1,  4682282, Cần Thơ       , Phú Bài     , Phổ thông   , 14/11/2025
VJ-464     , VietJet Air                            , 20:35         , 21:40       , 25h 5m  ,     2,  4815465, Cần Thơ       , Phú Bài     , Phổ thông   , 14/11/2025
VJ-464     , VietJet Air                            , 20:35         , 22:30       , 25h 55m ,     2,  4815465, Cần Thơ       , Phú Bài     , Phổ thông   , 14/11/2025
VN-1202    , "Vietnam Airlines, VietJet Air"        , 14:05         , 20:30       , 6h 25m  ,     1,  6827998, Cần Thơ       , Phú Bài     , Phổ thông   , 14/11/2025
VJ-462     , VietJet Air                            , 13:30         , 20:30       , 7h 0m   ,     1,  6883460, Cần Thơ       , Phú Bài     , Phổ thông   , 14/11/2025
VJ-464     , "VietJet Air, Vietnam Airlines"        , 20:35         , 07:15       , 10h 40m ,     1,  3283947, Cần Thơ       , Phú Bài     , Phổ thông   , 15/11/2025
VJ-464     , "VietJet Air, Vietnam Airlines"        , 20:35         , 18:30       , 21h 55m ,     1,  3634400, Cần Thơ       , Phú Bài     , Phổ thông   , 15/11/2025
VJ-464     , VietJet Air                            , 20:35         , 20:30       , 23h 55m ,     1,  3823092, Cần Thơ       , Phú Bài     , Phổ thông   , 15/11/2025
VJ-464     , VietJet Air                            , 20:35         , 11:20       , 14h 45m ,     1,  4113990, Cần Thơ       , Phú Bài     , Phổ thông   , 15/11/2025
VN-1206    , Vietnam Airlines                       , 19:25         , 07:15       , 11h 50m ,     1,  4682282, Cần Thơ       , Phú Bài     , Phổ thông   , 15/11/2025
VJ-464     , VietJet Air                            , 20:35         , 21:40       , 25h 5m  ,     2,  4815465, Cần Thơ       , Phú Bài     , Phổ thông   , 15/11/2025
VJ-464     , VietJet Air                            , 20:35         , 22:30       , 25h 55m ,     2,  4815465, Cần Thơ       , Phú Bài     , Phổ thông   , 15/11/2025
VN-1202    , "Vietnam Airlines, VietJet Air"        , 14:05         , 20:30       , 6h 25m  ,     1,  6827998, Cần Thơ       , Phú Bài     , Phổ thông   , 15/11/2025
VJ-462     , VietJet Air                            , 13:30         , 20:30       , 7h 0m   ,     1,  6883460, Cần Thơ       , Phú Bài     , Phổ thông   , 15/11/2025
VJ-464     , "VietJet Air, Vietnam Airlines"        , 20:35         , 07:15       , 10h 40m ,     1,  3283947, Cần Thơ       , Phú Bài     , Phổ thông   , 16/11/2025
VJ-464     , "VietJet Air, Vietnam Airlines"        , 20:35         , 18:30       , 21h 55m ,     1,  3634400, Cần Thơ       , Phú Bài     , Phổ thông   , 16/11/2025
VJ-464     , VietJet Air                            , 20:35         , 20:30       , 23h 55m ,     1,  3823092, Cần Thơ       , Phú Bài     , Phổ thông   , 16/11/2025
VJ-464     , VietJet Air                            , 20:35         , 11:20       , 14h 45m ,     1,  4113990, Cần Thơ       , Phú Bài     , Phổ thông   , 16/11/2025
VN-1206    , Vietnam Airlines                       , 19:25         , 07:15       , 11h 50m ,     1,  4682282, Cần Thơ       , Phú Bài     , Phổ thông   , 16/11/2025
VJ-464     , VietJet Air                            , 20:35         , 21:40       , 25h 5m  ,     2,  4815465, Cần Thơ       , Phú Bài     , Phổ thông   , 16/11/2025
VJ-464     , VietJet Air                            , 20:35         , 22:30       , 25h 55m ,     2,  4815465, Cần Thơ       , Phú Bài     , Phổ thông   , 16/11/2025
VN-1202    , "Vietnam Airlines, VietJet Air"        , 14:05         , 20:30       , 6h 25m  ,     1,  6827998, Cần Thơ       , Phú Bài     , Phổ thông   , 16/11/2025
VJ-462     , VietJet Air                            , 13:30         , 20:30       , 7h 0m   ,     1,  6883460, Cần Thơ       , Phú Bài     , Phổ thông   , 16/11/2025
VJ-464     , "VietJet Air, Vietravel Airlines"      , 20:35         , 12:20       , 15h 45m ,     1,  3221475, Cần Thơ       , TP HCM      , Phổ thông   , 13/11/2025
VJ-464     , "VietJet Air, Vietravel Airlines"      , 20:35         , 13:05       , 16h 30m ,     1,  3221475, Cần Thơ       , TP HCM      , Phổ thông   , 13/11/2025
VJ-464     , "VietJet Air, Vietravel Airlines"      , 20:35         , 22:25       , 25h 50m ,     1,  3221475, Cần Thơ       , TP HCM      , Phổ thông   , 13/11/2025
VJ-464     , VietJet Air                            , 20:35         , 17:30       , 20h 55m ,     1,  3228800, Cần Thơ       , TP HCM      , Phổ thông   , 13/11/2025
VJ-464     , "VietJet Air, Vietravel Airlines"      , 20:35         , 11:05       , 14h 30m ,     1,  3356795, Cần Thơ       , TP HCM      , Phổ thông   , 13/11/2025
VJ-464     , "VietJet Air, Vietravel Airlines"      , 20:35         , 18:25       , 21h 50m ,     1,  3356795, Cần Thơ       , TP HCM      , Phổ thông   , 13/11/2025
VJ-464     , "VietJet Air, SUN PhuQuoc AIRWAYS"     , 20:35         , 21:05       , 24h 30m ,     1,  3570154, Cần Thơ       , TP HCM      , Phổ thông   , 13/11/2025
VN-1202    , "Vietnam Airlines, Vietravel Airlines" , 14:05         , 22:25       , 8h 20m  ,     1,  6040953, Cần Thơ       , TP HCM      , Phổ thông   , 13/11/2025
VN-1202    , "Vietnam Airlines, Vietravel Airlines" , 14:05         , 23:20       , 9h 15m  ,     1,  6040953, Cần Thơ       , TP HCM      , Phổ thông   , 13/11/2025
VJ-464     , "VietJet Air, Vietravel Airlines"      , 20:35         , 12:20       , 15h 45m ,     1,  3221475, Cần Thơ       , TP HCM      , Phổ thông   , 14/11/2025
VJ-464     , "VietJet Air, Vietravel Airlines"      , 20:35         , 13:05       , 16h 30m ,     1,  3221475, Cần Thơ       , TP HCM      , Phổ thông   , 14/11/2025
VJ-464     , "VietJet Air, Vietravel Airlines"      , 20:35         , 22:25       , 25h 50m ,     1,  3221475, Cần Thơ       , TP HCM      , Phổ thông   , 14/11/2025
VJ-464     , VietJet Air                            , 20:35         , 17:30       , 20h 55m ,     1,  3228800, Cần Thơ       , TP HCM      , Phổ thông   , 14/11/2025
VJ-464     , "VietJet Air, Vietravel Airlines"      , 20:35         , 11:05       , 14h 30m ,     1,  3356795, Cần Thơ       , TP HCM      , Phổ thông   , 14/11/2025
VJ-464     , "VietJet Air, Vietravel Airlines"      , 20:35         , 18:25       , 21h 50m ,     1,  3356795, Cần Thơ       , TP HCM      , Phổ thông   , 14/11/2025
VJ-464     , "VietJet Air, SUN PhuQuoc AIRWAYS"     , 20:35         , 21:05       , 24h 30m ,     1,  3570154, Cần Thơ       , TP HCM      , Phổ thông   , 14/11/2025
VN-1202    , "Vietnam Airlines, Vietravel Airlines" , 14:05         , 22:25       , 8h 20m  ,     1,  6040953, Cần Thơ       , TP HCM      , Phổ thông   , 14/11/2025
VN-1202    , "Vietnam Airlines, Vietravel Airlines" , 14:05         , 23:20       , 9h 15m  ,     1,  6040953, Cần Thơ       , TP HCM      , Phổ thông   , 14/11/2025
VN-1202    , "Vietnam Airlines, VietJet Air"        , 14:05         , 20:30       , 6h 25m  ,     1,  6210514, Cần Thơ       , TP HCM      , Phổ thông   , 14/11/2025
VN-1202    , "Vietnam Airlines, VietJet Air"        , 14:05         , 20:40       , 6h 35m  ,     1,  6210514, Cần Thơ       , TP HCM      , Phổ thông   , 14/11/2025
VN-1202    , "Vietnam Airlines, VietJet Air"        , 14:05         , 21:15       , 7h 10m  ,     1,  6210514, Cần Thơ       , TP HCM      , Phổ thông   , 14/11/2025
VJ-462     , VietJet Air                            , 13:30         , 20:30       , 7h 0m   ,     1,  6265976, Cần Thơ       , TP HCM      , Phổ thông   , 14/11/2025
VJ-462     , VietJet Air                            , 13:30         , 20:40       , 7h 10m  ,     1,  6265976, Cần Thơ       , TP HCM      , Phổ thông   , 14/11/2025
VJ-462     , VietJet Air                            , 13:30         , 21:15       , 7h 45m  ,     1,  6265976, Cần Thơ       , TP HCM      , Phổ thông   , 14/11/2025
VN-1202    , "Vietnam Airlines, SUN PhuQuoc AIRWAYS", 14:05         , 21:05       , 7h 0m   ,     1,  6329503, Cần Thơ       , TP HCM      , Phổ thông   , 14/11/2025
VJ-462     , "VietJet Air, SUN PhuQuoc AIRWAYS"     , 13:30         , 21:05       , 7h 35m  ,     1,  6384965, Cần Thơ       , TP HCM      , Phổ thông   , 14/11/2025
VN-1200    , "Vietnam Airlines, SUN PhuQuoc AIRWAYS", 09:35         , 17:25       , 7h 50m  ,     1,  6874499, Cần Thơ       , TP HCM      , Phổ thông   , 14/11/2025
VJ-464     , "VietJet Air, Vietravel Airlines"      , 20:35         , 12:20       , 15h 45m ,     1,  3221475, Cần Thơ       , TP HCM      , Phổ thông   , 15/11/2025
VJ-464     , "VietJet Air, Vietravel Airlines"      , 20:35         , 13:05       , 16h 30m ,     1,  3221475, Cần Thơ       , TP HCM      , Phổ thông   , 15/11/2025
VJ-464     , "VietJet Air, Vietravel Airlines"      , 20:35         , 22:25       , 25h 50m ,     1,  3221475, Cần Thơ       , TP HCM      , Phổ thông   , 15/11/2025
VJ-464     , VietJet Air                            , 20:35         , 22:15       , 25h 40m ,     1,  3282208, Cần Thơ       , TP HCM      , Phổ thông   , 15/11/2025
VJ-464     , "VietJet Air, Vietravel Airlines"      , 20:35         , 11:05       , 14h 30m ,     1,  3356795, Cần Thơ       , TP HCM      , Phổ thông   , 15/11/2025
VJ-464     , "VietJet Air, Vietravel Airlines"      , 20:35         , 18:25       , 21h 50m ,     1,  3356795, Cần Thơ       , TP HCM      , Phổ thông   , 15/11/2025
VJ-464     , "VietJet Air, SUN PhuQuoc AIRWAYS"     , 20:35         , 21:05       , 24h 30m ,     1,  3570154, Cần Thơ       , TP HCM      , Phổ thông   , 15/11/2025
VN-1202    , "Vietnam Airlines, Vietravel Airlines" , 14:05         , 22:25       , 8h 20m  ,     1,  6040953, Cần Thơ       , TP HCM      , Phổ thông   , 15/11/2025
VN-1202    , "Vietnam Airlines, Vietravel Airlines" , 14:05         , 23:20       , 9h 15m  ,     1,  6040953, Cần Thơ       , TP HCM      , Phổ thông   , 15/11/2025
VN-1202    , "Vietnam Airlines, VietJet Air"        , 14:05         , 20:30       , 6h 25m  ,     1,  6210514, Cần Thơ       , TP HCM      , Phổ thông   , 15/11/2025
VN-1202    , "Vietnam Airlines, VietJet Air"        , 14:05         , 20:40       , 6h 35m  ,     1,  6210514, Cần Thơ       , TP HCM      , Phổ thông   , 15/11/2025
VN-1202    , "Vietnam Airlines, VietJet Air"        , 14:05         , 21:15       , 7h 10m  ,     1,  6210514, Cần Thơ       , TP HCM      , Phổ thông   , 15/11/2025
VJ-462     , VietJet Air                            , 13:30         , 20:30       , 7h 0m   ,     1,  6265976, Cần Thơ       , TP HCM      , Phổ thông   , 15/11/2025
VJ-462     , VietJet Air                            , 13:30         , 20:40       , 7h 10m  ,     1,  6265976, Cần Thơ       , TP HCM      , Phổ thông   , 15/11/2025
VJ-462     , VietJet Air                            , 13:30         , 21:15       , 7h 45m  ,     1,  6265976, Cần Thơ       , TP HCM      , Phổ thông   , 15/11/2025
VN-1202    , "Vietnam Airlines, SUN PhuQuoc AIRWAYS", 14:05         , 21:05       , 7h 0m   ,     1,  6329503, Cần Thơ       , TP HCM      , Phổ thông   , 15/11/2025
VJ-462     , "VietJet Air, SUN PhuQuoc AIRWAYS"     , 13:30         , 21:05       , 7h 35m  ,     1,  6384965, Cần Thơ       , TP HCM      , Phổ thông   , 15/11/2025
VN-1200    , "Vietnam Airlines, SUN PhuQuoc AIRWAYS", 09:35         , 17:25       , 7h 50m  ,     1,  6874499, Cần Thơ       , TP HCM      , Phổ thông   , 15/11/2025
VJ-464     , "VietJet Air, Vietravel Airlines"      , 20:35         , 12:20       , 15h 45m ,     1,  3221475, Cần Thơ       , TP HCM      , Phổ thông   , 16/11/2025
VJ-464     , "VietJet Air, Vietravel Airlines"      , 20:35         , 13:05       , 16h 30m ,     1,  3221475, Cần Thơ       , TP HCM      , Phổ thông   , 16/11/2025
VJ-464     , "VietJet Air, Vietravel Airlines"      , 20:35         , 22:25       , 25h 50m ,     1,  3221475, Cần Thơ       , TP HCM      , Phổ thông   , 16/11/2025
VJ-464     , VietJet Air                            , 20:35         , 22:15       , 25h 40m ,     1,  3282208, Cần Thơ       , TP HCM      , Phổ thông   , 16/11/2025
VJ-464     , "VietJet Air, Vietravel Airlines"      , 20:35         , 11:05       , 14h 30m ,     1,  3356795, Cần Thơ       , TP HCM      , Phổ thông   , 16/11/2025
VJ-464     , "VietJet Air, Vietravel Airlines"      , 20:35         , 18:25       , 21h 50m ,     1,  3356795, Cần Thơ       , TP HCM      , Phổ thông   , 16/11/2025
VJ-464     , "VietJet Air, SUN PhuQuoc AIRWAYS"     , 20:35         , 21:05       , 24h 30m ,     1,  3570154, Cần Thơ       , TP HCM      , Phổ thông   , 16/11/2025
VN-1202    , "Vietnam Airlines, Vietravel Airlines" , 14:05         , 22:25       , 8h 20m  ,     1,  6040953, Cần Thơ       , TP HCM      , Phổ thông   , 16/11/2025
VN-1202    , "Vietnam Airlines, Vietravel Airlines" , 14:05         , 23:20       , 9h 15m  ,     1,  6040953, Cần Thơ       , TP HCM      , Phổ thông   , 16/11/2025
VN-1202    , "Vietnam Airlines, VietJet Air"        , 14:05         , 20:30       , 6h 25m  ,     1,  6210514, Cần Thơ       , TP HCM      , Phổ thông   , 16/11/2025
VN-1202    , "Vietnam Airlines, VietJet Air"        , 14:05         , 20:40       , 6h 35m  ,     1,  6210514, Cần Thơ       , TP HCM      , Phổ thông   , 16/11/2025
VN-1202    , "Vietnam Airlines, VietJet Air"        , 14:05         , 21:15       , 7h 10m  ,     1,  6210514, Cần Thơ       , TP HCM      , Phổ thông   , 16/11/2025
VJ-462     , VietJet Air                            , 13:30         , 20:30       , 7h 0m   ,     1,  6265976, Cần Thơ       , TP HCM      , Phổ thông   , 16/11/2025
VJ-462     , VietJet Air                            , 13:30         , 20:40       , 7h 10m  ,     1,  6265976, Cần Thơ       , TP HCM      , Phổ thông   , 16/11/2025
VJ-462     , VietJet Air                            , 13:30         , 21:15       , 7h 45m  ,     1,  6265976, Cần Thơ       , TP HCM      , Phổ thông   , 16/11/2025
VN-1202    , "Vietnam Airlines, SUN PhuQuoc AIRWAYS", 14:05         , 21:05       , 7h 0m   ,     1,  6329503, Cần Thơ       , TP HCM      , Phổ thông   , 16/11/2025
VJ-462     , "VietJet Air, SUN PhuQuoc AIRWAYS"     , 13:30         , 21:05       , 7h 35m  ,     1,  6384965, Cần Thơ       , TP HCM      , Phổ thông   , 16/11/2025
VN-1200    , "Vietnam Airlines, SUN PhuQuoc AIRWAYS", 09:35         , 17:25       , 7h 50m  ,     1,  6874499, Cần Thơ       , TP HCM      , Phổ thông   , 16/11/2025
